ratio,n_baseline_events,n_detected_events,detection_rate_on_baseline_events,classification_accuracy_on_detected_events,binned_count_accuracy_micro,binned_count_accuracy_macro,matched_spikes_after_binning,baseline_spikes_for_binning,bin_size_seconds
0.10,137378,15848,0.11536053807742142,0.23826350328117113,0.5765862819458295,0.5456196730645646,79212,137381,1.0
0.20,137378,15570,0.11333692439837528,0.2357096981374438,0.7418638676381741,0.6600072788589829,101918,137381,1.0
0.30,137378,15583,0.11343155381502133,0.2333311942501444,0.7520253892459656,0.6697004431379966,103314,137381,1.0
0.50,137378,15896,0.11570993900042219,0.23314041268243582,0.750067330999192,0.6675771879884012,103045,137381,1.0
0.70,137378,15938,0.11601566480804787,0.23390638725059607,0.7499144714334588,0.6674471527344182,103024,137381,1.0
