ratio,n_baseline_events,n_detected_events,detection_rate_on_baseline_events,classification_accuracy_on_detected_events,overall_same_event_accuracy
0.10,137378,15848,0.11536053807742142,0.23826350328117113,0.027486205942727365
0.20,137378,15570,0.11333692439837528,0.2357096981374438,0.02671461223776733
0.30,137378,15583,0.11343155381502133,0.2333311942501444,0.02646711991730845
0.50,137378,15896,0.11570993900042219,0.23314041268243582,0.02697666293001791
0.70,137378,15938,0.11601566480804787,0.23390638725059607,0.027136805019726595
