recv_time_ns,seq,send_ts_us,payload_bytes,frame_bytes,arrival_interval_ms
1785338432771323100,253263,23163701240,4096,4110,
1785338432875423900,253264,23163752118,4096,4110,104.1008
1785338432881704400,253265,23163802121,4096,4110,6.2805
1785338432974043700,253266,23163852118,4096,4110,92.3393
1785338433063327600,253267,23163902118,4096,4110,89.2839
1785338433071221800,253268,23163952118,4096,4110,7.8942
1785338433078085700,253269,23164002127,4096,4110,6.8639
1785338433167911400,253270,23164052118,4096,4110,89.8257
1785338433266215300,253271,23164102124,4096,4110,98.3039
1785338433271601400,253272,23164152118,4096,4110,5.3861
1785338433276772000,253273,23164204539,4096,4110,5.1706
1785338433373318800,253274,23164252118,4096,4110,96.5468
1785338433385576200,253275,23164302118,4096,4110,12.2574
1785338433481866300,253276,23164352118,4096,4110,96.2901
1785338433491130500,253277,23164402118,4096,4110,9.2642
1785338433569098700,253278,23164452118,4096,4110,77.9682
1785338433667688700,253279,23164502118,4096,4110,98.59
1785338433674564100,253280,23164552118,4096,4110,6.8754
1785338433680062100,253281,23164608816,4096,4110,5.498
1785338433770418300,253282,23164652118,4096,4110,90.3562
1785338433920206100,253283,23164702118,4096,4110,149.7878
1785338433927170800,253284,23164752118,4096,4110,6.9647
1785338433930805900,253285,23164802118,4096,4110,3.6351
1785338433934245500,253286,23164852118,4096,4110,3.4396
1785338433996350100,253287,23164902118,4096,4110,62.1046
1785338434069218000,253288,23164952118,4096,4110,72.8679
1785338434077663900,253289,23165002118,4096,4110,8.4459
1785338434118004100,253290,23165052118,4096,4110,40.3402
1785338434174473100,253291,23165102118,4096,4110,56.469
1785338434276056700,253292,23165152118,4096,4110,101.5836
1785338434283253600,253293,23165202118,4096,4110,7.1969
1785338434319631800,253294,23165252118,4096,4110,36.3782
1785338434383578600,253295,23165302118,4096,4110,63.9468
1785338434484772700,253296,23165352118,4096,4110,101.1941
1785338434498508100,253297,23165402118,4096,4110,13.7354
1785338434523510100,253298,23165452118,4096,4110,25.002
1785338434591504000,253299,23165502118,4096,4110,67.9939
1785338434690139900,253300,23165552118,4096,4110,98.6359
1785338434700365900,253301,23165602118,4096,4110,10.226
1785338434725695800,253302,23165652118,4096,4110,25.3299
1785338434917409700,253303,23165702118,4096,4110,191.7139
1785338434932054500,253304,23165752118,4096,4110,14.6448
1785338434943972000,253305,23165802118,4096,4110,11.9175
1785338434956067500,253306,23165852118,4096,4110,12.0955
1785338434996486000,253307,23165902118,4096,4110,40.4185
1785338435097495500,253308,23165952118,4096,4110,101.0095
1785338435110567000,253309,23166002118,4096,4110,13.0715
1785338435136412000,253310,23166052118,4096,4110,25.845
1785338435201227700,253311,23166102118,4096,4110,64.8157
1785338435302033900,253312,23166152118,4096,4110,100.8062
1785338435318780900,253313,23166202118,4096,4110,16.747
1785338435332350500,253314,23166252118,4096,4110,13.5696
1785338435402101200,253315,23166302118,4096,4110,69.7507
1785338435506803000,253316,23166352118,4096,4110,104.7018
1785338435523887200,253317,23166402118,4096,4110,17.0842
1785338435590575100,253318,23166452118,4096,4110,66.6879
1785338435620604600,253319,23166502118,4096,4110,30.0295
1785338435711887500,253320,23166552118,4096,4110,91.2829
1785338435721169100,253321,23166602118,4096,4110,9.2816
1785338435730945200,253322,23166652118,4096,4110,9.7761
1785338435943080200,253323,23166702119,4096,4110,212.135
1785338435959537700,253324,23166752118,4096,4110,16.4575
1785338435972943800,253325,23166802118,4096,4110,13.4061
1785338435985951700,253326,23166852118,4096,4110,13.0079
1785338436015462800,253327,23166902120,4096,4110,29.5111
1785338436068972800,253328,23166952118,4096,4110,53.51
1785338436124260500,253329,23167002127,4096,4110,55.2877
1785338436139254700,253330,23167052118,4096,4110,14.9942
1785338436174085500,253331,23167102118,4096,4110,34.8308
1785338436272072200,253332,23167152118,4096,4110,97.9867
1785338436285968300,253333,23167202118,4096,4110,13.8961
1785338436327885700,253334,23167252118,4096,4110,41.9174
1785338436377499800,253335,23167302118,4096,4110,49.6141
1785338436429229700,253336,23167352118,4096,4110,51.7299
1785338436528312300,253337,23167402118,4096,4110,99.0826
1785338436541999500,253338,23167452118,4096,4110,13.6872
1785338436574235600,253339,23167502118,4096,4110,32.2361
1785338436639454100,253340,23167552118,4096,4110,65.2185
1785338436734258500,253341,23167602118,4096,4110,94.8044
1785338436748276100,253342,23167652118,4096,4110,14.0176
1785338436776635400,253343,23167702118,4096,4110,28.3593
1785338436980133900,253344,23167752118,4096,4110,203.4985
1785338436997511500,253345,23167802118,4096,4110,17.3776
1785338437008743500,253346,23167852118,4096,4110,11.232
1785338437020557900,253347,23167902118,4096,4110,11.8144
1785338437046575200,253348,23167952118,4096,4110,26.0173
1785338437144650600,253349,23168002118,4096,4110,98.0754
1785338437156560800,253350,23168052118,4096,4110,11.9102
1785338437179251300,253351,23168102118,4096,4110,22.6905
1785338437247441000,253352,23168152118,4096,4110,68.1897
1785338437346164700,253353,23168202118,4096,4110,98.7237
1785338437355877000,253354,23168252118,4096,4110,9.7123
1785338437381326100,253355,23168302118,4096,4110,25.4491
1785338437452918100,253356,23168352118,4096,4110,71.592
1785338437552918900,253357,23168402118,4096,4110,100.0008
1785338437563451700,253358,23168452118,4096,4110,10.5328
1785338437574067100,253359,23168502118,4096,4110,10.6154
1785338437656414100,253360,23168552118,4096,4110,82.347
1785338437755879000,253361,23168602118,4096,4110,99.4649
1785338437766858700,253362,23168652118,4096,4110,10.9797
1785338437776909300,253363,23168702118,4096,4110,10.0506
1785338438060029900,253364,23168752118,4096,4110,283.1206
1785338438075360800,253365,23168802118,4096,4110,15.3309
1785338438087259400,253366,23168852118,4096,4110,11.8986
1785338438095604900,253367,23168901316,4096,4110,8.3455
1785338438105976100,253368,23168952118,4096,4110,10.3712
1785338438116037100,253369,23169002118,4096,4110,10.061
1785338438128647900,253370,23169052118,4096,4110,12.6108
1785338438173986400,253371,23169102121,4096,4110,45.3385
1785338438221434900,253372,23169152118,4096,4110,47.4485
1785338438320343600,253373,23169202118,4096,4110,98.9087
1785338438332253300,253374,23169252118,4096,4110,11.9097
1785338438373847000,253375,23169302118,4096,4110,41.5937
1785338438426684700,253376,23169352118,4096,4110,52.8377
1785338438521655800,253377,23169402118,4096,4110,94.9711
1785338438535825700,253378,23169452118,4096,4110,14.1699
1785338438596024000,253379,23169502118,4096,4110,60.1983
1785338438682582100,253380,23169552118,4096,4110,86.5581
1785338438716278300,253381,23169602118,4096,4110,33.6962
1785338438729254300,253382,23169652119,4096,4110,12.976
1785338438789634000,253383,23169702118,4096,4110,60.3797
1785338438886301800,253384,23169752118,4096,4110,96.6678
1785338439033257900,253385,23169802118,4096,4110,146.9561
1785338439045980000,253386,23169852118,4096,4110,12.7221
1785338439055519800,253387,23169902118,4096,4110,9.5398
1785338439089311100,253388,23169952118,4096,4110,33.7913
1785338439099523200,253389,23170002118,4096,4110,10.2121
1785338439122572800,253390,23170052118,4096,4110,23.0496
1785338439203390000,253391,23170102118,4096,4110,80.8172
1785338439227235200,253392,23170152118,4096,4110,23.8452
1785338439302982800,253393,23170202118,4096,4110,75.7476
1785338439406057500,253394,23170252118,4096,4110,103.0747
1785338439415497600,253395,23170302118,4096,4110,9.4401
1785338439426814000,253396,23170352118,4096,4110,11.3164
1785338439505180000,253397,23170402118,4096,4110,78.366
1785338439609650100,253398,23170452118,4096,4110,104.4701
1785338439626696600,253399,23170502118,4096,4110,17.0465
1785338439642654200,253400,23170552118,4096,4110,15.9576
1785338439719403000,253401,23170602118,4096,4110,76.7488
1785338439817424800,253402,23170652118,4096,4110,98.0218
1785338439834173800,253403,23170702118,4096,4110,16.749
1785338439849400800,253404,23170752118,4096,4110,15.227
1785338440047521100,253405,23170802118,4096,4110,198.1203
1785338440066691700,253406,23170852118,4096,4110,19.1706
1785338440082632000,253407,23170902118,4096,4110,15.9403
1785338440095031300,253408,23170951311,4096,4110,12.3993
1785338440124421800,253409,23171002118,4096,4110,29.3905
1785338440140502900,253410,23171052118,4096,4110,16.0811
1785338440223194900,253411,23171102118,4096,4110,82.692
1785338440274976900,253412,23171152118,4096,4110,51.782
1785338440291922800,253413,23171202118,4096,4110,16.9459
1785338440326708500,253414,23171252118,4096,4110,34.7857
1785338440427365300,253415,23171302118,4096,4110,100.6568
1785338440464304900,253416,23171352118,4096,4110,36.9396
1785338440525174600,253417,23171402118,4096,4110,60.8697
1785338440535226100,253418,23171452118,4096,4110,10.0515
1785338440607211000,253419,23171502118,4096,4110,71.9849
1785338440626779000,253420,23171552118,4096,4110,19.568
1785338440687093200,253421,23171602118,4096,4110,60.3142
1785338440734555100,253422,23171652118,4096,4110,47.4619
1785338440774980600,253423,23171702118,4096,4110,40.4255
1785338440844947400,253424,23171752118,4096,4110,69.9668
1785338440964136100,253425,23171802118,4096,4110,119.1887
1785338441134732500,253426,23171852118,4096,4110,170.5964
1785338441204212800,253427,23171902118,4096,4110,69.4803
1785338441212852400,253428,23171952118,4096,4110,8.6396
1785338441223217400,253429,23172002118,4096,4110,10.365
1785338441233278900,253430,23172052118,4096,4110,10.0615
1785338441242954500,253431,23172102118,4096,4110,9.6756
1785338441258180400,253432,23172152118,4096,4110,15.2259
1785338441346383000,253433,23172202118,4096,4110,88.2026
1785338441356897200,253434,23172252118,4096,4110,10.5142
1785338441379056900,253435,23172302118,4096,4110,22.1597
1785338441450730200,253436,23172352118,4096,4110,71.6733
1785338441481398700,253437,23172402118,4096,4110,30.6685
1785338441551753100,253438,23172452118,4096,4110,70.3544
1785338441659408300,253439,23172502118,4096,4110,107.6552
1785338441671167100,253440,23172552118,4096,4110,11.7588
1785338441681327100,253441,23172602118,4096,4110,10.16
1785338441758195800,253442,23172652118,4096,4110,76.8687
1785338441855877700,253443,23172702118,4096,4110,97.6819
1785338441868556200,253444,23172752118,4096,4110,12.6785
1785338441878872300,253445,23172802118,4096,4110,10.3161
1785338441964446300,253446,23172852118,4096,4110,85.574
1785338442165562300,253447,23172902118,4096,4110,201.116
1785338442179686100,253448,23172952118,4096,4110,14.1238
1785338442192143400,253449,23173002118,4096,4110,12.4573
1785338442202808900,253450,23173052118,4096,4110,10.6655
1785338442214281700,253451,23173102154,4096,4110,11.4728
1785338442267423800,253452,23173152118,4096,4110,53.1421
1785338442279036400,253453,23173202118,4096,4110,11.6126
1785338442388179500,253454,23173252118,4096,4110,109.1431
1785338442439417300,253455,23173302118,4096,4110,51.2378
1785338442463313000,253456,23173352118,4096,4110,23.8957
1785338442494538500,253457,23173402118,4096,4110,31.2255
1785338442572018900,253458,23173452118,4096,4110,77.4804
1785338442620540800,253459,23173502118,4096,4110,48.5219
1785338442631647400,253460,23173552118,4096,4110,11.1066
1785338442679562600,253461,23173602118,4096,4110,47.9152
1785338442779616000,253462,23173652118,4096,4110,100.0534
1785338442790086200,253463,23173702118,4096,4110,10.4702
1785338442826433000,253464,23173752118,4096,4110,36.3468
1785338442883526800,253465,23173802118,4096,4110,57.0938
1785338442984081500,253466,23173852118,4096,4110,100.5547
1785338443153503800,253467,23173902118,4096,4110,169.4223
1785338443170878800,253468,23173952118,4096,4110,17.375
1785338443180538400,253469,23174002118,4096,4110,9.6596
1785338443193718900,253470,23174052118,4096,4110,13.1805
1785338443203688500,253471,23174102118,4096,4110,9.9696
1785338443223392200,253472,23174151287,4096,4110,19.7037
1785338443292898900,253473,23174202118,4096,4110,69.5067
1785338443321627800,253474,23174252118,4096,4110,28.7289
1785338443396135700,253475,23174302118,4096,4110,74.5079
1785338443495491100,253476,23174352118,4096,4110,99.3554
1785338443506228600,253477,23174402118,4096,4110,10.7375
1785338443526170100,253478,23174452118,4096,4110,19.9415
1785338443597517200,253479,23174502118,4096,4110,71.3471
1785338443627596200,253480,23174552118,4096,4110,30.079
1785338443699289600,253481,23174602118,4096,4110,71.6934
1785338443801459300,253482,23174652118,4096,4110,102.1697
1785338443812621200,253483,23174702118,4096,4110,11.1619
1785338443832893100,253484,23174752118,4096,4110,20.2719
1785338443907320500,253485,23174802118,4096,4110,74.4274
1785338443943214900,253486,23174852118,4096,4110,35.8944
1785338444161790600,253487,23174902118,4096,4110,218.5757
1785338444175792800,253488,23174952118,4096,4110,14.0022
1785338444186192500,253489,23175002118,4096,4110,10.3997
1785338444195365200,253490,23175052118,4096,4110,9.1727
1785338444214273900,253491,23175102118,4096,4110,18.9087
1785338444265197100,253492,23175152118,4096,4110,50.9232
1785338444317709500,253493,23175202118,4096,4110,52.5124
1785338444328188500,253494,23175251242,4096,4110,10.479
1785338444415425000,253495,23175302118,4096,4110,87.2365
1785338444467047400,253496,23175352118,4096,4110,51.6224
1785338444518326600,253497,23175402119,4096,4110,51.2792
1785338444529281400,253498,23175452121,4096,4110,10.9548
1785338444573068500,253499,23175502118,4096,4110,43.7871
1785338444626603200,253500,23175552118,4096,4110,53.5347
1785338444675450200,253501,23175602123,4096,4110,48.847
1785338444725243400,253502,23175652118,4096,4110,49.7932
1785338444774529100,253503,23175702118,4096,4110,49.2857
1785338444829330800,253504,23175752118,4096,4110,54.8017
1785338444928695800,253505,23175802118,4096,4110,99.365
1785338444939326100,253506,23175852118,4096,4110,10.6303
1785338444973506600,253507,23175902118,4096,4110,34.1805
1785338445193085600,253508,23175952118,4096,4110,219.579
1785338445209773800,253509,23176002118,4096,4110,16.6882
1785338445221674000,253510,23176052118,4096,4110,11.9002
1785338445233655200,253511,23176102118,4096,4110,11.9812
1785338445242301600,253512,23176152118,4096,4110,8.6464
1785338445350540700,253513,23176202118,4096,4110,108.2391
1785338445383549000,253514,23176252118,4096,4110,33.0083
1785338445406552500,253515,23176302118,4096,4110,23.0035
1785338445456390700,253516,23176352118,4096,4110,49.8382
1785338445496207700,253517,23176402118,4096,4110,39.817
1785338445542582200,253518,23176452118,4096,4110,46.3745
1785338445645071500,253519,23176502118,4096,4110,102.4893
1785338445653850900,253520,23176552118,4096,4110,8.7794
1785338445690596100,253521,23176602118,4096,4110,36.7452
1785338445760327300,253522,23176652118,4096,4110,69.7312
1785338445848409300,253523,23176702118,4096,4110,88.082
1785338445857767900,253524,23176752118,4096,4110,9.3586
1785338445872689400,253525,23176802118,4096,4110,14.9215
1785338445958837200,253526,23176852118,4096,4110,86.1478
1785338446055869200,253527,23176902118,4096,4110,97.032
1785338446199809900,253528,23176952118,4096,4110,143.9407
1785338446214242600,253529,23177002118,4096,4110,14.4327
1785338446224766500,253530,23177052118,4096,4110,10.5239
1785338446257332200,253531,23177102118,4096,4110,32.5657
1785338446267646400,253532,23177152118,4096,4110,10.3142
1785338446278993100,253533,23177202118,4096,4110,11.3467
1785338446387194300,253534,23177252118,4096,4110,108.2012
1785338446405707500,253535,23177302118,4096,4110,18.5132
1785338446482470800,253536,23177352118,4096,4110,76.7633
1785338446494248100,253537,23177402118,4096,4110,11.7773
1785338446579826800,253538,23177452118,4096,4110,85.5787
1785338446590313900,253539,23177502118,4096,4110,10.4871
1785338446673679800,253540,23177552118,4096,4110,83.3659
1785338446682140000,253541,23177602121,4096,4110,8.4602
1785338446724437700,253542,23177652118,4096,4110,42.2977
1785338446779012500,253543,23177702118,4096,4110,54.5748
1785338446881895600,253544,23177752118,4096,4110,102.8831
1785338446907592700,253545,23177802118,4096,4110,25.6971
1785338446922354800,253546,23177852118,4096,4110,14.7621
1785338446980945400,253547,23177902118,4096,4110,58.5906
1785338447079556800,253548,23177952118,4096,4110,98.6114
1785338447233188100,253549,23178002118,4096,4110,153.6313
1785338447245857100,253550,23178052118,4096,4110,12.669
1785338447255615900,253551,23178102118,4096,4110,9.7588
1785338447285763100,253552,23178152118,4096,4110,30.1472
1785338447296493200,253553,23178202118,4096,4110,10.7301
1785338447323269700,253554,23178252118,4096,4110,26.7765
1785338447395587900,253555,23178302118,4096,4110,72.3182
1785338447490559000,253556,23178352118,4096,4110,94.9711
1785338447502169800,253557,23178402118,4096,4110,11.6108
1785338447522980000,253558,23178452118,4096,4110,20.8102
1785338447597965200,253559,23178502118,4096,4110,74.9852
1785338447693412300,253560,23178552118,4096,4110,95.4471
1785338447702691700,253561,23178602118,4096,4110,9.2794
1785338447725666400,253562,23178652118,4096,4110,22.9747
1785338447796226900,253563,23178702118,4096,4110,70.5605
1785338447830727900,253564,23178752118,4096,4110,34.501
1785338447903178800,253565,23178802118,4096,4110,72.4509
1785338448003041700,253566,23178852118,4096,4110,99.8629
1785338448016954700,253567,23178902118,4096,4110,13.913
1785338448031056400,253568,23178952118,4096,4110,14.1017
1785338448227451700,253569,23179002118,4096,4110,196.3953
1785338448239164300,253570,23179052118,4096,4110,11.7126
1785338448250032900,253571,23179102118,4096,4110,10.8686
1785338448260716800,253572,23179152118,4096,4110,10.6839
1785338448314186600,253573,23179202118,4096,4110,53.4698
1785338448412799600,253574,23179252118,4096,4110,98.613
1785338448424774500,253575,23179302120,4096,4110,11.9749
1785338448435515000,253576,23179352121,4096,4110,10.7405
1785338448517884100,253577,23179402118,4096,4110,82.3691
1785338448569398700,253578,23179452226,4096,4110,51.5146
1785338448617022700,253579,23179502118,4096,4110,47.624
1785338448666063700,253580,23179551289,4096,4110,49.041
1785338448716302000,253581,23179602118,4096,4110,50.2383
1785338448769507800,253582,23179652384,4096,4110,53.2058
1785338448820554200,253583,23179702127,4096,4110,51.0464
1785338448863903900,253584,23179752118,4096,4110,43.3497
1785338448923431900,253585,23179802118,4096,4110,59.528
1785338448932783600,253586,23179852118,4096,4110,9.3517
1785338448972868600,253587,23179902118,4096,4110,40.085
1785338449028042800,253588,23179952118,4096,4110,55.1742
1785338449075769700,253589,23180002118,4096,4110,47.7269
1785338449268489800,253590,23180052118,4096,4110,192.7201
1785338449284795800,253591,23180102118,4096,4110,16.306
1785338449295589400,253592,23180152118,4096,4110,10.7936
1785338449303537900,253593,23180202118,4096,4110,7.9485
1785338449334904600,253594,23180252118,4096,4110,31.3667
1785338449436528500,253595,23180302118,4096,4110,101.6239
1785338449447376400,253596,23180352118,4096,4110,10.8479
1785338449474787600,253597,23180402118,4096,4110,27.4112
1785338449539341600,253598,23180452118,4096,4110,64.554
1785338449637732600,253599,23180502118,4096,4110,98.391
1785338449668059100,253600,23180552118,4096,4110,30.3265
1785338449678120300,253601,23180602118,4096,4110,10.0612
1785338449743992700,253602,23180652118,4096,4110,65.8724
1785338449776463200,253603,23180702118,4096,4110,32.4705
1785338449845905100,253604,23180752118,4096,4110,69.4419
1785338449877503900,253605,23180802118,4096,4110,31.5988
1785338449950691700,253606,23180852118,4096,4110,73.1878
1785338449978992000,253607,23180902118,4096,4110,28.3003
1785338450056272200,253608,23180952118,4096,4110,77.2802
1785338450153498400,253609,23181002118,4096,4110,97.2262
1785338450307651800,253610,23181052118,4096,4110,154.1534
1785338450322746800,253611,23181102118,4096,4110,15.095
1785338450333074400,253612,23181152118,4096,4110,10.3276
1785338450343569400,253613,23181202118,4096,4110,10.495
1785338450360789700,253614,23181252118,4096,4110,17.2203
1785338450463636300,253615,23181302118,4096,4110,102.8466
1785338450477880600,253616,23181352118,4096,4110,14.2443
1785338450491727600,253617,23181402118,4096,4110,13.847
1785338450565863300,253618,23181452118,4096,4110,74.1357
1785338450665737000,253619,23181502118,4096,4110,99.8737
1785338450676907600,253620,23181552118,4096,4110,11.1706
1785338450687680800,253621,23181601291,4096,4110,10.7732
1785338450770728300,253622,23181652381,4096,4110,83.0475
1785338450813344300,253623,23181702118,4096,4110,42.616
1785338450873073400,253624,23181752118,4096,4110,59.7291
1785338450883209800,253625,23181802124,4096,4110,10.1364
1785338450970807500,253626,23181852118,4096,4110,87.5977
1785338451014271000,253627,23181902118,4096,4110,43.4635
1785338451026850200,253628,23181952118,4096,4110,12.5792
1785338451077590300,253629,23182002118,4096,4110,50.7401
1785338451123138100,253630,23182052118,4096,4110,45.5478
1785338451342117900,253631,23182102118,4096,4110,218.9798
1785338451353913600,253632,23182152118,4096,4110,11.7957
1785338451365661700,253633,23182202118,4096,4110,11.7481
1785338451378805500,253634,23182252118,4096,4110,13.1438
1785338451389904500,253635,23182302118,4096,4110,11.099
1785338451484006100,253636,23182352118,4096,4110,94.1016
1785338451494907500,253637,23182402118,4096,4110,10.9014
1785338451525875900,253638,23182452118,4096,4110,30.9684
1785338451590905200,253639,23182502118,4096,4110,65.0293
1785338451688824600,253640,23182552118,4096,4110,97.9194
1785338451699757700,253641,23182602118,4096,4110,10.9331
1785338451723137100,253642,23182652118,4096,4110,23.3794
1785338451792497600,253643,23182702118,4096,4110,69.3605
1785338451895959500,253644,23182752118,4096,4110,103.4619
1785338451906369800,253645,23182802118,4096,4110,10.4103
1785338451924139900,253646,23182852118,4096,4110,17.7701
1785338451996458700,253647,23182902118,4096,4110,72.3188
1785338452027589200,253648,23182952118,4096,4110,31.1305
1785338452099372000,253649,23183002118,4096,4110,71.7828
1785338452129217800,253650,23183052118,4096,4110,29.8458
1785338452359313400,253651,23183102118,4096,4110,230.0956
1785338452369133200,253652,23183152118,4096,4110,9.8198
1785338452378550900,253653,23183202118,4096,4110,9.4177
1785338452387573300,253654,23183252123,4096,4110,9.0224
1785338452407093900,253655,23183302118,4096,4110,19.5206
1785338452509907300,253656,23183352118,4096,4110,102.8134
1785338452521796300,253657,23183402118,4096,4110,11.889
1785338452532855900,253658,23183452118,4096,4110,11.0596
1785338452611381100,253659,23183502118,4096,4110,78.5252
1785338452710855800,253660,23183552118,4096,4110,99.4747
1785338452722374300,253661,23183602118,4096,4110,11.5185
1785338452733126300,253662,23183652118,4096,4110,10.752
1785338452817865800,253663,23183702118,4096,4110,84.7395
1785338452866558100,253664,23183752162,4096,4110,48.6923
1785338452921699500,253665,23183802123,4096,4110,55.1414
1785338452971469900,253666,23183852238,4096,4110,49.7704
1785338453020904100,253667,23183902118,4096,4110,49.4342
1785338453031604300,253668,23183952398,4096,4110,10.7002
1785338453072491800,253669,23184002121,4096,4110,40.8875
1785338453165583900,253670,23184052118,4096,4110,93.0921
1785338453223994700,253671,23184102118,4096,4110,58.4108
1785338453388080500,253672,23184152118,4096,4110,164.0858
1785338453402580000,253673,23184202118,4096,4110,14.4995
1785338453414410800,253674,23184252118,4096,4110,11.8308
1785338453430701500,253675,23184302118,4096,4110,16.2907
1785338453441039000,253676,23184352118,4096,4110,10.3375
1785338453474503900,253677,23184402118,4096,4110,33.4649
1785338453534103200,253678,23184452118,4096,4110,59.5993
1785338453636166800,253679,23184502118,4096,4110,102.0636
1785338453648266600,253680,23184552118,4096,4110,12.0998
1785338453677819500,253681,23184602118,4096,4110,29.5529
1785338453742093900,253682,23184652118,4096,4110,64.2744
1785338453838237300,253683,23184702118,4096,4110,96.1434
1785338453848065700,253684,23184752118,4096,4110,9.8284
1785338453876017900,253685,23184802118,4096,4110,27.9522
1785338453942548500,253686,23184852118,4096,4110,66.5306
1785338454076059100,253687,23184902118,4096,4110,133.5106
1785338454087508200,253688,23184952118,4096,4110,11.4491
1785338454097984900,253689,23185006645,4096,4110,10.4767
1785338454154685200,253690,23185052118,4096,4110,56.7003
1785338454178360700,253691,23185102118,4096,4110,23.6755
1785338454460226500,253692,23185152118,4096,4110,281.8658
1785338454487179600,253693,23185202118,4096,4110,26.9531
1785338454506126600,253694,23185252118,4096,4110,18.947
1785338454519394600,253695,23185302118,4096,4110,13.268
1785338454529579900,253696,23185352118,4096,4110,10.1853
1785338454541051100,253697,23185402118,4096,4110,11.4712
1785338454575908400,253698,23185452118,4096,4110,34.8573
1785338454584505200,253699,23185502118,4096,4110,8.5968
1785338454659164900,253700,23185552118,4096,4110,74.6597
1785338454760286500,253701,23185602118,4096,4110,101.1216
1785338454771218700,253702,23185652118,4096,4110,10.9322
1785338454781581100,253703,23185702118,4096,4110,10.3624
1785338454861744800,253704,23185752118,4096,4110,80.1637
1785338454963285800,253705,23185802118,4096,4110,101.541
1785338454974470400,253706,23185852118,4096,4110,11.1846
1785338454985323800,253707,23185902354,4096,4110,10.8534
1785338455068868100,253708,23185952118,4096,4110,83.5443
1785338455082905100,253709,23186002123,4096,4110,14.037
1785338455168121400,253710,23186052118,4096,4110,85.2163
1785338455180354500,253711,23186102118,4096,4110,12.2331
1785338455270196700,253712,23186152118,4096,4110,89.8422
1785338455420401500,253713,23186202118,4096,4110,150.2048
1785338455433778300,253714,23186252118,4096,4110,13.3768
1785338455444371800,253715,23186302118,4096,4110,10.5935
1785338455454019800,253716,23186352118,4096,4110,9.648
1785338455473701100,253717,23186402118,4096,4110,19.6813
1785338455523420400,253718,23186451338,4096,4110,49.7193
1785338455583139800,253719,23186502118,4096,4110,59.7194
1785338455626667300,253720,23186552118,4096,4110,43.5275
1785338455683544900,253721,23186602118,4096,4110,56.8776
1785338455781841100,253722,23186652118,4096,4110,98.2962
1785338455791921000,253723,23186702118,4096,4110,10.0799
1785338455826224700,253724,23186752118,4096,4110,34.3037
1785338455886305000,253725,23186802118,4096,4110,60.0803
1785338455989156800,253726,23186852118,4096,4110,102.8518
1785338456001483400,253727,23186902118,4096,4110,12.3266
1785338456023126700,253728,23186952118,4096,4110,21.6433
1785338456090616100,253729,23187002118,4096,4110,67.4894
1785338456200524700,253730,23187052118,4096,4110,109.9086
1785338456210888300,253731,23187102118,4096,4110,10.3636
1785338456226352000,253732,23187152118,4096,4110,15.4637
1785338456438684000,253733,23187202118,4096,4110,212.332
1785338456452015900,253734,23187252118,4096,4110,13.3319
1785338456461537700,253735,23187302118,4096,4110,9.5218
1785338456471089400,253736,23187352118,4096,4110,9.5517
1785338456500407100,253737,23187402118,4096,4110,29.3177
1785338456602726100,253738,23187452118,4096,4110,102.319
1785338456613854400,253739,23187502118,4096,4110,11.1283
1785338456629742600,253740,23187552118,4096,4110,15.8882
1785338456706590700,253741,23187602118,4096,4110,76.8481
1785338456809632900,253742,23187652118,4096,4110,103.0422
1785338456820630300,253743,23187702118,4096,4110,10.9974
1785338456832117800,253744,23187752118,4096,4110,11.4875
1785338456911895800,253745,23187802118,4096,4110,79.778
1785338457012246300,253746,23187852118,4096,4110,100.3505
1785338457023487300,253747,23187902118,4096,4110,11.241
1785338457033833600,253748,23187952157,4096,4110,10.3463
1785338457115927900,253749,23188002118,4096,4110,82.0943
1785338457167954300,253750,23188052118,4096,4110,52.0264
1785338457218801300,253751,23188102118,4096,4110,50.847
1785338457229378300,253752,23188151621,4096,4110,10.577
1785338457317738800,253753,23188202118,4096,4110,88.3605
1785338457480769700,253754,23188252130,4096,4110,163.0309
1785338457493885200,253755,23188302118,4096,4110,13.1155
1785338457503663300,253756,23188352118,4096,4110,9.7781
1785338457521238900,253757,23188402213,4096,4110,17.5756
1785338457531997500,253758,23188452118,4096,4110,10.7586
1785338457572045200,253759,23188502118,4096,4110,40.0477
1785338457631039300,253760,23188552118,4096,4110,58.9941
1785338457729365100,253761,23188602118,4096,4110,98.3258
1785338457740263400,253762,23188652279,4096,4110,10.8983
1785338457772873000,253763,23188702118,4096,4110,32.6096
1785338457834679400,253764,23188752118,4096,4110,61.8064
1785338457933909900,253765,23188802118,4096,4110,99.2305
1785338457945064400,253766,23188852118,4096,4110,11.1545
1785338457973944000,253767,23188902273,4096,4110,28.8796
1785338458044725700,253768,23188952118,4096,4110,70.7817
1785338458137440900,253769,23189002118,4096,4110,92.7152
1785338458149827500,253770,23189052118,4096,4110,12.3866
1785338458174083400,253771,23189102118,4096,4110,24.2559
1785338458243821800,253772,23189152292,4096,4110,69.7384
1785338458343830800,253773,23189202118,4096,4110,100.009
1785338458498106000,253774,23189252118,4096,4110,154.2752
1785338458511436800,253775,23189302118,4096,4110,13.3308
1785338458520673700,253776,23189352118,4096,4110,9.2369
1785338458531994100,253777,23189402232,4096,4110,11.3204
1785338458547127700,253778,23189452118,4096,4110,15.1336
1785338458584060800,253779,23189502210,4096,4110,36.9331
1785338458659694600,253780,23189552118,4096,4110,75.6338
1785338458687176300,253781,23189602118,4096,4110,27.4817
1785338458751740300,253782,23189652281,4096,4110,64.564
1785338458857751900,253783,23189702118,4096,4110,106.0116
1785338458869062200,253784,23189752118,4096,4110,11.3103
1785338458878968800,253785,23189802118,4096,4110,9.9066
1785338458960400900,253786,23189852118,4096,4110,81.4321
1785338459060357100,253787,23189902233,4096,4110,99.9562
1785338459070493000,253788,23189952118,4096,4110,10.1359
1785338459080803200,253789,23190002118,4096,4110,10.3102
1785338459164155900,253790,23190052118,4096,4110,83.3527
1785338459213093200,253791,23190102118,4096,4110,48.9373
1785338459268193500,253792,23190152279,4096,4110,55.1003
1785338459322304700,253793,23190202221,4096,4110,54.1112
1785338459368368900,253794,23190252118,4096,4110,46.0642
1785338459511814100,253795,23190301271,4096,4110,143.4452
1785338459523264900,253796,23190352118,4096,4110,11.4508
1785338459533283100,253797,23190402128,4096,4110,10.0182
1785338459543982100,253798,23190452118,4096,4110,10.699
1785338459574281000,253799,23190502118,4096,4110,30.2989
1785338459673754200,253800,23190552118,4096,4110,99.4732
1785338459685134500,253801,23190602118,4096,4110,11.3803
1785338459723254600,253802,23190652276,4096,4110,38.1201
1785338459776846500,253803,23190702118,4096,4110,53.5919
1785338459881176000,253804,23190752118,4096,4110,104.3295
1785338459891827600,253805,23190802118,4096,4110,10.6516
1785338459924193900,253806,23190852118,4096,4110,32.3663
1785338459979453400,253807,23190902238,4096,4110,55.2595
1785338460040801400,253808,23190952118,4096,4110,61.348
1785338460084168000,253809,23191002118,4096,4110,43.3666
1785338460186300300,253810,23191052118,4096,4110,102.1323
1785338460197737700,253811,23191102118,4096,4110,11.4374
1785338460222826800,253812,23191151545,4096,4110,25.0891
1785338460289023200,253813,23191202118,4096,4110,66.1964
1785338460391271000,253814,23191252118,4096,4110,102.2478
1785338460565020700,253815,23191302118,4096,4110,173.7497
1785338460578537300,253816,23191352118,4096,4110,13.5166
1785338460591014200,253817,23191402227,4096,4110,12.4769
1785338460600650800,253818,23191452118,4096,4110,9.6366
1785338460613747500,253819,23191502118,4096,4110,13.0967
1785338460636262200,253820,23191552118,4096,4110,22.5147
1785338460697778900,253821,23191602118,4096,4110,61.5167
1785338460732102700,253822,23191652313,4096,4110,34.3238
1785338460808025300,253823,23191702118,4096,4110,75.9226
1785338460902485500,253824,23191752118,4096,4110,94.4602
1785338460915198900,253825,23191802118,4096,4110,12.7134
1785338460925855100,253826,23191852118,4096,4110,10.6562
1785338461007465400,253827,23191902118,4096,4110,81.6103
1785338461108214300,253828,23191952118,4096,4110,100.7489
1785338461121411300,253829,23192002118,4096,4110,13.197
1785338461132312500,253830,23192052118,4096,4110,10.9012
1785338461211567000,253831,23192102118,4096,4110,79.2545
1785338461312664200,253832,23192152118,4096,4110,101.0972
1785338461323748000,253833,23192202118,4096,4110,11.0838
1785338461333562300,253834,23192252123,4096,4110,9.8143
1785338461572294100,253835,23192302118,4096,4110,238.7318
1785338461585297100,253836,23192351266,4096,4110,13.003
1785338461597761300,253837,23192402118,4096,4110,12.4642
1785338461607533000,253838,23192452118,4096,4110,9.7717
1785338461614039700,253839,23192502118,4096,4110,6.5067
1785338461626568800,253840,23192552118,4096,4110,12.5291
1785338461673177700,253841,23192602118,4096,4110,46.6089
1785338461724050000,253842,23192652118,4096,4110,50.8723
1785338461822899600,253843,23192702118,4096,4110,98.8496
1785338461834010100,253844,23192752118,4096,4110,11.1105
1785338461876449800,253845,23192802118,4096,4110,42.4397
1785338461930162900,253846,23192852118,4096,4110,53.7131
1785338462030150100,253847,23192902118,4096,4110,99.9872
1785338462045095900,253848,23192952118,4096,4110,14.9458
1785338462075006800,253849,23193002118,4096,4110,29.9109
1785338462134245900,253850,23193052118,4096,4110,59.2391
1785338462234968000,253851,23193102118,4096,4110,100.7221
1785338462247856900,253852,23193152118,4096,4110,12.8889
1785338462275896800,253853,23193202118,4096,4110,28.0399
1785338462375765200,253854,23193252118,4096,4110,99.8684
1785338462448891300,253855,23193302209,4096,4110,73.1261
1785338462594304900,253856,23193352118,4096,4110,145.4136
1785338462606126400,253857,23193402118,4096,4110,11.8215
1785338462616158500,253858,23193452118,4096,4110,10.0321
1785338462626491400,253859,23193502118,4096,4110,10.3329
1785338462650584700,253860,23193552118,4096,4110,24.0933
1785338462675898500,253861,23193602118,4096,4110,25.3138
1785338462763159000,253862,23193652118,4096,4110,87.2605
1785338462781971900,253863,23193702118,4096,4110,18.8129
1785338462876380500,253864,23193752118,4096,4110,94.4086
1785338462953633800,253865,23193802118,4096,4110,77.2533
1785338462964020300,253866,23193852118,4096,4110,10.3865
1785338462984363500,253867,23193902118,4096,4110,20.3432
1785338463057510400,253868,23193952118,4096,4110,73.1469
1785338463158414900,253869,23194002118,4096,4110,100.9045
1785338463169603100,253870,23194052118,4096,4110,11.1882
1785338463179690000,253871,23194102118,4096,4110,10.0869
1785338463261500700,253872,23194152118,4096,4110,81.8107
1785338463362647900,253873,23194202118,4096,4110,101.1472
1785338463374664000,253874,23194252118,4096,4110,12.0161
1785338463386183200,253875,23194302118,4096,4110,11.5192
1785338463599365900,253876,23194352118,4096,4110,213.1827
1785338463611702600,253877,23194402118,4096,4110,12.3367
1785338463624215500,253878,23194452309,4096,4110,12.5129
1785338463636039000,253879,23194502124,4096,4110,11.8235
1785338463670276000,253880,23194552118,4096,4110,34.237
1785338463680346800,253881,23194602186,4096,4110,10.0708
1785338463769921100,253882,23194652118,4096,4110,89.5743
1785338463818722500,253883,23194702118,4096,4110,48.8014
1785338463828031200,253884,23194752118,4096,4110,9.3087
1785338463873766300,253885,23194802118,4096,4110,45.7351
1785338463973322900,253886,23194852118,4096,4110,99.5566
1785338463982807000,253887,23194902118,4096,4110,9.4841
1785338464023627900,253888,23194952118,4096,4110,40.8209
1785338464079657600,253889,23195002118,4096,4110,56.0297
1785338464123028000,253890,23195052118,4096,4110,43.3704
1785338464176660900,253891,23195102118,4096,4110,53.6329
1785338464279450500,253892,23195152118,4096,4110,102.7896
1785338464289429900,253893,23195202118,4096,4110,9.9794
1785338464326462500,253894,23195252118,4096,4110,37.0326
1785338464384661800,253895,23195302118,4096,4110,58.1993
1785338464484327100,253896,23195352118,4096,4110,99.6653
1785338464618338700,253897,23195402118,4096,4110,134.0116
1785338464631805200,253898,23195452118,4096,4110,13.4665
1785338464642584500,253899,23195502118,4096,4110,10.7793
1785338464652076300,253900,23195552118,4096,4110,9.4918
1785338464691246300,253901,23195602118,4096,4110,39.17
1785338464793004100,253902,23195652118,4096,4110,101.7578
1785338464804520000,253903,23195702118,4096,4110,11.5159
1785338464831638700,253904,23195752118,4096,4110,27.1187
1785338464892863100,253905,23195802118,4096,4110,61.2244
1785338464927782800,253906,23195852118,4096,4110,34.9197
1785338464997931200,253907,23195902118,4096,4110,70.1484
1785338465032067200,253908,23195952118,4096,4110,34.136
1785338465100123500,253909,23196002118,4096,4110,68.0563
1785338465204549400,253910,23196052118,4096,4110,104.4259
1785338465215389200,253911,23196102118,4096,4110,10.8398
1785338465232202000,253912,23196152119,4096,4110,16.8128
1785338465303603200,253913,23196202118,4096,4110,71.4012
1785338465404329600,253914,23196252118,4096,4110,100.7264
1785338465414423300,253915,23196302118,4096,4110,10.0937
1785338465426716700,253916,23196352118,4096,4110,12.2934
1785338465675928100,253917,23196402118,4096,4110,249.2114
1785338465700281300,253918,23196452118,4096,4110,24.3532
1785338465712586400,253919,23196502118,4096,4110,12.3051
1785338465719464100,253920,23196552118,4096,4110,6.8777
1785338465727742800,253921,23196602118,4096,4110,8.2787
1785338465762746100,253922,23196652118,4096,4110,35.0033
1785338465820867200,253923,23196702118,4096,4110,58.1211
1785338465832255800,253924,23196752118,4096,4110,11.3886
1785338465870984900,253925,23196802118,4096,4110,38.7291
1785338465920952700,253926,23196852118,4096,4110,49.9678
1785338465974340300,253927,23196902118,4096,4110,53.3876
1785338466072307100,253928,23196952118,4096,4110,97.9668
1785338466084142900,253929,23197002118,4096,4110,11.8358
1785338466130245500,253930,23197052118,4096,4110,46.1026
1785338466224803100,253931,23197102118,4096,4110,94.5576
1785338466234743000,253932,23197152118,4096,4110,9.9399
1785338466274450400,253933,23197202118,4096,4110,39.7074
1785338466329371200,253934,23197252118,4096,4110,54.9208
1785338466375272600,253935,23197302118,4096,4110,45.9014
1785338466430322900,253936,23197352118,4096,4110,55.0503
1785338466529279100,253937,23197402118,4096,4110,98.9562
1785338466787981900,253938,23197452118,4096,4110,258.7028
1785338466829220900,253939,23197502118,4096,4110,41.239
1785338466864143100,253940,23197552118,4096,4110,34.9222
1785338466891107800,253941,23197602118,4096,4110,26.9647
1785338466902236800,253942,23197652118,4096,4110,11.129
1785338466908523000,253943,23197702118,4096,4110,6.2862
1785338466917326100,253944,23197752118,4096,4110,8.8031
1785338466942946000,253945,23197802118,4096,4110,25.6199
1785338466953553200,253946,23197852118,4096,4110,10.6072
1785338466985690700,253947,23197902118,4096,4110,32.1375
1785338467046100600,253948,23197952118,4096,4110,60.4099
1785338467075950800,253949,23198002118,4096,4110,29.8502
1785338467150045600,253950,23198052118,4096,4110,74.0948
1785338467250148100,253951,23198102118,4096,4110,100.1025
1785338467260094800,253952,23198152118,4096,4110,9.9467
1785338467279778500,253953,23198202118,4096,4110,19.6837
1785338467354472500,253954,23198252118,4096,4110,74.694
1785338467455354100,253955,23198302118,4096,4110,100.8816
1785338467467528200,253956,23198352118,4096,4110,12.1741
1785338467479483100,253957,23198402118,4096,4110,11.9549
1785338467693780800,253958,23198452118,4096,4110,214.2977
1785338467709788000,253959,23198502118,4096,4110,16.0072
1785338467720168200,253960,23198552118,4096,4110,10.3802
1785338467731875300,253961,23198602118,4096,4110,11.7071
1785338467763640600,253962,23198652118,4096,4110,31.7653
1785338467866340800,253963,23198702118,4096,4110,102.7002
1785338467877363600,253964,23198752118,4096,4110,11.0228
1785338467887792200,253965,23198802121,4096,4110,10.4286
1785338467962718800,253966,23198852118,4096,4110,74.9266
1785338468021706300,253967,23198902118,4096,4110,58.9875
1785338468033138700,253968,23198952118,4096,4110,11.4324
1785338468077884600,253969,23199002118,4096,4110,44.7459
1785338468124378000,253970,23199052118,4096,4110,46.4934
1785338468174955400,253971,23199102118,4096,4110,50.5774
1785338468269610500,253972,23199152118,4096,4110,94.6551
1785338468322454500,253973,23199202118,4096,4110,52.844
1785338468333936800,253974,23199252123,4096,4110,11.4823
1785338468377416500,253975,23199302118,4096,4110,43.4797
1785338468478653800,253976,23199352118,4096,4110,101.2373
1785338468489255200,253977,23199402118,4096,4110,10.6014
1785338468524597900,253978,23199452118,4096,4110,35.3427
1785338468721146400,253979,23199502118,4096,4110,196.5485
1785338468733827300,253980,23199552118,4096,4110,12.6809
1785338468743564400,253981,23199602118,4096,4110,9.7371
1785338468755094600,253982,23199652118,4096,4110,11.5302
1785338468791525700,253983,23199702118,4096,4110,36.4311
1785338468890934700,253984,23199752118,4096,4110,99.409
1785338468902051700,253985,23199802118,4096,4110,11.117
1785338468929304000,253986,23199852118,4096,4110,27.2523
1785338468993783200,253987,23199902118,4096,4110,64.4792
1785338469026912000,253988,23199952118,4096,4110,33.1288
1785338469094390000,253989,23200002118,4096,4110,67.478
1785338469126143100,253990,23200052118,4096,4110,31.7531
1785338469197135100,253991,23200102118,4096,4110,70.992
1785338469238736800,253992,23200152118,4096,4110,41.6017
1785338469300598800,253993,23200202118,4096,4110,61.862
1785338469399124500,253994,23200252118,4096,4110,98.5257
1785338469409818000,253995,23200302118,4096,4110,10.6935
1785338469427697200,253996,23200352118,4096,4110,17.8792
1785338469505381700,253997,23200402118,4096,4110,77.6845
1785338469605932900,253998,23200452118,4096,4110,100.5512
1785338469774367700,253999,23200502118,4096,4110,168.4348
1785338469789094900,254000,23200552118,4096,4110,14.7272
1785338469802396600,254001,23200602118,4096,4110,13.3017
1785338469811883900,254002,23200652118,4096,4110,9.4873
1785338469822370900,254003,23200702118,4096,4110,10.487
1785338469835787700,254004,23200752118,4096,4110,13.4168
1785338469911619800,254005,23200802121,4096,4110,75.8321
1785338469970272100,254006,23200852118,4096,4110,58.6523
1785338470015162100,254007,23200902118,4096,4110,44.89
1785338470070631800,254008,23200952118,4096,4110,55.4697
1785338470120536000,254009,23201002127,4096,4110,49.9042
1785338470132662800,254010,23201052118,4096,4110,12.1268
1785338470173704100,254011,23201102243,4096,4110,41.0413
1785338470276561600,254012,23201152118,4096,4110,102.8575
1785338470316892700,254013,23201202118,4096,4110,40.3311
1785338470328072800,254014,23201252118,4096,4110,11.1801
1785338470420707700,254015,23201302118,4096,4110,92.6349
1785338470431699400,254016,23201352118,4096,4110,10.9917
1785338470477192400,254017,23201402118,4096,4110,45.493
1785338470542483800,254018,23201452118,4096,4110,65.2914
1785338470576074600,254019,23201502118,4096,4110,33.5908
1785338470764379400,254020,23201552118,4096,4110,188.3048
1785338470777240100,254021,23201602118,4096,4110,12.8607
1785338470799667000,254022,23201652118,4096,4110,22.4269
1785338470867689900,254023,23201702118,4096,4110,68.0229
1785338470967249000,254024,23201752118,4096,4110,99.5591
1785338471031847200,254025,23201802118,4096,4110,64.5982
1785338471103458000,254026,23201852118,4096,4110,71.6108
1785338471132496400,254027,23201902118,4096,4110,29.0384
1785338471156689800,254028,23201952118,4096,4110,24.1934
1785338471165853700,254029,23202002118,4096,4110,9.1639
1785338471181462600,254030,23202052118,4096,4110,15.6089
1785338471208171100,254031,23202102118,4096,4110,26.7085
1785338471257329500,254032,23202152118,4096,4110,49.1584
1785338471347011500,254033,23202202118,4096,4110,89.682
1785338471359071400,254034,23202252118,4096,4110,12.0599
1785338471393643500,254035,23202302118,4096,4110,34.5721
1785338471452524300,254036,23202352118,4096,4110,58.8808
1785338471510956300,254037,23202402118,4096,4110,58.432
1785338471574590500,254038,23202452118,4096,4110,63.6342
1785338471665467200,254039,23202502118,4096,4110,90.8767
1785338471822887000,254040,23202552118,4096,4110,157.4198
1785338471834913300,254041,23202602118,4096,4110,12.0263
1785338471844636100,254042,23202652118,4096,4110,9.7228
1785338471854721000,254043,23202702118,4096,4110,10.0849
1785338471865108700,254044,23202752118,4096,4110,10.3877
1785338471876563500,254045,23202802118,4096,4110,11.4548
1785338471968489700,254046,23202852118,4096,4110,91.9262
1785338472013291800,254047,23202902118,4096,4110,44.8021
1785338472068011900,254048,23202952118,4096,4110,54.7201
1785338472117590500,254049,23203002120,4096,4110,49.5786
1785338472170341500,254050,23203052121,4096,4110,52.751
1785338472185325200,254051,23203102346,4096,4110,14.9837
1785338472223882800,254052,23203152118,4096,4110,38.5576
1785338472373569800,254053,23203202118,4096,4110,149.687
1785338472388367200,254054,23203252118,4096,4110,14.7974
1785338472403758900,254055,23203302118,4096,4110,15.3917
1785338472421521500,254056,23203352118,4096,4110,17.7626
1785338472475816800,254057,23203402118,4096,4110,54.2953
1785338472522780700,254058,23203452118,4096,4110,46.9639
1785338472578179100,254059,23203502118,4096,4110,55.3984
1785338472681129400,254060,23203552118,4096,4110,102.9503
1785338472842669000,254061,23203602118,4096,4110,161.5396
1785338472855800700,254062,23203652118,4096,4110,13.1317
1785338472866609200,254063,23203702118,4096,4110,10.8085
1785338472885099200,254064,23203752118,4096,4110,18.49
1785338472895195200,254065,23203802118,4096,4110,10.096
1785338472924475300,254066,23203852118,4096,4110,29.2801
1785338472990170600,254067,23203902118,4096,4110,65.6953
1785338473091207500,254068,23203952118,4096,4110,101.0369
1785338473102149800,254069,23204002118,4096,4110,10.9423
1785338473129622900,254070,23204052118,4096,4110,27.4731
1785338473193777600,254071,23204102118,4096,4110,64.1547
1785338473292751500,254072,23204152118,4096,4110,98.9739
1785338473303950200,254073,23204202118,4096,4110,11.1987
1785338473326389100,254074,23204252118,4096,4110,22.4389
1785338473398871800,254075,23204302118,4096,4110,72.4827
1785338473433645300,254076,23204352118,4096,4110,34.7735
1785338473503954400,254077,23204402118,4096,4110,70.3091
1785338473531167800,254078,23204452118,4096,4110,27.2134
1785338473606093200,254079,23204502118,4096,4110,74.9254
1785338473706261000,254080,23204552118,4096,4110,100.1678
1785338473867669800,254081,23204602118,4096,4110,161.4088
1785338473877982000,254082,23204652118,4096,4110,10.3122
1785338473887544300,254083,23204702118,4096,4110,9.5623
1785338473908559200,254084,23204752118,4096,4110,21.0149
1785338473918654100,254085,23204802118,4096,4110,10.0949
1785338473929058100,254086,23204852118,4096,4110,10.404
1785338474011492700,254087,23204902118,4096,4110,82.4346
1785338474113205400,254088,23204952118,4096,4110,101.7127
1785338474123761700,254089,23205002118,4096,4110,10.5563
1785338474135805800,254090,23205052179,4096,4110,12.0441
1785338474218723900,254091,23205102118,4096,4110,82.9181
1785338474270405000,254092,23205152127,4096,4110,51.6811
1785338474324124400,254093,23205202118,4096,4110,53.7194
1785338474370706700,254094,23205252118,4096,4110,46.5823
1785338474418912300,254095,23205302118,4096,4110,48.2056
1785338474469845800,254096,23205352118,4096,4110,50.9335
1785338474480170600,254097,23205402118,4096,4110,10.3248
1785338474525960800,254098,23205452118,4096,4110,45.7902
1785338474573193700,254099,23205502331,4096,4110,47.2329
1785338474626768600,254100,23205552118,4096,4110,53.5749
1785338474676260300,254101,23205602118,4096,4110,49.4917
1785338474894621100,254102,23205652118,4096,4110,218.3608
1785338474907179000,254103,23205702118,4096,4110,12.5579
1785338474918498300,254104,23205752118,4096,4110,11.3193
1785338474927577800,254105,23205802118,4096,4110,9.0795
1785338474937247900,254106,23205852118,4096,4110,9.6701
1785338475035710800,254107,23205902118,4096,4110,98.4629
1785338475047810600,254108,23205952118,4096,4110,12.0998
1785338475072608800,254109,23206002118,4096,4110,24.7982
1785338475138277500,254110,23206052118,4096,4110,65.6687
1785338475174802500,254111,23206102118,4096,4110,36.525
1785338475243477000,254112,23206152118,4096,4110,68.6745
1785338475341719800,254113,23206202118,4096,4110,98.2428
1785338475354770000,254114,23206252118,4096,4110,13.0502
1785338475376247200,254115,23206302118,4096,4110,21.4772
1785338475451821700,254116,23206352118,4096,4110,75.5745
1785338475551423100,254117,23206402118,4096,4110,99.6014
1785338475563846800,254118,23206452118,4096,4110,12.4237
1785338475582692300,254119,23206502118,4096,4110,18.8455
1785338475652683300,254120,23206552118,4096,4110,69.991
1785338475750258500,254121,23206602118,4096,4110,97.5752
1785338475895790400,254122,23206652118,4096,4110,145.5319
1785338475907479100,254123,23206702118,4096,4110,11.6887
1785338475919789600,254124,23206752118,4096,4110,12.3105
1785338475956177900,254125,23206802118,4096,4110,36.3883
1785338475969819500,254126,23206852118,4096,4110,13.6416
1785338475983103000,254127,23206902118,4096,4110,13.2835
1785338476062084300,254128,23206952118,4096,4110,78.9813
1785338476115591000,254129,23207002118,4096,4110,53.5067
1785338476163229900,254130,23207052118,4096,4110,47.6389
1785338476262157700,254131,23207102118,4096,4110,98.9278
1785338476273741900,254132,23207152118,4096,4110,11.5842
1785338476285115400,254133,23207201244,4096,4110,11.3735
1785338476369913000,254134,23207252118,4096,4110,84.7976
1785338476382704400,254135,23207302118,4096,4110,12.7914
1785338476467030600,254136,23207352118,4096,4110,84.3262
1785338476516733500,254137,23207402231,4096,4110,49.7029
1785338476571130600,254138,23207452125,4096,4110,54.3971
1785338476581813900,254139,23207502118,4096,4110,10.6833
1785338476626116900,254140,23207552118,4096,4110,44.303
1785338476675643800,254141,23207602118,4096,4110,49.5269
1785338476724745700,254142,23207652123,4096,4110,49.1019
1785338476936257100,254143,23207702118,4096,4110,211.5114
1785338476951573500,254144,23207752118,4096,4110,15.3164
1785338476962523800,254145,23207802118,4096,4110,10.9503
1785338476973383100,254146,23207852118,4096,4110,10.8593
1785338476984127300,254147,23207902118,4096,4110,10.7442
1785338477096614600,254148,23207952118,4096,4110,112.4873
1785338477121854400,254149,23208002118,4096,4110,25.2398
1785338477139576200,254150,23208052118,4096,4110,17.7218
1785338477188149100,254151,23208102118,4096,4110,48.5729
1785338477291572500,254152,23208152118,4096,4110,103.4234
1785338477307236600,254153,23208202118,4096,4110,15.6641
1785338477365783800,254154,23208252118,4096,4110,58.5472
1785338477455425400,254155,23208302118,4096,4110,89.6416
1785338477520953200,254156,23208352619,4096,4110,65.5278
1785338477541729600,254157,23208402118,4096,4110,20.7764
1785338477593585500,254158,23208452118,4096,4110,51.8559
1785338477602629000,254159,23208502118,4096,4110,9.0435
1785338477623831500,254160,23208552118,4096,4110,21.2025
1785338477697590900,254161,23208602118,4096,4110,73.7594
1785338477801362300,254162,23208652118,4096,4110,103.7714
1785338477984446800,254163,23208702118,4096,4110,183.0845
1785338478012852400,254164,23208752118,4096,4110,28.4056
1785338478026368800,254165,23208802118,4096,4110,13.5164
1785338478039675600,254166,23208852118,4096,4110,13.3068
1785338478050614800,254167,23208902118,4096,4110,10.9392
1785338478060987300,254168,23208952118,4096,4110,10.3725
1785338478111829500,254169,23209002118,4096,4110,50.8422
1785338478208032000,254170,23209052118,4096,4110,96.2025
1785338478220839200,254171,23209102118,4096,4110,12.8072
1785338478232269100,254172,23209152118,4096,4110,11.4299
1785338478317207800,254173,23209202118,4096,4110,84.9387
1785338478415265000,254174,23209252119,4096,4110,98.0572
1785338478427341100,254175,23209302118,4096,4110,12.0761
1785338478438263500,254176,23209352119,4096,4110,10.9224
1785338478520450000,254177,23209402120,4096,4110,82.1865
1785338478571184300,254178,23209452119,4096,4110,50.7343
1785338478617803000,254179,23209502118,4096,4110,46.6187
1785338478629309000,254180,23209552231,4096,4110,11.506
1785338478675181800,254181,23209602118,4096,4110,45.8728
1785338478725399100,254182,23209652118,4096,4110,50.2173
1785338478775369500,254183,23209702118,4096,4110,49.9704
1785338478976612300,254184,23209752118,4096,4110,201.2428
1785338478988792500,254185,23209802118,4096,4110,12.1802
1785338478997805700,254186,23209852118,4096,4110,9.0132
1785338479007087700,254187,23209902118,4096,4110,9.282
1785338479028241500,254188,23209952118,4096,4110,21.1538
1785338479130004700,254189,23210002118,4096,4110,101.7632
1785338479140126400,254190,23210052118,4096,4110,10.1217
1785338479176499600,254191,23210102118,4096,4110,36.3732
1785338479233525100,254192,23210152118,4096,4110,57.0255
1785338479335616400,254193,23210202118,4096,4110,102.0913
1785338479345808100,254194,23210252118,4096,4110,10.1917
1785338479374489000,254195,23210302118,4096,4110,28.6809
1785338479441899000,254196,23210352118,4096,4110,67.41
1785338479476233400,254197,23210402118,4096,4110,34.3344
1785338479542916100,254198,23210452118,4096,4110,66.6827
1785338479646101100,254199,23210502118,4096,4110,103.185
1785338479657071000,254200,23210552118,4096,4110,10.9699
1785338479676057100,254201,23210602118,4096,4110,18.9861
1785338479746938800,254202,23210652118,4096,4110,70.8817
1785338479846439100,254203,23210702118,4096,4110,99.5003
1785338480014045400,254204,23210752118,4096,4110,167.6063
1785338480030558800,254205,23210802118,4096,4110,16.5134
1785338480045152700,254206,23210852118,4096,4110,14.5939
1785338480055655400,254207,23210902118,4096,4110,10.5027
1785338480066358300,254208,23210952118,4096,4110,10.7029
1785338480076668100,254209,23211002118,4096,4110,10.3098
1785338480158114800,254210,23211052118,4096,4110,81.4467
1785338480259174600,254211,23211102118,4096,4110,101.0598
1785338480272558100,254212,23211152118,4096,4110,13.3835
1785338480283680500,254213,23211202118,4096,4110,11.1224
1785338480362320000,254214,23211252118,4096,4110,78.6395
1785338480413985100,254215,23211302118,4096,4110,51.6651
1785338480462764700,254216,23211352118,4096,4110,48.7796
1785338480473636400,254217,23211402118,4096,4110,10.8717
1785338480565479600,254218,23211452118,4096,4110,91.8432
1785338480668786900,254219,23211502118,4096,4110,103.3073
1785338480679990700,254220,23211552118,4096,4110,11.2038
1785338480691519800,254221,23211602118,4096,4110,11.5291
1785338480768304100,254222,23211652118,4096,4110,76.7843
1785338480818401100,254223,23211702211,4096,4110,50.097
1785338480869045800,254224,23211752237,4096,4110,50.6447
1785338481071075600,254225,23211802118,4096,4110,202.0298
1785338481084240200,254226,23211852118,4096,4110,13.1646
1785338481094219200,254227,23211902118,4096,4110,9.979
1785338481104368500,254228,23211952118,4096,4110,10.1493
1785338481114164600,254229,23212002118,4096,4110,9.7961
1785338481179126500,254230,23212052118,4096,4110,64.9619
1785338481190187200,254231,23212102118,4096,4110,11.0607
1785338481223048300,254232,23212152118,4096,4110,32.8611
1785338481284242400,254233,23212202118,4096,4110,61.1941
1785338481385615800,254234,23212252118,4096,4110,101.3734
1785338481398608400,254235,23212302118,4096,4110,12.9926
1785338481423867600,254236,23212352118,4096,4110,25.2592
1785338481486841600,254237,23212402118,4096,4110,62.974
1785338481584247000,254238,23212452118,4096,4110,97.4054
1785338481596197100,254239,23212502118,4096,4110,11.9501
1785338481625036800,254240,23212552118,4096,4110,28.8397
1785338481692618000,254241,23212602118,4096,4110,67.5812
1785338481725245000,254242,23212652118,4096,4110,32.627
1785338481796679600,254243,23212702118,4096,4110,71.4346
1785338481824694400,254244,23212752118,4096,4110,28.0148
1785338482052511700,254245,23212802118,4096,4110,227.8173
1785338482071101100,254246,23212852118,4096,4110,18.5894
1785338482083315100,254247,23212902118,4096,4110,12.214
1785338482097804500,254248,23212952118,4096,4110,14.4894
1785338482110308800,254249,23213002118,4096,4110,12.5043
1785338482202589500,254250,23213052118,4096,4110,92.2807
1785338482220214400,254251,23213102118,4096,4110,17.6249
1785338482230267200,254252,23213152118,4096,4110,10.0528
1785338482307490100,254253,23213202118,4096,4110,77.2229
1785338482406244400,254254,23213252118,4096,4110,98.7543
1785338482414310800,254255,23213302118,4096,4110,8.0664
1785338482423877700,254256,23213352118,4096,4110,9.5669
1785338482515320200,254257,23213402118,4096,4110,91.4425
1785338482566122500,254258,23213452118,4096,4110,50.8023
1785338482614839300,254259,23213502121,4096,4110,48.7168
1785338482715684600,254260,23213552118,4096,4110,100.8453
1785338482727171900,254261,23213602118,4096,4110,11.4873
1785338482737442300,254262,23213652128,4096,4110,10.2704
1785338482821449600,254263,23213701325,4096,4110,84.0073
1785338482832316100,254264,23213752118,4096,4110,10.8665
1785338482921237000,254265,23213802118,4096,4110,88.9209
1785338483140945400,254266,23213852118,4096,4110,219.7084
1785338483151992600,254267,23213902118,4096,4110,11.0472
1785338483162450800,254268,23213952118,4096,4110,10.4582
1785338483181350800,254269,23214002118,4096,4110,18.9
1785338483194958600,254270,23214052118,4096,4110,13.6078
1785338483208976100,254271,23214102118,4096,4110,14.0175
1785338483227088200,254272,23214152118,4096,4110,18.1121
1785338483271533300,254273,23214202121,4096,4110,44.4451
1785338483333129400,254274,23214252118,4096,4110,61.5961
1785338483376695500,254275,23214302118,4096,4110,43.5661
1785338483432804000,254276,23214352118,4096,4110,56.1085
1785338483536637600,254277,23214402118,4096,4110,103.8336
1785338483549297800,254278,23214452118,4096,4110,12.6602
1785338483576148300,254279,23214502118,4096,4110,26.8505
1785338483639915700,254280,23214552118,4096,4110,63.7674
1785338483739233300,254281,23214602118,4096,4110,99.3176
1785338483752184500,254282,23214652118,4096,4110,12.9512
1785338483777379900,254283,23214702118,4096,4110,25.1954
1785338483844570400,254284,23214752118,4096,4110,67.1905
1785338483946575400,254285,23214802118,4096,4110,102.005
1785338484114900500,254286,23214852118,4096,4110,168.3251
1785338484128467300,254287,23214902118,4096,4110,13.5668
1785338484138736100,254288,23214952118,4096,4110,10.2688
1785338484152469200,254289,23215002118,4096,4110,13.7331
1785338484164412300,254290,23215052118,4096,4110,11.9431
1785338484183200200,254291,23215102118,4096,4110,18.7879
1785338484253465900,254292,23215152118,4096,4110,70.2657
1785338484354272100,254293,23215202118,4096,4110,100.8062
1785338484365127300,254294,23215252118,4096,4110,10.8552
1785338484376656500,254295,23215302118,4096,4110,11.5292
1785338484456777900,254296,23215352118,4096,4110,80.1214
1785338484557420700,254297,23215402118,4096,4110,100.6428
1785338484567169200,254298,23215452118,4096,4110,9.7485
1785338484576902700,254299,23215502118,4096,4110,9.7335
1785338484666792300,254300,23215552118,4096,4110,89.8896
1785338484765596600,254301,23215602118,4096,4110,98.8043
1785338484777552000,254302,23215652118,4096,4110,11.9554
1785338484789772900,254303,23215701244,4096,4110,12.2209
1785338484866799100,254304,23215752118,4096,4110,77.0262
1785338484919700800,254305,23215802127,4096,4110,52.9017
1785338484964249900,254306,23215852219,4096,4110,44.5491
1785338485137462400,254307,23215902119,4096,4110,173.2125
1785338485149389600,254308,23215952118,4096,4110,11.9272
1785338485159504000,254309,23216002118,4096,4110,10.1144
1785338485170277100,254310,23216052118,4096,4110,10.7731
1785338485180174700,254311,23216102118,4096,4110,9.8976
1785338485275016500,254312,23216152118,4096,4110,94.8418
1785338485288565900,254313,23216202118,4096,4110,13.5494
1785338485323107800,254314,23216252118,4096,4110,34.5419
1785338485378852700,254315,23216302118,4096,4110,55.7449
1785338485424342900,254316,23216352118,4096,4110,45.4902
1785338485481190700,254317,23216402118,4096,4110,56.8478
1785338485584790400,254318,23216452118,4096,4110,103.5997
1785338485596965200,254319,23216502118,4096,4110,12.1748
1785338485625117900,254320,23216552118,4096,4110,28.1527
1785338485702305800,254321,23216602118,4096,4110,77.1879
1785338485784843200,254322,23216652118,4096,4110,82.5374
1785338485795244000,254323,23216702118,4096,4110,10.4008
1785338485823395700,254324,23216752118,4096,4110,28.1517
1785338485891647100,254325,23216802118,4096,4110,68.2514
1785338485997767000,254326,23216852118,4096,4110,106.1199
1785338486167436200,254327,23216902118,4096,4110,169.6692
1785338486204741700,254328,23216952118,4096,4110,37.3055
1785338486224633700,254329,23217002118,4096,4110,19.892
1785338486233825900,254330,23217052118,4096,4110,9.1922
1785338486244828300,254331,23217102118,4096,4110,11.0024
1785338486253886700,254332,23217152118,4096,4110,9.0584
1785338486304168300,254333,23217202118,4096,4110,50.2816
1785338486331248900,254334,23217252118,4096,4110,27.0806
1785338486467678800,254335,23217302118,4096,4110,136.4299
1785338486578155800,254336,23217352118,4096,4110,110.477
1785338486632640000,254337,23217402118,4096,4110,54.4842
1785338486668085900,254338,23217452118,4096,4110,35.4459
1785338486686049900,254339,23217502118,4096,4110,17.964
1785338486709709000,254340,23217552118,4096,4110,23.6591
1785338486718686400,254341,23217602118,4096,4110,8.9774
1785338486728868800,254342,23217652344,4096,4110,10.1824
1785338486813231300,254343,23217702118,4096,4110,84.3625
1785338486914327000,254344,23217752118,4096,4110,101.0957
1785338486924693500,254345,23217802118,4096,4110,10.3665
1785338486935048000,254346,23217852123,4096,4110,10.3545
1785338487160185400,254347,23217902118,4096,4110,225.1374
1785338487178258600,254348,23217952148,4096,4110,18.0732
1785338487194738500,254349,23218002121,4096,4110,16.4799
1785338487205702300,254350,23218052118,4096,4110,10.9638
1785338487219777900,254351,23218102118,4096,4110,14.0756
1785338487270935000,254352,23218152118,4096,4110,51.1571
1785338487319793000,254353,23218202118,4096,4110,48.858
1785338487363962900,254354,23218252118,4096,4110,44.1699
1785338487420615900,254355,23218302118,4096,4110,56.653
1785338487430258700,254356,23218352118,4096,4110,9.6428
1785338487471196000,254357,23218402118,4096,4110,40.9373
1785338487531871600,254358,23218452118,4096,4110,60.6756
1785338487634157700,254359,23218502118,4096,4110,102.2861
1785338487646241800,254360,23218552118,4096,4110,12.0841
1785338487675968500,254361,23218602118,4096,4110,29.7267
1785338487733914300,254362,23218652118,4096,4110,57.9458
1785338487838809700,254363,23218702118,4096,4110,104.8954
1785338487848808400,254364,23218752118,4096,4110,9.9987
1785338487876395300,254365,23218802118,4096,4110,27.5869
1785338487941223600,254366,23218852118,4096,4110,64.8283
1785338488041969700,254367,23218902118,4096,4110,100.7461
1785338488214928900,254368,23218952118,4096,4110,172.9592
1785338488227966100,254369,23219002118,4096,4110,13.0372
1785338488237984300,254370,23219052118,4096,4110,10.0182
1785338488248134100,254371,23219102118,4096,4110,10.1498
1785338488256556700,254372,23219152118,4096,4110,8.4226
1785338488277537500,254373,23219202118,4096,4110,20.9808
1785338488351445600,254374,23219252118,4096,4110,73.9081
1785338488380760000,254375,23219302118,4096,4110,29.3144
1785338488455139500,254376,23219352118,4096,4110,74.3795
1785338488482331600,254377,23219402118,4096,4110,27.1921
1785338488553362000,254378,23219452118,4096,4110,71.0304
1785338488654413100,254379,23219502118,4096,4110,101.0511
1785338488665963900,254380,23219552118,4096,4110,11.5508
1785338488676192800,254381,23219602118,4096,4110,10.2289
1785338488759061600,254382,23219652118,4096,4110,82.8688
1785338488861584900,254383,23219702118,4096,4110,102.5233
1785338488873340000,254384,23219752118,4096,4110,11.7551
1785338488885356300,254385,23219802118,4096,4110,12.0163
1785338488965881100,254386,23219852118,4096,4110,80.5248
1785338489063132900,254387,23219902118,4096,4110,97.2518
1785338489207386000,254388,23219952118,4096,4110,144.2531
1785338489221825100,254389,23220002153,4096,4110,14.4391
1785338489232785500,254390,23220052118,4096,4110,10.9604
1785338489243057300,254391,23220102125,4096,4110,10.2718
1785338489264463100,254392,23220152120,4096,4110,21.4058
1785338489272881000,254393,23220202156,4096,4110,8.4179
1785338489324273700,254394,23220252118,4096,4110,51.3927
1785338489373700400,254395,23220302118,4096,4110,49.4267
1785338489425405300,254396,23220352118,4096,4110,51.7049
1785338489473406200,254397,23220402118,4096,4110,48.0009
1785338489523914800,254398,23220452119,4096,4110,50.5086
1785338489576652500,254399,23220502118,4096,4110,52.7377
1785338489624737600,254400,23220552118,4096,4110,48.0851
1785338489683578000,254401,23220602118,4096,4110,58.8404
1785338489781930400,254402,23220652118,4096,4110,98.3524
1785338489793922200,254403,23220702118,4096,4110,11.9918
1785338489825417600,254404,23220752118,4096,4110,31.4954
1785338489887690500,254405,23220802118,4096,4110,62.2729
1785338489986486200,254406,23220852118,4096,4110,98.7957
1785338489997902000,254407,23220902118,4096,4110,11.4158
1785338490023378900,254408,23220952118,4096,4110,25.4769
1785338490230479900,254409,23221002118,4096,4110,207.101
1785338490243877400,254410,23221052118,4096,4110,13.3975
1785338490256271600,254411,23221102118,4096,4110,12.3942
1785338490266574800,254412,23221152118,4096,4110,10.3032
1785338490298709300,254413,23221202118,4096,4110,32.1345
1785338490331855200,254414,23221252118,4096,4110,33.1459
1785338490396710600,254415,23221302118,4096,4110,64.8554
1785338490499866500,254416,23221352118,4096,4110,103.1559
1785338490509979100,254417,23221402118,4096,4110,10.1126
1785338490529202900,254418,23221452118,4096,4110,19.2238
1785338490603759900,254419,23221502118,4096,4110,74.557
1785338490702316000,254420,23221552118,4096,4110,98.5561
1785338490711805400,254421,23221602118,4096,4110,9.4894
1785338490731549000,254422,23221652118,4096,4110,19.7436
1785338490809726000,254423,23221702118,4096,4110,78.177
1785338490909524500,254424,23221752118,4096,4110,99.7985
1785338490922283400,254425,23221802118,4096,4110,12.7589
1785338490932998200,254426,23221852118,4096,4110,10.7148
1785338491010878000,254427,23221902118,4096,4110,77.8798
1785338491061676600,254428,23221952118,4096,4110,50.7986
1785338491244349900,254429,23222002118,4096,4110,182.6733
1785338491260197600,254430,23222052118,4096,4110,15.8477
1785338491273555300,254431,23222102118,4096,4110,13.3577
1785338491285425200,254432,23222152287,4096,4110,11.8699
1785338491324084100,254433,23222202118,4096,4110,38.6589
1785338491337236600,254434,23222252118,4096,4110,13.1525
1785338491420777400,254435,23222302118,4096,4110,83.5408
1785338491433384400,254436,23222352127,4096,4110,12.607
1785338491521024000,254437,23222402118,4096,4110,87.6396
1785338491532376100,254438,23222452118,4096,4110,11.3521
1785338491572628000,254439,23222502118,4096,4110,40.2519
1785338491672251400,254440,23222552118,4096,4110,99.6234
1785338491726457700,254441,23222602118,4096,4110,54.2063
1785338491738314800,254442,23222652118,4096,4110,11.8571
1785338491774747600,254443,23222702118,4096,4110,36.4328
1785338491838399600,254444,23222752118,4096,4110,63.652
1785338491932127100,254445,23222802118,4096,4110,93.7275
1785338491943741300,254446,23222852118,4096,4110,11.6142
1785338491977282500,254447,23222902118,4096,4110,33.5412
1785338492037175200,254448,23222952118,4096,4110,59.8927
1785338492137247100,254449,23223002118,4096,4110,100.0719
1785338492287490800,254450,23223052118,4096,4110,150.2437
1785338492301127400,254451,23223102118,4096,4110,13.6366
1785338492311518900,254452,23223152118,4096,4110,10.3915
1785338492341452900,254453,23223202118,4096,4110,29.934
1785338492356044600,254454,23223252118,4096,4110,14.5917
1785338492374089400,254455,23223302118,4096,4110,18.0448
1785338492445864500,254456,23223352118,4096,4110,71.7751
1785338492547359300,254457,23223402118,4096,4110,101.4948
1785338492558896000,254458,23223452118,4096,4110,11.5367
1785338492575323200,254459,23223502118,4096,4110,16.4272
1785338492649078200,254460,23223552118,4096,4110,73.755
1785338492683406900,254461,23223602118,4096,4110,34.3287
1785338492753268100,254462,23223652118,4096,4110,69.8612
1785338492856035800,254463,23223702118,4096,4110,102.7677
1785338492868688600,254464,23223752118,4096,4110,12.6528
1785338492880961700,254465,23223802118,4096,4110,12.2731
1785338492955777000,254466,23223852118,4096,4110,74.8153
1785338493058337100,254467,23223902118,4096,4110,102.5601
1785338493068503100,254468,23223952118,4096,4110,10.166
1785338493078755700,254469,23224002118,4096,4110,10.2526
1785338493299756000,254470,23224052118,4096,4110,221.0003
1785338493311162000,254471,23224102118,4096,4110,11.406
1785338493321445000,254472,23224152118,4096,4110,10.283
1785338493331382500,254473,23224202118,4096,4110,9.9375
1785338493366653200,254474,23224252119,4096,4110,35.2707
1785338493415024200,254475,23224302118,4096,4110,48.371
1785338493474917800,254476,23224352118,4096,4110,59.8936
1785338493522135400,254477,23224402118,4096,4110,47.2176
1785338493569862200,254478,23224452118,4096,4110,47.7268
1785338493582422500,254479,23224502118,4096,4110,12.5603
1785338493626197900,254480,23224552118,4096,4110,43.7754
1785338493676596900,254481,23224602118,4096,4110,50.399
1785338493824062600,254482,23224652118,4096,4110,147.4657
1785338493883420000,254483,23224702118,4096,4110,59.3574
1785338493953527500,254484,23224752118,4096,4110,70.1075
1785338493995845900,254485,23224802118,4096,4110,42.3184
1785338494030856500,254486,23224852118,4096,4110,35.0106
1785338494049128500,254487,23224902118,4096,4110,18.272
1785338494079098000,254488,23224952118,4096,4110,29.9695
1785338494090776800,254489,23225002118,4096,4110,11.6788
1785338494122480400,254490,23225052118,4096,4110,31.7036
1785338494385840300,254491,23225102118,4096,4110,263.3599
1785338494397747500,254492,23225152118,4096,4110,11.9072
1785338494409108700,254493,23225202118,4096,4110,11.3612
1785338494448103200,254494,23225252118,4096,4110,38.9945
1785338494463328500,254495,23225302118,4096,4110,15.2253
1785338494487363500,254496,23225352118,4096,4110,24.035
1785338494496020900,254497,23225402118,4096,4110,8.6574
1785338494532649000,254498,23225452118,4096,4110,36.6281
1785338494593787400,254499,23225502118,4096,4110,61.1384
1785338494630785300,254500,23225552118,4096,4110,36.9979
1785338494699964600,254501,23225602118,4096,4110,69.1793
1785338494730985400,254502,23225652118,4096,4110,31.0208
1785338494801109600,254503,23225702118,4096,4110,70.1242
1785338494831219300,254504,23225752118,4096,4110,30.1097
1785338494909531700,254505,23225802118,4096,4110,78.3124
1785338495006036000,254506,23225852118,4096,4110,96.5043
1785338495016779500,254507,23225902118,4096,4110,10.7435
1785338495031364400,254508,23225952118,4096,4110,14.5849
1785338495111058200,254509,23226002118,4096,4110,79.6938
1785338495209035000,254510,23226052118,4096,4110,97.9768
1785338495355847900,254511,23226102118,4096,4110,146.8129
1785338495370456100,254512,23226152118,4096,4110,14.6082
1785338495385010800,254513,23226202118,4096,4110,14.5547
1785338495397868500,254514,23226252118,4096,4110,12.8577
1785338495415139800,254515,23226302118,4096,4110,17.2713
1785338495520743100,254516,23226352118,4096,4110,105.6033
1785338495531204700,254517,23226402118,4096,4110,10.4616
1785338495545535800,254518,23226452280,4096,4110,14.3311
1785338495616580000,254519,23226502118,4096,4110,71.0442
1785338495626323800,254520,23226552119,4096,4110,9.7438
1785338495717445300,254521,23226602118,4096,4110,91.1215
1785338495727664300,254522,23226652341,4096,4110,10.219
1785338495774150300,254523,23226702118,4096,4110,46.486
1785338495871637800,254524,23226752118,4096,4110,97.4875
1785338495882715700,254525,23226802118,4096,4110,11.0779
1785338495927713700,254526,23226852118,4096,4110,44.998
1785338495977176600,254527,23226902118,4096,4110,49.4629
1785338496029086600,254528,23226952118,4096,4110,51.91
1785338496132677800,254529,23227002118,4096,4110,103.5912
1785338496143770600,254530,23227052118,4096,4110,11.0928
1785338496172810900,254531,23227102118,4096,4110,29.0403
1785338496434526500,254532,23227152118,4096,4110,261.7156
1785338496457197400,254533,23227202118,4096,4110,22.6709
1785338496469330100,254534,23227252118,4096,4110,12.1327
1785338496478177600,254535,23227302118,4096,4110,8.8475
1785338496487528400,254536,23227352118,4096,4110,9.3508
1785338496541218900,254537,23227402118,4096,4110,53.6905
1785338496552105300,254538,23227452118,4096,4110,10.8864
1785338496575721700,254539,23227502118,4096,4110,23.6164
1785338496647207800,254540,23227552118,4096,4110,71.4861
1785338496744293600,254541,23227602118,4096,4110,97.0858
1785338496757978900,254542,23227652118,4096,4110,13.6853
1785338496775334400,254543,23227702118,4096,4110,17.3555
1785338496847289400,254544,23227752118,4096,4110,71.955
1785338496880015600,254545,23227802118,4096,4110,32.7262
1785338496952316700,254546,23227852118,4096,4110,72.3011
1785338496982933200,254547,23227902118,4096,4110,30.6165
1785338497054750100,254548,23227952118,4096,4110,71.8169
1785338497157203800,254549,23228002118,4096,4110,102.4537
1785338497171048100,254550,23228052118,4096,4110,13.8443
1785338497182632000,254551,23228102118,4096,4110,11.5839
1785338497388319400,254552,23228152118,4096,4110,205.6874
1785338497401781800,254553,23228202118,4096,4110,13.4624
1785338497411034500,254554,23228252118,4096,4110,9.2527
1785338497421995600,254555,23228302118,4096,4110,10.9611
1785338497460944500,254556,23228352118,4096,4110,38.9489
1785338497564431800,254557,23228402118,4096,4110,103.4873
1785338497575252000,254558,23228452118,4096,4110,10.8202
1785338497585436600,254559,23228502125,4096,4110,10.1846
1785338497670503200,254560,23228552118,4096,4110,85.0666
1785338497681683500,254561,23228602118,4096,4110,11.1803
1785338497768145200,254562,23228652118,4096,4110,86.4617
1785338497814992500,254563,23228702285,4096,4110,46.8473
1785338497871282000,254564,23228752118,4096,4110,56.2895
1785338497920478900,254565,23228802118,4096,4110,49.1969
1785338497973104600,254566,23228852118,4096,4110,52.6257
1785338497984196600,254567,23228902118,4096,4110,11.092
1785338498025386800,254568,23228952118,4096,4110,41.1902
1785338498075729500,254569,23229002118,4096,4110,50.3427
1785338498128682800,254570,23229052118,4096,4110,52.9533
1785338498181504000,254571,23229102118,4096,4110,52.8212
1785338498280590100,254572,23229152118,4096,4110,99.0861
1785338498463084100,254573,23229202118,4096,4110,182.494
1785338498477664700,254574,23229252118,4096,4110,14.5806
1785338498496984500,254575,23229302118,4096,4110,19.3198
1785338498510556700,254576,23229352118,4096,4110,13.5722
1785338498523521600,254577,23229402118,4096,4110,12.9649
1785338498532817800,254578,23229452118,4096,4110,9.2962
1785338498584437300,254579,23229502118,4096,4110,51.6195
1785338498688782600,254580,23229552118,4096,4110,104.3453
1785338498697939300,254581,23229602118,4096,4110,9.1567
1785338498720849000,254582,23229652118,4096,4110,22.9097
1785338498795807000,254583,23229702118,4096,4110,74.958
1785338498895260000,254584,23229752118,4096,4110,99.453
1785338498906274800,254585,23229802118,4096,4110,11.0148
1785338498928496500,254586,23229852118,4096,4110,22.2217
1785338499000667000,254587,23229902118,4096,4110,72.1705
1785338499096655500,254588,23229952118,4096,4110,95.9885
1785338499107729000,254589,23230002118,4096,4110,11.0735
1785338499128430800,254590,23230052118,4096,4110,20.7018
1785338499206781600,254591,23230102118,4096,4110,78.3508
1785338499304890900,254592,23230152118,4096,4110,98.1093
1785338499451232100,254593,23230202118,4096,4110,146.3412
1785338499466169800,254594,23230252118,4096,4110,14.9377
1785338499475802700,254595,23230302118,4096,4110,9.6329
1785338499511425300,254596,23230352118,4096,4110,35.6226
1785338499523090600,254597,23230402118,4096,4110,11.6653
1785338499532749300,254598,23230452118,4096,4110,9.6587
1785338499614297400,254599,23230502118,4096,4110,81.5481
1785338499665803700,254600,23230552118,4096,4110,51.5063
1785338499713205600,254601,23230602118,4096,4110,47.4019
1785338499816270000,254602,23230652118,4096,4110,103.0644
1785338499827367200,254603,23230702118,4096,4110,11.0972
1785338499837361700,254604,23230752118,4096,4110,9.9945
1785338499919167400,254605,23230802118,4096,4110,81.8057
1785338499965999100,254606,23230852125,4096,4110,46.8317
1785338500022685100,254607,23230902118,4096,4110,56.686
1785338500034123600,254608,23230952118,4096,4110,11.4385
1785338500071954800,254609,23231002118,4096,4110,37.8312
1785338500128763100,254610,23231052118,4096,4110,56.8083
1785338500175238200,254611,23231102118,4096,4110,46.4751
1785338500228102900,254612,23231152118,4096,4110,52.8647
1785338500274642100,254613,23231202118,4096,4110,46.5392
1785338500490008800,254614,23231252118,4096,4110,215.3667
1785338500505774500,254615,23231302118,4096,4110,15.7657
1785338500516919700,254616,23231352118,4096,4110,11.1452
1785338500526806200,254617,23231402118,4096,4110,9.8865
1785338500536841200,254618,23231452118,4096,4110,10.035
1785338500641154700,254619,23231502118,4096,4110,104.3135
1785338500652687000,254620,23231552118,4096,4110,11.5323
1785338500673476300,254621,23231602118,4096,4110,20.7893
1785338500739833300,254622,23231652118,4096,4110,66.357
1785338500838052400,254623,23231702118,4096,4110,98.2191
1785338500848519900,254624,23231752118,4096,4110,10.4675
1785338500872232700,254625,23231802118,4096,4110,23.7128
1785338500947617700,254626,23231852118,4096,4110,75.385
1785338500976593200,254627,23231902118,4096,4110,28.9755
1785338501049725500,254628,23231952118,4096,4110,73.1323
1785338501079735700,254629,23232002118,4096,4110,30.0102
1785338501150299000,254630,23232052118,4096,4110,70.5633
1785338501253002300,254631,23232102118,4096,4110,102.7033
1785338501265483700,254632,23232152118,4096,4110,12.4814
1785338501281146300,254633,23232202118,4096,4110,15.6626
1785338501480944000,254634,23232252118,4096,4110,199.7977
1785338501493847900,254635,23232302118,4096,4110,12.9039
1785338501505357500,254636,23232352118,4096,4110,11.5096
1785338501516004600,254637,23232402118,4096,4110,10.6471
1785338501559295200,254638,23232452118,4096,4110,43.2906
1785338501659881600,254639,23232502118,4096,4110,100.5864
1785338501671815600,254640,23232552118,4096,4110,11.934
1785338501682890000,254641,23232602118,4096,4110,11.0744
1785338501770047400,254642,23232652118,4096,4110,87.1574
1785338501866418000,254643,23232702118,4096,4110,96.3706
1785338501881078100,254644,23232752118,4096,4110,14.6601
1785338501895071600,254645,23232801333,4096,4110,13.9935
1785338501967153500,254646,23232852118,4096,4110,72.0819
1785338501978334300,254647,23232902132,4096,4110,11.1808
1785338502070887700,254648,23232952118,4096,4110,92.5534
1785338502080887200,254649,23233002118,4096,4110,9.9995
1785338502124442200,254650,23233052118,4096,4110,43.555
1785338502177270700,254651,23233102118,4096,4110,52.8285
1785338502270605800,254652,23233152118,4096,4110,93.3351
1785338502287152300,254653,23233202118,4096,4110,16.5465
1785338502528257700,254654,23233252118,4096,4110,241.1054
1785338502538721400,254655,23233302118,4096,4110,10.4637
1785338502549108400,254656,23233352118,4096,4110,10.387
1785338502560180400,254657,23233402118,4096,4110,11.072
1785338502581878800,254658,23233452118,4096,4110,21.6984
1785338502590506500,254659,23233502118,4096,4110,8.6277
1785338502623243500,254660,23233552118,4096,4110,32.737
1785338502688518400,254661,23233602118,4096,4110,65.2749
1785338502787213900,254662,23233652118,4096,4110,98.6955
1785338502798460700,254663,23233702118,4096,4110,11.2468
1785338502824682900,254664,23233752118,4096,4110,26.2222
1785338502891534700,254665,23233802118,4096,4110,66.8518
1785338502990893400,254666,23233852118,4096,4110,99.3587
1785338503002289100,254667,23233902118,4096,4110,11.3957
1785338503023174400,254668,23233952118,4096,4110,20.8853
1785338503094725900,254669,23234002118,4096,4110,71.5515
1785338503202714800,254670,23234052118,4096,4110,107.9889
1785338503213864000,254671,23234102118,4096,4110,11.1492
1785338503228215200,254672,23234152118,4096,4110,14.3512
1785338503300252800,254673,23234202118,4096,4110,72.0376
1785338503400990700,254674,23234252118,4096,4110,100.7379
1785338503546934800,254675,23234302118,4096,4110,145.9441
1785338503559541100,254676,23234352118,4096,4110,12.6063
1785338503569832500,254677,23234402118,4096,4110,10.2914
1785338503605195800,254678,23234452118,4096,4110,35.3633
1785338503615847500,254679,23234502118,4096,4110,10.6517
1785338503626625900,254680,23234552118,4096,4110,10.7784
1785338503715762500,254681,23234602118,4096,4110,89.1366
1785338503809626500,254682,23234652118,4096,4110,93.864
1785338503821827500,254683,23234702118,4096,4110,12.201
1785338503833166900,254684,23234752118,4096,4110,11.3394
1785338503915967600,254685,23234802118,4096,4110,82.8007
1785338503967432300,254686,23234852118,4096,4110,51.4647
1785338504016113800,254687,23234902127,4096,4110,48.6815
1785338504064306200,254688,23234952118,4096,4110,48.1924
1785338504121392600,254689,23235002118,4096,4110,57.0864
1785338504131602900,254690,23235052118,4096,4110,10.2103
1785338504216754500,254691,23235102127,4096,4110,85.1516
1785338504264466100,254692,23235152118,4096,4110,47.7116
1785338504320617500,254693,23235201314,4096,4110,56.1514
1785338504332480000,254694,23235252118,4096,4110,11.8625
1785338504377786800,254695,23235302118,4096,4110,45.3068
1785338504553197400,254696,23235352118,4096,4110,175.4106
1785338504566835200,254697,23235402118,4096,4110,13.6378
1785338504577664600,254698,23235452118,4096,4110,10.8294
1785338504587746600,254699,23235502118,4096,4110,10.082
1785338504630571900,254700,23235552118,4096,4110,42.8253
1785338504734124400,254701,23235602118,4096,4110,103.5525
1785338504746178800,254702,23235652118,4096,4110,12.0544
1785338504774751500,254703,23235702118,4096,4110,28.5727
1785338504836822400,254704,23235752118,4096,4110,62.0709
1785338504937160800,254705,23235802118,4096,4110,100.3384
1785338504951014200,254706,23235852118,4096,4110,13.8534
1785338504971261800,254707,23235902118,4096,4110,20.2476
1785338505037662600,254708,23235952118,4096,4110,66.4008
1785338505142054800,254709,23236002118,4096,4110,104.3922
1785338505152256900,254710,23236052118,4096,4110,10.2021
1785338505173200800,254711,23236102118,4096,4110,20.9439
1785338505243490500,254712,23236152118,4096,4110,70.2897
1785338505345594100,254713,23236202118,4096,4110,102.1036
1785338505355782000,254714,23236252118,4096,4110,10.1879
1785338505377291300,254715,23236302118,4096,4110,21.5093
1785338505576984400,254716,23236352118,4096,4110,199.6931
1785338505593405300,254717,23236402118,4096,4110,16.4209
1785338505603904700,254718,23236452118,4096,4110,10.4994
1785338505654704200,254719,23236502118,4096,4110,50.7995
1785338505666394000,254720,23236552118,4096,4110,11.6898
1785338505681879300,254721,23236602118,4096,4110,15.4853
1785338505758015100,254722,23236652118,4096,4110,76.1358
1785338505781264800,254723,23236702118,4096,4110,23.2497
1785338505857870400,254724,23236752118,4096,4110,76.6056
1785338505961140100,254725,23236802118,4096,4110,103.2697
1785338505971481900,254726,23236852118,4096,4110,10.3418
1785338505981726200,254727,23236902128,4096,4110,10.2443
1785338506063718200,254728,23236952118,4096,4110,81.992
1785338506163350900,254729,23237002118,4096,4110,99.6327
1785338506175447700,254730,23237052118,4096,4110,12.0968
1785338506186761400,254731,23237102121,4096,4110,11.3137
1785338506267466800,254732,23237152118,4096,4110,80.7054
1785338506278990500,254733,23237202138,4096,4110,11.5237
1785338506371967600,254734,23237252118,4096,4110,92.9771
1785338506386071700,254735,23237302123,4096,4110,14.1041
1785338506424864100,254736,23237352118,4096,4110,38.7924
1785338506615448400,254737,23237402118,4096,4110,190.5843
1785338506631168600,254738,23237452118,4096,4110,15.7202
1785338506639729000,254739,23237502118,4096,4110,8.5604
1785338506647952600,254740,23237552118,4096,4110,8.2236
1785338506684077300,254741,23237602118,4096,4110,36.1247
1785338506726266700,254742,23237652118,4096,4110,42.1894
1785338506780585500,254743,23237702118,4096,4110,54.3188
1785338506881516000,254744,23237752118,4096,4110,100.9305
1785338506892046700,254745,23237802118,4096,4110,10.5307
1785338506922487100,254746,23237852118,4096,4110,30.4404
1785338506987466300,254747,23237902118,4096,4110,64.9792
1785338507087486100,254748,23237952118,4096,4110,100.0198
1785338507100064300,254749,23238002118,4096,4110,12.5782
1785338507126448100,254750,23238052118,4096,4110,26.3838
1785338507187811100,254751,23238102118,4096,4110,61.363
1785338507292442800,254752,23238152118,4096,4110,104.6317
1785338507303239500,254753,23238202118,4096,4110,10.7967
1785338507327359300,254754,23238252118,4096,4110,24.1198
1785338507395447800,254755,23238302118,4096,4110,68.0885
1785338507432641600,254756,23238352118,4096,4110,37.1938
1785338507661206800,254757,23238402118,4096,4110,228.5652
1785338507743021500,254758,23238452118,4096,4110,81.8147
1785338507766093000,254759,23238502118,4096,4110,23.0715
1785338507797975400,254760,23238552118,4096,4110,31.8824
1785338507817835100,254761,23238602118,4096,4110,19.8597
1785338507850866800,254762,23238652118,4096,4110,33.0317
1785338507871111500,254763,23238702118,4096,4110,20.2447
1785338507894078000,254764,23238752118,4096,4110,22.9665
1785338507920793400,254765,23238802118,4096,4110,26.7154
1785338508010681700,254766,23238852118,4096,4110,89.8883
1785338508029124000,254767,23238902118,4096,4110,18.4423
1785338508042232300,254768,23238952118,4096,4110,13.1083
1785338508113594600,254769,23239002118,4096,4110,71.3623
1785338508168915600,254770,23239052118,4096,4110,55.321
1785338508221609900,254771,23239102118,4096,4110,52.6943
1785338508275813500,254772,23239152118,4096,4110,54.2036
1785338508325059800,254773,23239202121,4096,4110,49.2463
1785338508362561400,254774,23239252120,4096,4110,37.5016
1785338508419142000,254775,23239302118,4096,4110,56.5806
1785338508437840000,254776,23239352118,4096,4110,18.698
1785338508516809400,254777,23239402118,4096,4110,78.9694
1785338508798974600,254778,23239452326,4096,4110,282.1652
1785338508885290800,254779,23239502118,4096,4110,86.3162
1785338508957162900,254780,23239552118,4096,4110,71.8721
1785338508979333800,254781,23239602118,4096,4110,22.1709
1785338509015570200,254782,23239652118,4096,4110,36.2364
1785338509030853200,254783,23239702121,4096,4110,15.283
1785338509046994200,254784,23239752118,4096,4110,16.141
1785338509057539500,254785,23239802118,4096,4110,10.5453
1785338509077271300,254786,23239852118,4096,4110,19.7318
1785338509102617600,254787,23239902118,4096,4110,25.3463
1785338509128095000,254788,23239952118,4096,4110,25.4774
1785338509151608400,254789,23240002118,4096,4110,23.5134
1785338509165370900,254790,23240052118,4096,4110,13.7625
1785338509185543000,254791,23240102118,4096,4110,20.1721
1785338509256710600,254792,23240152118,4096,4110,71.1676
1785338509337625800,254793,23240202118,4096,4110,80.9152
1785338509356454100,254794,23240252118,4096,4110,18.8283
1785338509375245400,254795,23240302118,4096,4110,18.7913
1785338509443787900,254796,23240352118,4096,4110,68.5425
1785338509549468800,254797,23240402118,4096,4110,105.6809
1785338509702390700,254798,23240452118,4096,4110,152.9219
1785338509724678600,254799,23240502118,4096,4110,22.2879
1785338509736372100,254800,23240552118,4096,4110,11.6935
1785338509760793200,254801,23240602118,4096,4110,24.4211
1785338509772966000,254802,23240652118,4096,4110,12.1728
1785338509784147700,254803,23240702118,4096,4110,11.1817
1785338509918415700,254804,23240752118,4096,4110,134.268
1785338510013949800,254805,23240802118,4096,4110,95.5341
1785338510070230700,254806,23240852118,4096,4110,56.2809
1785338510106128100,254807,23240902118,4096,4110,35.8974
1785338510125725000,254808,23240952118,4096,4110,19.5969
1785338510139948700,254809,23241002118,4096,4110,14.2237
1785338510178881900,254810,23241052118,4096,4110,38.9332
1785338510266503400,254811,23241102118,4096,4110,87.6215
1785338510279266900,254812,23241152118,4096,4110,12.7635
1785338510293029600,254813,23241202118,4096,4110,13.7627
1785338510369799600,254814,23241252118,4096,4110,76.77
1785338510381882000,254815,23241302123,4096,4110,12.0824
1785338510469920800,254816,23241352118,4096,4110,88.0388
1785338510492630000,254817,23241402270,4096,4110,22.7092
1785338510729651600,254818,23241452118,4096,4110,237.0216
1785338510755579300,254819,23241502119,4096,4110,25.9277
1785338510770057300,254820,23241552118,4096,4110,14.478
1785338510791173300,254821,23241602118,4096,4110,21.116
1785338510802287700,254822,23241652118,4096,4110,11.1144
1785338510812718000,254823,23241702118,4096,4110,10.4303
1785338510827337600,254824,23241752118,4096,4110,14.6196
1785338510876431900,254825,23241802118,4096,4110,49.0943
1785338510985304500,254826,23241852118,4096,4110,108.8726
1785338511002607000,254827,23241902118,4096,4110,17.3025
1785338511021556000,254828,23241952118,4096,4110,18.949
1785338511081676700,254829,23242002118,4096,4110,60.1207
1785338511184672200,254830,23242052118,4096,4110,102.9955
1785338511202096300,254831,23242102118,4096,4110,17.4241
1785338511223643900,254832,23242152118,4096,4110,21.5476
1785338511288597200,254833,23242202118,4096,4110,64.9533
1785338511394997200,254834,23242252118,4096,4110,106.4
1785338511416941700,254835,23242302118,4096,4110,21.9445
1785338511425503000,254836,23242352118,4096,4110,8.5613
1785338511491734700,254837,23242402118,4096,4110,66.2317
1785338511591634500,254838,23242452118,4096,4110,99.8998
1785338511888717500,254839,23242502118,4096,4110,297.083
1785338511944190600,254840,23242552118,4096,4110,55.4731
1785338511995463200,254841,23242602118,4096,4110,51.2726
1785338512012022300,254842,23242652118,4096,4110,16.5591
1785338512027080700,254843,23242702118,4096,4110,15.0584
1785338512047112900,254844,23242752118,4096,4110,20.0322
1785338512058442800,254845,23242802118,4096,4110,11.3299
1785338512073320400,254846,23242852118,4096,4110,14.8776
1785338512093329800,254847,23242902118,4096,4110,20.0094
1785338512103727300,254848,23242952118,4096,4110,10.3975
1785338512114020500,254849,23243002118,4096,4110,10.2932
1785338512122850400,254850,23243052118,4096,4110,8.8299
1785338512205919800,254851,23243102118,4096,4110,83.0694
1785338512324684800,254852,23243152118,4096,4110,118.765
1785338512337793900,254853,23243202118,4096,4110,13.1091
1785338512355403500,254854,23243252118,4096,4110,17.6096
1785338512413292300,254855,23243302118,4096,4110,57.8888
1785338512517086300,254856,23243352118,4096,4110,103.794
1785338512532221400,254857,23243402118,4096,4110,15.1351
1785338512542459200,254858,23243452124,4096,4110,10.2378
1785338512786159400,254859,23243502118,4096,4110,243.7002
1785338512801702100,254860,23243552118,4096,4110,15.5427
1785338512814893400,254861,23243602118,4096,4110,13.1913
1785338512830715700,254862,23243652121,4096,4110,15.8223
1785338512850222400,254863,23243702118,4096,4110,19.5067
1785338512871606600,254864,23243752118,4096,4110,21.3842
1785338512923390600,254865,23243802123,4096,4110,51.784
1785338512937889000,254866,23243852118,4096,4110,14.4984
1785338512981779400,254867,23243902118,4096,4110,43.8904
1785338513028396000,254868,23243952118,4096,4110,46.6166
1785338513137030700,254869,23244002118,4096,4110,108.6347
1785338513148340700,254870,23244052118,4096,4110,11.31
1785338513183766400,254871,23244102118,4096,4110,35.4257
1785338513237499000,254872,23244152118,4096,4110,53.7326
1785338513365812100,254873,23244202118,4096,4110,128.3131
1785338513412469200,254874,23244252118,4096,4110,46.6571
1785338513461858700,254875,23244302118,4096,4110,49.3895
1785338513518188200,254876,23244352118,4096,4110,56.3295
1785338513562100800,254877,23244402118,4096,4110,43.9126
1785338513607565400,254878,23244452118,4096,4110,45.4646
1785338513757220500,254879,23244502118,4096,4110,149.6551
1785338513769734800,254880,23244552118,4096,4110,12.5143
1785338513782346000,254881,23244602118,4096,4110,12.6112
1785338513797204900,254882,23244652118,4096,4110,14.8589
1785338513810148500,254883,23244702118,4096,4110,12.9436
1785338513847738500,254884,23244752118,4096,4110,37.59
1785338513879805300,254885,23244802118,4096,4110,32.0668
1785338513948542200,254886,23244852118,4096,4110,68.7369
1785338514052590000,254887,23244902118,4096,4110,104.0478
1785338514066018200,254888,23244952118,4096,4110,13.4282
1785338514088424900,254889,23245002118,4096,4110,22.4067
1785338514151389800,254890,23245052118,4096,4110,62.9649
1785338514334865800,254891,23245102118,4096,4110,183.476
1785338514442056300,254892,23245152118,4096,4110,107.1905
1785338514482561100,254893,23245202118,4096,4110,40.5048
1785338514548981700,254894,23245252118,4096,4110,66.4206
1785338514599074400,254895,23245302118,4096,4110,50.0927
1785338514622354700,254896,23245352118,4096,4110,23.2803
1785338514651089700,254897,23245402118,4096,4110,28.735
1785338514856463000,254898,23245452118,4096,4110,205.3733
1785338514874145500,254899,23245502118,4096,4110,17.6825
1785338514929744400,254900,23245552118,4096,4110,55.5989
1785338514950219000,254901,23245601278,4096,4110,20.4746
1785338514998730600,254902,23245652118,4096,4110,48.5116
1785338515010975700,254903,23245702119,4096,4110,12.2451
1785338515037600300,254904,23245752177,4096,4110,26.6246
1785338515058822400,254905,23245802118,4096,4110,21.2221
1785338515078760600,254906,23245852118,4096,4110,19.9382
1785338515102234600,254907,23245902118,4096,4110,23.474
1785338515125698500,254908,23245952128,4096,4110,23.4639
1785338515135448800,254909,23246002118,4096,4110,9.7503
1785338515144470600,254910,23246052118,4096,4110,9.0218
1785338515176848800,254911,23246102118,4096,4110,32.3782
1785338515290495300,254912,23246152118,4096,4110,113.6465
1785338515315138500,254913,23246202118,4096,4110,24.6432
1785338515323999700,254914,23246252118,4096,4110,8.8612
1785338515459242400,254915,23246302118,4096,4110,135.2427
1785338515515962700,254916,23246352118,4096,4110,56.7203
1785338515599942900,254917,23246402118,4096,4110,83.9802
1785338515653946100,254918,23246452118,4096,4110,54.0032
1785338515843408900,254919,23246502118,4096,4110,189.4628
1785338515857220600,254920,23246552118,4096,4110,13.8117
1785338515869161000,254921,23246602118,4096,4110,11.9404
1785338515892509200,254922,23246652118,4096,4110,23.3482
1785338515909140300,254923,23246702118,4096,4110,16.6311
1785338515921138900,254924,23246752118,4096,4110,11.9986
1785338515930831000,254925,23246802118,4096,4110,9.6921
1785338515957232800,254926,23246852118,4096,4110,26.4018
1785338516004725300,254927,23246902118,4096,4110,47.4925
1785338516105882700,254928,23246952118,4096,4110,101.1574
1785338516138966400,254929,23247002118,4096,4110,33.0837
1785338516166246000,254930,23247052118,4096,4110,27.2796
1785338516215366200,254931,23247102118,4096,4110,49.1202
1785338516225629700,254932,23247152118,4096,4110,10.2635
1785338516312621900,254933,23247202118,4096,4110,86.9922
1785338516416087400,254934,23247252118,4096,4110,103.4655
1785338516425410200,254935,23247302118,4096,4110,9.3228
1785338516435172700,254936,23247352118,4096,4110,9.7625
1785338516517467200,254937,23247402118,4096,4110,82.2945
1785338516528267200,254938,23247452164,4096,4110,10.8
1785338516613315300,254939,23247502118,4096,4110,85.0481
1785338516761793900,254940,23247552118,4096,4110,148.4786
1785338517053687800,254941,23247602118,4096,4110,291.8939
1785338517104705500,254942,23247652118,4096,4110,51.0177
1785338517126259600,254943,23247702118,4096,4110,21.5541
1785338517156734000,254944,23247752120,4096,4110,30.4744
1785338517172713300,254945,23247802118,4096,4110,15.9793
1785338517182504500,254946,23247852123,4096,4110,9.7912
1785338517188593700,254947,23247902118,4096,4110,6.0892
1785338517196093300,254948,23247952118,4096,4110,7.4996
1785338517204629100,254949,23248002118,4096,4110,8.5358
1785338517212706400,254950,23248052118,4096,4110,8.0773
1785338517221563100,254951,23248102118,4096,4110,8.8567
1785338517230239300,254952,23248152118,4096,4110,8.6762
1785338517272098200,254953,23248202118,4096,4110,41.8589
1785338517325695600,254954,23248252118,4096,4110,53.5974
1785338517429981100,254955,23248302118,4096,4110,104.2855
1785338517438768600,254956,23248352118,4096,4110,8.7875
1785338517476129700,254957,23248402118,4096,4110,37.3611
1785338517529461500,254958,23248452118,4096,4110,53.3318
1785338517632160500,254959,23248502118,4096,4110,102.699
1785338517642146800,254960,23248552118,4096,4110,9.9863
1785338517672005900,254961,23248602118,4096,4110,29.8591
1785338517736059700,254962,23248652118,4096,4110,64.0538
1785338517838802800,254963,23248702118,4096,4110,102.7431
1785338517987207400,254964,23248752118,4096,4110,148.4046
1785338518000492500,254965,23248802118,4096,4110,13.2851
1785338518009928500,254966,23248852118,4096,4110,9.436
1785338518042683700,254967,23248902118,4096,4110,32.7552
1785338518051332900,254968,23248952118,4096,4110,8.6492
1785338518077021300,254969,23249002118,4096,4110,25.6884
1785338518149667400,254970,23249052118,4096,4110,72.6461
1785338518176743200,254971,23249102118,4096,4110,27.0758
1785338518274424300,254972,23249152118,4096,4110,97.6811
1785338518358500400,254973,23249202118,4096,4110,84.0761
1785338518369662400,254974,23249252118,4096,4110,11.162
1785338518379896100,254975,23249302118,4096,4110,10.2337
1785338518458323900,254976,23249352118,4096,4110,78.4278
1785338518560704700,254977,23249402118,4096,4110,102.3808
1785338518572216100,254978,23249452118,4096,4110,11.5114
1785338518582392900,254979,23249502118,4096,4110,10.1768
1785338518664901600,254980,23249552118,4096,4110,82.5087
1785338518782878300,254981,23249602118,4096,4110,117.9767
1785338518797444400,254982,23249652118,4096,4110,14.5661
1785338518811525000,254983,23249723477,4096,4110,14.0806
1785338519010036400,254984,23249752118,4096,4110,198.5114
1785338519025890500,254985,23249802118,4096,4110,15.8541
1785338519035845300,254986,23249852118,4096,4110,9.9548
1785338519069962700,254987,23249901259,4096,4110,34.1174
1785338519083215600,254988,23249952118,4096,4110,13.2529
1785338519093138300,254989,23250002118,4096,4110,9.9227
1785338519166524900,254990,23250052118,4096,4110,73.3866
1785338519218668200,254991,23250102125,4096,4110,52.1433
1785338519271347400,254992,23250152118,4096,4110,52.6792
1785338519283623300,254993,23250202118,4096,4110,12.2759
1785338519326761100,254994,23250252118,4096,4110,43.1378
1785338519376996100,254995,23250302118,4096,4110,50.235
1785338519421011100,254996,23250352118,4096,4110,44.015
1785338519477326400,254997,23250402118,4096,4110,56.3153
1785338519576175900,254998,23250452118,4096,4110,98.8495
1785338519586634100,254999,23250502118,4096,4110,10.4582
1785338519622636500,255000,23250552118,4096,4110,36.0024
1785338519680154800,255001,23250602118,4096,4110,57.5183
1785338519723205500,255002,23250652118,4096,4110,43.0507
1785338519781940500,255003,23250702118,4096,4110,58.735
1785338519881598100,255004,23250752118,4096,4110,99.6576
1785338520038723800,255005,23250802118,4096,4110,157.1257
1785338520057464900,255006,23250852118,4096,4110,18.7411
1785338520069848800,255007,23250902118,4096,4110,12.3839
1785338520079489500,255008,23250952118,4096,4110,9.6407
1785338520089914300,255009,23251002118,4096,4110,10.4248
1785338520194462500,255010,23251052118,4096,4110,104.5482
1785338520206138100,255011,23251102118,4096,4110,11.6756
1785338520222096800,255012,23251152118,4096,4110,15.9587
1785338520297876500,255013,23251202118,4096,4110,75.7797
1785338520401641200,255014,23251252118,4096,4110,103.7647
1785338520411505300,255015,23251302118,4096,4110,9.8641
1785338520426727600,255016,23251352118,4096,4110,15.2223
1785338520502446700,255017,23251402118,4096,4110,75.7191
1785338520602984300,255018,23251452118,4096,4110,100.5376
1785338520613971300,255019,23251502118,4096,4110,10.987
1785338520624130500,255020,23251552118,4096,4110,10.1592
1785338520702767900,255021,23251602118,4096,4110,78.6374
1785338520805042600,255022,23251652118,4096,4110,102.2747
1785338520814062000,255023,23251702118,4096,4110,9.0194
1785338520823031500,255024,23251752118,4096,4110,8.9695
1785338521042532700,255025,23251802118,4096,4110,219.5012
1785338521055690600,255026,23251852118,4096,4110,13.1579
1785338521066478900,255027,23251902118,4096,4110,10.7883
1785338521078694700,255028,23251952120,4096,4110,12.2158
1785338521118320500,255029,23252002118,4096,4110,39.6258
1785338521163990000,255030,23252052118,4096,4110,45.6695
1785338521217800100,255031,23252102118,4096,4110,53.8101
1785338521228204400,255032,23252152118,4096,4110,10.4043
1785338521318425000,255033,23252202118,4096,4110,90.2206
1785338521328687700,255034,23252252118,4096,4110,10.2627
1785338521371600000,255035,23252302118,4096,4110,42.9123
1785338521464207400,255036,23252352118,4096,4110,92.6074
1785338521522056200,255037,23252402118,4096,4110,57.8488
1785338521568521700,255038,23252452118,4096,4110,46.4655
1785338521577039100,255039,23252502118,4096,4110,8.5174
1785338521632210400,255040,23252552118,4096,4110,55.1713
1785338521726668100,255041,23252602118,4096,4110,94.4577
1785338521736753400,255042,23252652118,4096,4110,10.0853
1785338521772298500,255043,23252702118,4096,4110,35.5451
1785338521834572200,255044,23252752118,4096,4110,62.2737
1785338521877477100,255045,23252802118,4096,4110,42.9049
1785338522057259600,255046,23252852118,4096,4110,179.7825
1785338522065902200,255047,23252902118,4096,4110,8.6426
1785338522075781900,255048,23252952118,4096,4110,9.8797
1785338522084711700,255049,23253002118,4096,4110,8.9298
1785338522142864800,255050,23253052118,4096,4110,58.1531
1785338522240144500,255051,23253102118,4096,4110,97.2797
1785338522250620200,255052,23253152118,4096,4110,10.4757
1785338522273444400,255053,23253202118,4096,4110,22.8242
1785338522344429500,255054,23253252118,4096,4110,70.9851
1785338522372533700,255055,23253302118,4096,4110,28.1042
1785338522446492100,255056,23253352118,4096,4110,73.9584
1785338522477603700,255057,23253402118,4096,4110,31.1116
1785338522548917200,255058,23253452118,4096,4110,71.3135
1785338522579180700,255059,23253502118,4096,4110,30.2635
1785338522650936800,255060,23253552118,4096,4110,71.7561
1785338522753345300,255061,23253602118,4096,4110,102.4085
1785338522763811000,255062,23253652118,4096,4110,10.4657
1785338522772470500,255063,23253702118,4096,4110,8.6595
1785338522858042800,255064,23253752118,4096,4110,85.5723
1785338522957824500,255065,23253802118,4096,4110,99.7817
1785338523152870300,255066,23253852118,4096,4110,195.0458
1785338523160587500,255067,23253902118,4096,4110,7.7172
1785338523166970500,255068,23253952118,4096,4110,6.383
1785338523174265600,255069,23254002118,4096,4110,7.2951
1785338523183947400,255070,23254052118,4096,4110,9.6818
1785338523192633900,255071,23254102121,4096,4110,8.6865
1785338523266993400,255072,23254152118,4096,4110,74.3595
1785338523276332800,255073,23254202125,4096,4110,9.3394
1785338523367753300,255074,23254252118,4096,4110,91.4205
1785338523379906000,255075,23254302118,4096,4110,12.1527
1785338523467676600,255076,23254352118,4096,4110,87.7706
1785338523480558400,255077,23254402118,4096,4110,12.8818
1785338523521674000,255078,23254452118,4096,4110,41.1156
1785338523572174500,255079,23254502118,4096,4110,50.5005
1785338523624231500,255080,23254552118,4096,4110,52.057
1785338523675005200,255081,23254602118,4096,4110,50.7737
1785338523783084900,255082,23254652118,4096,4110,108.0797
1785338523793079100,255083,23254702118,4096,4110,9.9942
1785338523826207900,255084,23254752118,4096,4110,33.1288
1785338523884698000,255085,23254802118,4096,4110,58.4901
1785338523927155000,255086,23254852118,4096,4110,42.457
1785338524121245300,255087,23254902118,4096,4110,194.0903
1785338524128906400,255088,23254952118,4096,4110,7.6611
1785338524135244700,255089,23255002118,4096,4110,6.3383
1785338524141307600,255090,23255052118,4096,4110,6.0629
1785338524184895100,255091,23255102118,4096,4110,43.5875
1785338524227035800,255092,23255152118,4096,4110,42.1407
1785338524283207500,255093,23255202118,4096,4110,56.1717
1785338524385888300,255094,23255252118,4096,4110,102.6808
1785338524395972800,255095,23255302118,4096,4110,10.0845
1785338524422452700,255096,23255352118,4096,4110,26.4799
1785338524493208600,255097,23255402118,4096,4110,70.7559
1785338524525030500,255098,23255452118,4096,4110,31.8219
1785338524598022800,255099,23255502118,4096,4110,72.9923
1785338524629187000,255100,23255552118,4096,4110,31.1642
1785338524692094400,255101,23255602118,4096,4110,62.9074
1785338524728107100,255102,23255652118,4096,4110,36.0127
1785338524800065900,255103,23255702118,4096,4110,71.9588
1785338524901248900,255104,23255752118,4096,4110,101.183
1785338524913678200,255105,23255802118,4096,4110,12.4293
1785338524924247200,255106,23255852118,4096,4110,10.569
1785338525134871500,255107,23255902118,4096,4110,210.6243
1785338525146903800,255108,23255952118,4096,4110,12.0323
1785338525155385200,255109,23256002118,4096,4110,8.4814
1785338525164623700,255110,23256052118,4096,4110,9.2385
1785338525208814900,255111,23256102118,4096,4110,44.1912
1785338525309878700,255112,23256152118,4096,4110,101.0638
1785338525320268600,255113,23256202118,4096,4110,10.3899
1785338525330337400,255114,23256252118,4096,4110,10.0688
1785338525412476800,255115,23256302118,4096,4110,82.1394
1785338525472273300,255116,23256352118,4096,4110,59.7965
1785338525516870200,255117,23256402118,4096,4110,44.5969
1785338525567064700,255118,23256452208,4096,4110,50.1945
1785338525613330300,255119,23256502118,4096,4110,46.2656
1785338525623370900,255120,23256552118,4096,4110,10.0406
1785338525672599900,255121,23256602120,4096,4110,49.229
1785338525723332700,255122,23256652123,4096,4110,50.7328
1785338525773677100,255123,23256702118,4096,4110,50.3444
1785338525867011000,255124,23256752118,4096,4110,93.3339
1785338525917797300,255125,23256802118,4096,4110,50.7863
1785338525965556900,255126,23256852118,4096,4110,47.7596
1785338526024134400,255127,23256902118,4096,4110,58.5775
1785338526176179400,255128,23256952118,4096,4110,152.045
1785338526188259000,255129,23257002118,4096,4110,12.0796
1785338526197915300,255130,23257052118,4096,4110,9.6563
1785338526208004800,255131,23257102118,4096,4110,10.0895
1785338526228058700,255132,23257152118,4096,4110,20.0539
1785338526277426700,255133,23257202118,4096,4110,49.368
1785338526340797400,255134,23257252118,4096,4110,63.3707
1785338526480590900,255135,23257302118,4096,4110,139.7935
1785338526509615400,255136,23257352118,4096,4110,29.0245
1785338526522764600,255137,23257402118,4096,4110,13.1492
1785338526545731900,255138,23257452118,4096,4110,22.9673
1785338526643633500,255139,23257502118,4096,4110,97.9016
1785338526653580800,255140,23257552118,4096,4110,9.9473
1785338526673209500,255141,23257602118,4096,4110,19.6287
1785338526747425500,255142,23257652118,4096,4110,74.216
1785338526778192800,255143,23257702118,4096,4110,30.7673
1785338526848699600,255144,23257752118,4096,4110,70.5068
1785338526880254700,255145,23257802118,4096,4110,31.5551
1785338526953268100,255146,23257852118,4096,4110,73.0134
1785338527050834700,255147,23257902118,4096,4110,97.5666
1785338527208360600,255148,23257952118,4096,4110,157.5259
1785338527220432000,255149,23258002118,4096,4110,12.0714
1785338527229857800,255150,23258052118,4096,4110,9.4258
1785338527257392600,255151,23258102118,4096,4110,27.5348
1785338527266072700,255152,23258152118,4096,4110,8.6801
1785338527274145500,255153,23258202118,4096,4110,8.0728
1785338527365796800,255154,23258252118,4096,4110,91.6513
1785338527464024100,255155,23258302118,4096,4110,98.2273
1785338527473737100,255156,23258351331,4096,4110,9.713
1785338527482425800,255157,23258401276,4096,4110,8.6887
1785338527563676300,255158,23258452118,4096,4110,81.2505
1785338527619754200,255159,23258502118,4096,4110,56.0779
1785338527665521500,255160,23258552118,4096,4110,45.7673
1785338527673769300,255161,23258601652,4096,4110,8.2478
1785338527767889500,255162,23258652118,4096,4110,94.1202
1785338527776809800,255163,23258702118,4096,4110,8.9203
1785338527823885800,255164,23258752118,4096,4110,47.076
1785338527919073000,255165,23258802118,4096,4110,95.1872
1785338527972546100,255166,23258852118,4096,4110,53.4731
1785338527979848300,255167,23258902118,4096,4110,7.3022
1785338528025942400,255168,23258952118,4096,4110,46.0941
1785338528229590000,255169,23259002118,4096,4110,203.6476
1785338528238786700,255170,23259052118,4096,4110,9.1967
1785338528247301900,255171,23259102118,4096,4110,8.5152
1785338528254844200,255172,23259152118,4096,4110,7.5423
1785338528282191500,255173,23259202118,4096,4110,27.3473
1785338528383623000,255174,23259252118,4096,4110,101.4315
1785338528393463700,255175,23259302118,4096,4110,9.8407
1785338528418378700,255176,23259352118,4096,4110,24.915
1785338528486579600,255177,23259402118,4096,4110,68.2009
1785338528585207100,255178,23259452118,4096,4110,98.6275
1785338528595305400,255179,23259502118,4096,4110,10.0983
1785338528621080700,255180,23259552118,4096,4110,25.7753
1785338528690472700,255181,23259602118,4096,4110,69.392
1785338528791425100,255182,23259652118,4096,4110,100.9524
1785338528797812500,255183,23259702118,4096,4110,6.3874
1785338528823237900,255184,23259752118,4096,4110,25.4254
1785338528897450900,255185,23259802118,4096,4110,74.213
1785338528931403800,255186,23259851280,4096,4110,33.9529
1785338528999126900,255187,23259902118,4096,4110,67.7231
1785338529100664500,255188,23259952118,4096,4110,101.5376
1785338529315417400,255189,23260002118,4096,4110,214.7529
1785338529323567200,255190,23260052118,4096,4110,8.1498
1785338529332267900,255191,23260102118,4096,4110,8.7007
1785338529341833800,255192,23260152118,4096,4110,9.5659
1785338529350699800,255193,23260202118,4096,4110,8.866
1785338529359374500,255194,23260252118,4096,4110,8.6747
1785338529414879700,255195,23260302118,4096,4110,55.5052
1785338529512602000,255196,23260352118,4096,4110,97.7223
1785338529522027300,255197,23260402118,4096,4110,9.4253
1785338529530306500,255198,23260452118,4096,4110,8.2792
1785338529616236700,255199,23260502118,4096,4110,85.9302
1785338529626310400,255200,23260552119,4096,4110,10.0737
1785338529718580700,255201,23260602118,4096,4110,92.2703
1785338529727427100,255202,23260652393,4096,4110,8.8464
1785338529817105700,255203,23260702118,4096,4110,89.6786
1785338529826891200,255204,23260752118,4096,4110,9.7855
1785338529919104100,255205,23260802118,4096,4110,92.2129
1785338529927650800,255206,23260852118,4096,4110,8.5467
1785338529970516300,255207,23260902118,4096,4110,42.8655
1785338530067061700,255208,23260952118,4096,4110,96.5454
1785338530076495600,255209,23261002128,4096,4110,9.4339
1785338530256001700,255210,23261052118,4096,4110,179.5061
1785338530268430900,255211,23261102118,4096,4110,12.4292
1785338530277359200,255212,23261152118,4096,4110,8.9283
1785338530330545100,255213,23261202118,4096,4110,53.1859
1785338530340751800,255214,23261252118,4096,4110,10.2067
1785338530429240900,255215,23261302118,4096,4110,88.4891
1785338530438651500,255216,23261352118,4096,4110,9.4106
1785338530473569500,255217,23261402118,4096,4110,34.918
1785338530536133100,255218,23261452118,4096,4110,62.5636
1785338530640666100,255219,23261502118,4096,4110,104.533
1785338530650794800,255220,23261552118,4096,4110,10.1287
1785338530671967600,255221,23261602118,4096,4110,21.1728
1785338530743263300,255222,23261652118,4096,4110,71.2957
1785338530840667600,255223,23261702118,4096,4110,97.4043
1785338530849207100,255224,23261752118,4096,4110,8.5395
1785338530874258700,255225,23261802118,4096,4110,25.0516
1785338530944990300,255226,23261852118,4096,4110,70.7316
1785338531041486800,255227,23261902118,4096,4110,96.4965
1785338531047864900,255228,23261952118,4096,4110,6.3781
1785338531078989600,255229,23262002118,4096,4110,31.1247
1785338531295517200,255230,23262052118,4096,4110,216.5276
1785338531309742600,255231,23262102118,4096,4110,14.2254
1785338531317982900,255232,23262152118,4096,4110,8.2403
1785338531327574000,255233,23262202118,4096,4110,9.5911
1785338531355326500,255234,23262252118,4096,4110,27.7525
1785338531455058500,255235,23262302118,4096,4110,99.732
1785338531465814300,255236,23262352118,4096,4110,10.7558
1785338531477167400,255237,23262402118,4096,4110,11.3531
1785338531560728500,255238,23262452118,4096,4110,83.5611
1785338531663110300,255239,23262502118,4096,4110,102.3818
1785338531676930200,255240,23262552118,4096,4110,13.8199
1785338531686390900,255241,23262602118,4096,4110,9.4607
1785338531765010700,255242,23262652118,4096,4110,78.6198
1785338531819918200,255243,23262702320,4096,4110,54.9075
1785338531866004900,255244,23262752118,4096,4110,46.0867
1785338531917303100,255245,23262802118,4096,4110,51.2982
1785338531963772900,255246,23262852118,4096,4110,46.4698
1785338532011580700,255247,23262902118,4096,4110,47.8078
1785338532068666000,255248,23262952118,4096,4110,57.0853
1785338532077502800,255249,23263002118,4096,4110,8.8368
1785338532123407600,255250,23263052118,4096,4110,45.9048
1785338532303965700,255251,23263102118,4096,4110,180.5581
1785338532311212400,255252,23263152118,4096,4110,7.2467
1785338532320057100,255253,23263202118,4096,4110,8.8447
1785338532328315200,255254,23263252118,4096,4110,8.2581
1785338532381082900,255255,23263302118,4096,4110,52.7677
1785338532422162900,255256,23263352118,4096,4110,41.08
1785338532480745800,255257,23263402118,4096,4110,58.5829
1785338532584895100,255258,23263452118,4096,4110,104.1493
1785338532593932400,255259,23263502118,4096,4110,9.0373
1785338532623969700,255260,23263552118,4096,4110,30.0373
1785338532692384700,255261,23263602118,4096,4110,68.415
1785338532785100700,255262,23263652118,4096,4110,92.716
1785338532794603100,255263,23263702118,4096,4110,9.5024
1785338532826660400,255264,23263752118,4096,4110,32.0573
1785338532891245000,255265,23263802118,4096,4110,64.5846
1785338532991120800,255266,23263852118,4096,4110,99.8758
1785338533000353800,255267,23263902118,4096,4110,9.233
1785338533025753200,255268,23263952118,4096,4110,25.3994
1785338533093858800,255269,23264002118,4096,4110,68.1056
1785338533197202000,255270,23264052118,4096,4110,103.3432
1785338533353413800,255271,23264102118,4096,4110,156.2118
1785338533363257000,255272,23264152121,4096,4110,9.8432
1785338533372734300,255273,23264202118,4096,4110,9.4773
1785338533400028200,255274,23264252118,4096,4110,27.2939
1785338533409455700,255275,23264302118,4096,4110,9.4275
1785338533434467400,255276,23264352118,4096,4110,25.0117
1785338533514967400,255277,23264402118,4096,4110,80.5
1785338533606237300,255278,23264452118,4096,4110,91.2699
1785338533616122000,255279,23264502118,4096,4110,9.8847
1785338533626438800,255280,23264552118,4096,4110,10.3168
1785338533709582300,255281,23264602118,4096,4110,83.1435
1785338533810156700,255282,23264652118,4096,4110,100.5744
1785338533843019500,255283,23264702118,4096,4110,32.8628
1785338533851811600,255284,23264777055,4096,4110,8.7921
1785338533908914000,255285,23264802118,4096,4110,57.1024
1785338533969331200,255286,23264852118,4096,4110,60.4172
1785338534015792200,255287,23264902118,4096,4110,46.461
1785338534067628900,255288,23264952118,4096,4110,51.8367
1785338534122126200,255289,23265002118,4096,4110,54.4973
1785338534132014500,255290,23265052118,4096,4110,9.8883
1785338534173103300,255291,23265102118,4096,4110,41.0888
1785338534373402100,255292,23265152118,4096,4110,200.2988
1785338534386547500,255293,23265202118,4096,4110,13.1454
1785338534394917300,255294,23265252118,4096,4110,8.3698
1785338534403911800,255295,23265302118,4096,4110,8.9945
1785338534425799100,255296,23265352118,4096,4110,21.8873
1785338534471566100,255297,23265402118,4096,4110,45.767
1785338534529790500,255298,23265452118,4096,4110,58.2244
1785338534579624400,255299,23265502118,4096,4110,49.8339
1785338534630361800,255300,23265552118,4096,4110,50.7374
1785338534676313400,255301,23265602118,4096,4110,45.9516
1785338534735067400,255302,23265652118,4096,4110,58.754
1785338534834477000,255303,23265702118,4096,4110,99.4096
1785338534842588100,255304,23265752118,4096,4110,8.1111
1785338534872373600,255305,23265802118,4096,4110,29.7855
1785338534938460400,255306,23265852118,4096,4110,66.0868
1785338534974880500,255307,23265902118,4096,4110,36.4201
1785338535042393000,255308,23265952118,4096,4110,67.5125
1785338535143891000,255309,23266002118,4096,4110,101.498
1785338535153519200,255310,23266052118,4096,4110,9.6282
1785338535178078100,255311,23266102118,4096,4110,24.5589
1785338535405092600,255312,23266152118,4096,4110,227.0145
1785338535416915800,255313,23266202118,4096,4110,11.8232
1785338535426703700,255314,23266252118,4096,4110,9.7879
1785338535435865400,255315,23266302118,4096,4110,9.1617
1785338535452957900,255316,23266352118,4096,4110,17.0925
1785338535553321000,255317,23266402118,4096,4110,100.3631
1785338535562976900,255318,23266452118,4096,4110,9.6559
1785338535571404400,255319,23266502118,4096,4110,8.4275
1785338535658836800,255320,23266552118,4096,4110,87.4324
1785338535756664700,255321,23266602118,4096,4110,97.8279
1785338535768287200,255322,23266652119,4096,4110,11.6225
1785338535787208800,255323,23266702118,4096,4110,18.9216
1785338535868147600,255324,23266752118,4096,4110,80.9388
1785338535963879300,255325,23266802118,4096,4110,95.7317
1785338535973577700,255326,23266852118,4096,4110,9.6984
1785338535983156800,255327,23266902123,4096,4110,9.5791
1785338536065367600,255328,23266952118,4096,4110,82.2108
1785338536116144600,255329,23267001239,4096,4110,50.777
1785338536167046000,255330,23267052118,4096,4110,50.9014
1785338536175750400,255331,23267102118,4096,4110,8.7044
1785338536268954500,255332,23267152118,4096,4110,93.2041
1785338536431442100,255333,23267202118,4096,4110,162.4876
1785338536442879700,255334,23267252118,4096,4110,11.4376
1785338536453108200,255335,23267302118,4096,4110,10.2285
1785338536462985000,255336,23267352118,4096,4110,9.8768
1785338536474157800,255337,23267402118,4096,4110,11.1728
1785338536576699900,255338,23267452118,4096,4110,102.5421
1785338536620009400,255339,23267502118,4096,4110,43.3095
1785338536630144700,255340,23267552118,4096,4110,10.1353
1785338536682928700,255341,23267602118,4096,4110,52.784
1785338536781419600,255342,23267652118,4096,4110,98.4909
1785338536791482300,255343,23267702118,4096,4110,10.0627
1785338536822756100,255344,23267752118,4096,4110,31.2738
1785338536883230800,255345,23267802118,4096,4110,60.4747
1785338536986541600,255346,23267852118,4096,4110,103.3108
1785338536996701600,255347,23267902118,4096,4110,10.16
1785338537022954700,255348,23267952118,4096,4110,26.2531
1785338537081537900,255349,23268002118,4096,4110,58.5832
1785338537187660500,255350,23268052118,4096,4110,106.1226
1785338537197342200,255351,23268102118,4096,4110,9.6817
1785338537223602400,255352,23268152118,4096,4110,26.2602
1785338537426979500,255353,23268202118,4096,4110,203.3771
1785338537439560900,255354,23268252118,4096,4110,12.5814
1785338537449028300,255355,23268302118,4096,4110,9.4674
1785338537459204000,255356,23268352118,4096,4110,10.1757
1785338537495174500,255357,23268402118,4096,4110,35.9705
1785338537530183900,255358,23268452118,4096,4110,35.0094
1785338537600545800,255359,23268502118,4096,4110,70.3619
1785338537695090400,255360,23268552118,4096,4110,94.5446
1785338537702851900,255361,23268602118,4096,4110,7.7615
1785338537719778600,255362,23268652118,4096,4110,16.9267
1785338537805351900,255363,23268702118,4096,4110,85.5733
1785338537905063500,255364,23268752118,4096,4110,99.7116
1785338537915061600,255365,23268802118,4096,4110,9.9981
1785338537924327000,255366,23268852118,4096,4110,9.2654
1785338538007107100,255367,23268902118,4096,4110,82.7801
1785338538108828100,255368,23268952118,4096,4110,101.721
1785338538118204400,255369,23269002118,4096,4110,9.3763
1785338538126817700,255370,23269052118,4096,4110,8.6133
1785338538214373000,255371,23269102123,4096,4110,87.5553
1785338538265550300,255372,23269152118,4096,4110,51.1773
1785338538319315000,255373,23269202119,4096,4110,53.7647
1785338538469850000,255374,23269252118,4096,4110,150.535
1785338538482134300,255375,23269302230,4096,4110,12.2843
1785338538491385900,255376,23269352123,4096,4110,9.2516
1785338538500283700,255377,23269402123,4096,4110,8.8978
1785338538524404600,255378,23269452118,4096,4110,24.1209
1785338538575554200,255379,23269502118,4096,4110,51.1496
1785338538665899000,255380,23269552118,4096,4110,90.3448
1785338538716547200,255381,23269602123,4096,4110,50.6482
1785338538769373500,255382,23269652118,4096,4110,52.8263
1785338538778420200,255383,23269702118,4096,4110,9.0467
1785338538826012800,255384,23269752118,4096,4110,47.5926
1785338538874620500,255385,23269802118,4096,4110,48.6077
1785338538929607000,255386,23269852118,4096,4110,54.9865
1785338539025860400,255387,23269902118,4096,4110,96.2534
1785338539034377000,255388,23269952118,4096,4110,8.5166
1785338539073224400,255389,23270002118,4096,4110,38.8474
1785338539129957100,255390,23270052118,4096,4110,56.7327
1785338539240781700,255391,23270102118,4096,4110,110.8246
1785338539247799300,255392,23270152118,4096,4110,7.0176
1785338539273480700,255393,23270202118,4096,4110,25.6814
1785338539510781100,255394,23270252118,4096,4110,237.3004
1785338539522654000,255395,23270302118,4096,4110,11.8729
1785338539532433800,255396,23270352118,4096,4110,9.7798
1785338539542378600,255397,23270402118,4096,4110,9.9448
1785338539551906900,255398,23270452118,4096,4110,9.5283
1785338539577402900,255399,23270502118,4096,4110,25.496
1785338539642470400,255400,23270552118,4096,4110,65.0675
1785338539747681300,255401,23270602118,4096,4110,105.2109
1785338539763006400,255402,23270652118,4096,4110,15.3251
1785338539774629100,255403,23270702118,4096,4110,11.6227
1785338539852388400,255404,23270752118,4096,4110,77.7593
1785338539951356800,255405,23270802118,4096,4110,98.9684
1785338539961203600,255406,23270852118,4096,4110,9.8468
1785338539973614000,255407,23270902118,4096,4110,12.4104
1785338540058426000,255408,23270952118,4096,4110,84.812
1785338540155325700,255409,23271002118,4096,4110,96.8997
1785338540165965500,255410,23271052118,4096,4110,10.6398
1785338540176204800,255411,23271102118,4096,4110,10.2393
1785338540260558500,255412,23271152118,4096,4110,84.3537
1785338540276165500,255413,23271202118,4096,4110,15.607
1785338540507454000,255414,23271252118,4096,4110,231.2885
1785338540519441000,255415,23271302118,4096,4110,11.987
1785338540528678600,255416,23271352118,4096,4110,9.2376
1785338540537088200,255417,23271402118,4096,4110,8.4096
1785338540565238200,255418,23271452118,4096,4110,28.15
1785338540573931900,255419,23271502118,4096,4110,8.6937
1785338540666641600,255420,23271552118,4096,4110,92.7097
1785338540720068000,255421,23271602231,4096,4110,53.4264
1785338540766761800,255422,23271652118,4096,4110,46.6938
1785338540776392600,255423,23271702118,4096,4110,9.6308
1785338540824310700,255424,23271752118,4096,4110,47.9181
1785338540873781100,255425,23271802118,4096,4110,49.4704
1785338540973194100,255426,23271852118,4096,4110,99.413
1785338540980278200,255427,23271902118,4096,4110,7.0841
1785338541023788600,255428,23271952118,4096,4110,43.5104
1785338541077235200,255429,23272002118,4096,4110,53.4466
1785338541124872400,255430,23272052118,4096,4110,47.6372
1785338541180510200,255431,23272102118,4096,4110,55.6378
1785338541224792800,255432,23272152118,4096,4110,44.2826
1785338541277574900,255433,23272202118,4096,4110,52.7821
1785338541326636700,255434,23272252118,4096,4110,49.0618
1785338541517396700,255435,23272302118,4096,4110,190.76
1785338541527120900,255436,23272352118,4096,4110,9.7242
1785338541536414400,255437,23272402118,4096,4110,9.2935
1785338541545909500,255438,23272452118,4096,4110,9.4951
1785338541590130500,255439,23272502118,4096,4110,44.221
1785338541690904300,255440,23272552118,4096,4110,100.7738
1785338541700455600,255441,23272602118,4096,4110,9.5513
1785338541727782700,255442,23272652118,4096,4110,27.3271
1785338541798721100,255443,23272702118,4096,4110,70.9384
1785338541828961600,255444,23272752118,4096,4110,30.2405
1785338541899705300,255445,23272802118,4096,4110,70.7437
1785338541996670000,255446,23272852118,4096,4110,96.9647
1785338542006262800,255447,23272902118,4096,4110,9.5928
1785338542020878400,255448,23272952118,4096,4110,14.6156
1785338542103310100,255449,23273002118,4096,4110,82.4317
1785338542202518400,255450,23273052118,4096,4110,99.2083
1785338542211711500,255451,23273102118,4096,4110,9.1931
1785338542220050700,255452,23273152118,4096,4110,8.3392
1785338542307037200,255453,23273202118,4096,4110,86.9865
1785338542366458100,255454,23273252118,4096,4110,59.4209
1785338542558006200,255455,23273302120,4096,4110,191.5481
1785338542572307800,255456,23273352118,4096,4110,14.3016
1785338542582646200,255457,23273402118,4096,4110,10.3384
1785338542593406100,255458,23273452118,4096,4110,10.7599
1785338542613250600,255459,23273502118,4096,4110,19.8445
1785338542671038200,255460,23273552118,4096,4110,57.7876
1785338542716345300,255461,23273602118,4096,4110,45.3071
1785338542727457000,255462,23273652132,4096,4110,11.1117
1785338542817264600,255463,23273702118,4096,4110,89.8076
1785338542865853700,255464,23273751291,4096,4110,48.5891
1785338542876054700,255465,23273802118,4096,4110,10.201
1785338542925605700,255466,23273852118,4096,4110,49.551
1785338542975930200,255467,23273902118,4096,4110,50.3245
1785338543025267000,255468,23273952118,4096,4110,49.3368
1785338543075295300,255469,23274002118,4096,4110,50.0283
1785338543128660300,255470,23274052118,4096,4110,53.365
1785338543229995700,255471,23274102118,4096,4110,101.3354
1785338543240367300,255472,23274152118,4096,4110,10.3716
1785338543275129100,255473,23274202118,4096,4110,34.7618
1785338543335680600,255474,23274252118,4096,4110,60.5515
1785338543431252600,255475,23274302118,4096,4110,95.572
1785338543588060500,255476,23274352118,4096,4110,156.8079
1785338543600226700,255477,23274402118,4096,4110,12.1662
1785338543610092200,255478,23274452118,4096,4110,9.8655
1785338543640699500,255479,23274502118,4096,4110,30.6073
1785338543650774600,255480,23274552118,4096,4110,10.0751
1785338543674562600,255481,23274602118,4096,4110,23.788
1785338543739517600,255482,23274652118,4096,4110,64.955
1785338543843829300,255483,23274702118,4096,4110,104.3117
1785338543853501200,255484,23274752118,4096,4110,9.6719
1785338543884633200,255485,23274802118,4096,4110,31.132
1785338543946931500,255486,23274852118,4096,4110,62.2983
1785338544048170100,255487,23274902118,4096,4110,101.2386
1785338544057995700,255488,23274952118,4096,4110,9.8256
1785338544084062500,255489,23275002118,4096,4110,26.0668
1785338544151459100,255490,23275052118,4096,4110,67.3966
1785338544254738000,255491,23275102118,4096,4110,103.2789
1785338544264235500,255492,23275152118,4096,4110,9.4975
1785338544272792000,255493,23275202118,4096,4110,8.5565
1785338544359955700,255494,23275252118,4096,4110,87.1637
1785338544454494400,255495,23275302118,4096,4110,94.5387
1785338544611715300,255496,23275352118,4096,4110,157.2209
1785338544622785300,255497,23275402118,4096,4110,11.07
1785338544632307600,255498,23275452118,4096,4110,9.5223
1785338544662661700,255499,23275502118,4096,4110,30.3541
1785338544669384900,255500,23275552118,4096,4110,6.7232
1785338544675925800,255501,23275602118,4096,4110,6.5409
1785338544766516000,255502,23275652118,4096,4110,90.5902
1785338544825529400,255503,23275702118,4096,4110,59.0134
1785338544870562800,255504,23275752118,4096,4110,45.0334
1785338544877778400,255505,23275802118,4096,4110,7.2156
1785338544919172600,255506,23275852118,4096,4110,41.3942
1785338544973189000,255507,23275902123,4096,4110,54.0164
1785338545025140300,255508,23275952118,4096,4110,51.9513
1785338545123888200,255509,23276002118,4096,4110,98.7479
1785338545135505300,255510,23276052134,4096,4110,11.6171
1785338545175605400,255511,23276102118,4096,4110,40.1001
1785338545222269900,255512,23276152118,4096,4110,46.6645
1785338545277631700,255513,23276202118,4096,4110,55.3618
1785338545323863900,255514,23276252118,4096,4110,46.2322
1785338545378776300,255515,23276302118,4096,4110,54.9124
1785338545478824600,255516,23276352118,4096,4110,100.0483
1785338545643761100,255517,23276402118,4096,4110,164.9365
1785338545657896800,255518,23276452118,4096,4110,14.1357
1785338545668681700,255519,23276502118,4096,4110,10.7849
1785338545692911600,255520,23276552118,4096,4110,24.2299
1785338545725748200,255521,23276602118,4096,4110,32.8366
1785338545735818000,255522,23276655680,4096,4110,10.0698
1785338545794152700,255523,23276702118,4096,4110,58.3347
1785338545898983700,255524,23276752118,4096,4110,104.831
1785338545910810800,255525,23276802118,4096,4110,11.8271
1785338545943174100,255526,23276852118,4096,4110,32.3633
1785338546040434700,255527,23276902118,4096,4110,97.2606
1785338546103675200,255528,23276952118,4096,4110,63.2405
1785338546114721900,255529,23277002118,4096,4110,11.0467
1785338546148574100,255530,23277052118,4096,4110,33.8522
1785338546307303400,255531,23277102118,4096,4110,158.7293
1785338546317308400,255532,23277152118,4096,4110,10.005
1785338546326913000,255533,23277242020,4096,4110,9.6046
1785338546336665800,255534,23277252118,4096,4110,9.7528
1785338546412017600,255535,23277302118,4096,4110,75.3518
1785338546511071600,255536,23277352118,4096,4110,99.054
1785338546645946500,255537,23277402118,4096,4110,134.8749
1785338546658841800,255538,23277452127,4096,4110,12.8953
1785338546668606500,255539,23277502118,4096,4110,9.7647
1785338546714492100,255540,23277552209,4096,4110,45.8856
1785338546727662400,255541,23277602118,4096,4110,13.1703
1785338546738958400,255542,23277651601,4096,4110,11.296
1785338546822035800,255543,23277702118,4096,4110,83.0774
1785338546834261900,255544,23277752136,4096,4110,12.2261
1785338546918963100,255545,23277802121,4096,4110,84.7012
1785338546927571000,255546,23277852118,4096,4110,8.6079
1785338547022652900,255547,23277902118,4096,4110,95.0819
1785338547069286400,255548,23277952118,4096,4110,46.6335
1785338547082707200,255549,23278002354,4096,4110,13.4208
1785338547134176800,255550,23278052118,4096,4110,51.4696
1785338547231375200,255551,23278102118,4096,4110,97.1984
1785338547253570600,255552,23278152118,4096,4110,22.1954
1785338547273030800,255553,23278202118,4096,4110,19.4602
1785338547326790900,255554,23278252118,4096,4110,53.7601
1785338547374113100,255555,23278302118,4096,4110,47.3222
1785338547431809500,255556,23278352118,4096,4110,57.6964
1785338547533762200,255557,23278402118,4096,4110,101.9527
1785338547717700800,255558,23278452118,4096,4110,183.9386
1785338547730252100,255559,23278502118,4096,4110,12.5513
1785338547743294000,255560,23278552118,4096,4110,13.0419
1785338547753895300,255561,23278602118,4096,4110,10.6013
1785338547764094600,255562,23278652118,4096,4110,10.1993
1785338547773460500,255563,23278702118,4096,4110,9.3659
1785338547837441300,255564,23278752118,4096,4110,63.9808
1785338547939363800,255565,23278802118,4096,4110,101.9225
1785338547947585700,255566,23278852118,4096,4110,8.2219
1785338547975847600,255567,23278902118,4096,4110,28.2619
1785338548043955500,255568,23278952118,4096,4110,68.1079
1785338548072076600,255569,23279002118,4096,4110,28.1211
1785338548146180800,255570,23279052118,4096,4110,74.1042
1785338548247761300,255571,23279102118,4096,4110,101.5805
1785338548256720000,255572,23279152118,4096,4110,8.9587
1785338548279787500,255573,23279202118,4096,4110,23.0675
1785338548353533200,255574,23279252118,4096,4110,73.7457
1785338548454199300,255575,23279302118,4096,4110,100.6661
1785338548464939100,255576,23279352118,4096,4110,10.7398
1785338548474017800,255577,23279402118,4096,4110,9.0787
1785338548690395900,255578,23279452118,4096,4110,216.3781
1785338548701152400,255579,23279502118,4096,4110,10.7565
1785338548710753000,255580,23279552118,4096,4110,9.6006
1785338548722608800,255581,23279602118,4096,4110,11.8558
1785338548761286700,255582,23279652118,4096,4110,38.6779
1785338548771565200,255583,23279702118,4096,4110,10.2785
1785338548864160700,255584,23279752118,4096,4110,92.5955
1785338548911859700,255585,23279802118,4096,4110,47.699
1785338548966135100,255586,23279852118,4096,4110,54.2754
1785338548975687300,255587,23279902118,4096,4110,9.5522
1785338549020022900,255588,23279952118,4096,4110,44.3356
1785338549073222000,255589,23280002121,4096,4110,53.1991
1785338549121244000,255590,23280052118,4096,4110,48.022
1785338549221747000,255591,23280102118,4096,4110,100.503
1785338549233765800,255592,23280152118,4096,4110,12.0188
1785338549277192100,255593,23280202118,4096,4110,43.4263
1785338549321845900,255594,23280251244,4096,4110,44.6538
1785338549377008500,255595,23280302118,4096,4110,55.1626
1785338549429880600,255596,23280352118,4096,4110,52.8721
1785338549480808700,255597,23280402118,4096,4110,50.9281
1785338549585700700,255598,23280452118,4096,4110,104.892
1785338549725745100,255599,23280502118,4096,4110,140.0444
1785338549739802600,255600,23280552118,4096,4110,14.0575
1785338549750716900,255601,23280602118,4096,4110,10.9143
1785338549782707800,255602,23280652118,4096,4110,31.9909
1785338549792866700,255603,23280702118,4096,4110,10.1589
1785338549823003900,255604,23280752118,4096,4110,30.1372
1785338549892210000,255605,23280802118,4096,4110,69.2061
1785338549989720300,255606,23280852118,4096,4110,97.5103
1785338550001215800,255607,23280902118,4096,4110,11.4955
1785338550026113400,255608,23280952118,4096,4110,24.8976
1785338550092349500,255609,23281002118,4096,4110,66.2361
1785338550195390900,255610,23281052118,4096,4110,103.0414
1785338550205085100,255611,23281102118,4096,4110,9.6942
1785338550225250000,255612,23281152118,4096,4110,20.1649
1785338550297232500,255613,23281202118,4096,4110,71.9825
1785338550398549300,255614,23281252118,4096,4110,101.3168
1785338550406512400,255615,23281302118,4096,4110,7.9631
1785338550427979200,255616,23281352118,4096,4110,21.4668
1785338550502312700,255617,23281402118,4096,4110,74.3335
1785338550603185400,255618,23281452118,4096,4110,100.8727
1785338550759074700,255619,23281502118,4096,4110,155.8893
1785338550770975200,255620,23281552118,4096,4110,11.9005
1785338550780742900,255621,23281602118,4096,4110,9.7677
1785338550789307600,255622,23281652118,4096,4110,8.5647
1785338550810774800,255623,23281702118,4096,4110,21.4672
1785338550913011400,255624,23281752118,4096,4110,102.2366
1785338550923240700,255625,23281802118,4096,4110,10.2293
1785338550932867300,255626,23281852124,4096,4110,9.6266
1785338551017939200,255627,23281902118,4096,4110,85.0719
1785338551063836700,255628,23281952121,4096,4110,45.8975
1785338551112503100,255629,23282002118,4096,4110,48.6664
1785338551165420300,255630,23282052118,4096,4110,52.9172
1785338551217935300,255631,23282102291,4096,4110,52.515
1785338551227763600,255632,23282152118,4096,4110,9.8283
1785338551321134500,255633,23282202118,4096,4110,93.3709
1785338551367803300,255634,23282252118,4096,4110,46.6688
1785338551378692700,255635,23282302172,4096,4110,10.8894
1785338551419579900,255636,23282352118,4096,4110,40.8872
1785338551471645700,255637,23282402121,4096,4110,52.0658
1785338551528206000,255638,23282452118,4096,4110,56.5603
1785338551626287400,255639,23282502118,4096,4110,98.0814
1785338551805421500,255640,23282552118,4096,4110,179.1341
1785338551814936900,255641,23282602118,4096,4110,9.5154
1785338551823839900,255642,23282652118,4096,4110,8.903
1785338551830909700,255643,23282702118,4096,4110,7.0698
1785338551840475100,255644,23282752118,4096,4110,9.5654
1785338551874924800,255645,23282802118,4096,4110,34.4497
1785338551936060000,255646,23282852118,4096,4110,61.1352
1785338552037233300,255647,23282902118,4096,4110,101.1733
1785338552046776500,255648,23282952118,4096,4110,9.5432
1785338552076545300,255649,23283002118,4096,4110,29.7688
1785338552141167400,255650,23283052118,4096,4110,64.6221
1785338552237692400,255651,23283102118,4096,4110,96.525
1785338552248197000,255652,23283152118,4096,4110,10.5046
1785338552274186300,255653,23283202118,4096,4110,25.9893
1785338552346465000,255654,23283252118,4096,4110,72.2787
1785338552379162400,255655,23283302118,4096,4110,32.6974
1785338552479814500,255656,23283352118,4096,4110,100.6521
1785338552560699100,255657,23283402118,4096,4110,80.8846
1785338552574058200,255658,23283452118,4096,4110,13.3591
1785338552587133100,255659,23283502118,4096,4110,13.0749
1785338552814349200,255660,23283552118,4096,4110,227.2161
1785338552822991700,255661,23283602118,4096,4110,8.6425
1785338552832897400,255662,23283652118,4096,4110,9.9057
1785338552864332500,255663,23283702179,4096,4110,31.4351
1785338552877967700,255664,23283752118,4096,4110,13.6352
1785338552886115200,255665,23283802118,4096,4110,8.1475
1785338552970008100,255666,23283852118,4096,4110,83.8929
1785338553070788600,255667,23283902118,4096,4110,100.7805
1785338553080969400,255668,23283952118,4096,4110,10.1808
1785338553089790400,255669,23284005903,4096,4110,8.821
1785338553171829000,255670,23284052118,4096,4110,82.0386
1785338553183457700,255671,23284102118,4096,4110,11.6287
1785338553221364400,255672,23284152118,4096,4110,37.9067
1785338553279123200,255673,23284202118,4096,4110,57.7588
1785338553378202500,255674,23284252118,4096,4110,99.0793
1785338553387124300,255675,23284302118,4096,4110,8.9218
1785338553426210300,255676,23284352118,4096,4110,39.086
1785338553487954300,255677,23284402118,4096,4110,61.744
1785338553587372600,255678,23284452118,4096,4110,99.4183
1785338553599485100,255679,23284502118,4096,4110,12.1125
1785338553624263800,255680,23284552118,4096,4110,24.7787
1785338553819595600,255681,23284602118,4096,4110,195.3318
1785338553830753300,255682,23284652118,4096,4110,11.1577
1785338553841575100,255683,23284702118,4096,4110,10.8218
1785338553852731600,255684,23284752118,4096,4110,11.1565
1785338553892839800,255685,23284802118,4096,4110,40.1082
1785338553923971100,255686,23284852118,4096,4110,31.1313
1785338554012627900,255687,23284902118,4096,4110,88.6568
1785338554085675900,255688,23284952118,4096,4110,73.048
1785338554095371300,255689,23285002118,4096,4110,9.6954
1785338554122488900,255690,23285052118,4096,4110,27.1176
1785338554194008100,255691,23285102118,4096,4110,71.5192
1785338554296855000,255692,23285152118,4096,4110,102.8469
1785338554307458000,255693,23285202118,4096,4110,10.603
1785338554326389100,255694,23285252118,4096,4110,18.9311
1785338554399261600,255695,23285302118,4096,4110,72.8725
1785338554427740000,255696,23285352118,4096,4110,28.4784
1785338554500030000,255697,23285402118,4096,4110,72.29
1785338554602749600,255698,23285452118,4096,4110,102.7196
1785338554612753300,255699,23285502118,4096,4110,10.0037
1785338554630885500,255700,23285552118,4096,4110,18.1322
1785338554844553400,255701,23285602118,4096,4110,213.6679
1785338554855792900,255702,23285652118,4096,4110,11.2395
1785338554865392600,255703,23285702118,4096,4110,9.5997
1785338554874699400,255704,23285752118,4096,4110,9.3068
1785338554907146700,255705,23285802118,4096,4110,32.4473
1785338555037833500,255706,23285852118,4096,4110,130.6868
1785338555048243600,255707,23285902118,4096,4110,10.4101
1785338555058383700,255708,23285975667,4096,4110,10.1401
1785338555108677500,255709,23286002118,4096,4110,50.2938
1785338555214937200,255710,23286052118,4096,4110,106.2597
1785338555226100400,255711,23286102118,4096,4110,11.1632
1785338555235909300,255712,23286152118,4096,4110,9.8089
1785338555315917900,255713,23286202118,4096,4110,80.0086
1785338555369144700,255714,23286252273,4096,4110,53.2268
1785338555411841600,255715,23286302118,4096,4110,42.6969
1785338555469612800,255716,23286352118,4096,4110,57.7712
1785338555479696900,255717,23286402118,4096,4110,10.0841
1785338555524759000,255718,23286452123,4096,4110,45.0621
1785338555573236600,255719,23286502123,4096,4110,48.4776
1785338555622312600,255720,23286552118,4096,4110,49.076
1785338555676807600,255721,23286602118,4096,4110,54.495
1785338555882099100,255722,23286652118,4096,4110,205.2915
1785338555892575800,255723,23286702118,4096,4110,10.4767
1785338555902901100,255724,23286752118,4096,4110,10.3253
1785338555911766200,255725,23286802118,4096,4110,8.8651
1785338555930364800,255726,23286852118,4096,4110,18.5986
1785338556031747300,255727,23286902118,4096,4110,101.3825
1785338556042251500,255728,23286952118,4096,4110,10.5042
1785338556073013000,255729,23287002118,4096,4110,30.7615
1785338556133990500,255730,23287052118,4096,4110,60.9775
1785338556235578600,255731,23287102118,4096,4110,101.5881
1785338556245003200,255732,23287152118,4096,4110,9.4246
1785338556276259600,255733,23287202118,4096,4110,31.2564
1785338556336360800,255734,23287252118,4096,4110,60.1012
1785338556439142200,255735,23287302118,4096,4110,102.7814
1785338556448134800,255736,23287352118,4096,4110,8.9926
1785338556473823200,255737,23287402118,4096,4110,25.6884
1785338556543671800,255738,23287452118,4096,4110,69.8486
1785338556579211900,255739,23287502118,4096,4110,35.5401
1785338556648861900,255740,23287552118,4096,4110,69.65
1785338556680276600,255741,23287602118,4096,4110,31.4147
1785338556908817200,255742,23287652118,4096,4110,228.5406
1785338556921170700,255743,23287702118,4096,4110,12.3535
1785338556929694400,255744,23287752118,4096,4110,8.5237
1785338556938051000,255745,23287802118,4096,4110,8.3566
1785338556952366300,255746,23287852118,4096,4110,14.3153
1785338557055582200,255747,23287902118,4096,4110,103.2159
1785338557064788600,255748,23287952118,4096,4110,9.2064
1785338557073948600,255749,23288002118,4096,4110,9.16
1785338557157576900,255750,23288052118,4096,4110,83.6283
1785338557258887200,255751,23288102118,4096,4110,101.3103
1785338557269065100,255752,23288152118,4096,4110,10.1779
1785338557279122700,255753,23288202118,4096,4110,10.0576
1785338557363280400,255754,23288252118,4096,4110,84.1577
1785338557414021800,255755,23288302118,4096,4110,50.7414
1785338557469865400,255756,23288352118,4096,4110,55.8436
1785338557479308000,255757,23288402118,4096,4110,9.4426
1785338557565413800,255758,23288452118,4096,4110,86.1058
1785338557618374200,255759,23288502118,4096,4110,52.9604
1785338557670067000,255760,23288552118,4096,4110,51.6928
1785338557679784000,255761,23288602118,4096,4110,9.717
1785338557723654100,255762,23288652164,4096,4110,43.8701
1785338557917253900,255763,23288702118,4096,4110,193.5998
1785338557930141300,255764,23288752118,4096,4110,12.8874
1785338557943100200,255765,23288802118,4096,4110,12.9589
1785338557956349800,255766,23288852118,4096,4110,13.2496
1785338557978752000,255767,23288902118,4096,4110,22.4022
1785338558020807100,255768,23288952118,4096,4110,42.0551
1785338558078198700,255769,23289002118,4096,4110,57.3916
1785338558181869200,255770,23289052118,4096,4110,103.6705
1785338558191357900,255771,23289102118,4096,4110,9.4887
1785338558222336300,255772,23289152118,4096,4110,30.9784
1785338558286166700,255773,23289202118,4096,4110,63.8304
1785338558383500700,255774,23289252118,4096,4110,97.334
1785338558392947400,255775,23289302118,4096,4110,9.4467
1785338558424560500,255776,23289352118,4096,4110,31.6131
1785338558489077300,255777,23289402118,4096,4110,64.5168
1785338558591877800,255778,23289452118,4096,4110,102.8005
1785338558602679000,255779,23289502118,4096,4110,10.8012
1785338558623429700,255780,23289552118,4096,4110,20.7507
1785338558693389600,255781,23289602118,4096,4110,69.9599
1785338558726696800,255782,23289652118,4096,4110,33.3072
1785338558931393700,255783,23289702118,4096,4110,204.6969
1785338558944661800,255784,23289752118,4096,4110,13.2681
1785338558954574900,255785,23289802118,4096,4110,9.9131
1785338558998279900,255786,23289852118,4096,4110,43.705
1785338559007348500,255787,23289902118,4096,4110,9.0686
1785338559021300600,255788,23289952118,4096,4110,13.9521
1785338559141479100,255789,23290002118,4096,4110,120.1785
1785338559207467100,255790,23290052118,4096,4110,65.988
1785338559230137200,255791,23290102118,4096,4110,22.6701
1785338559240336600,255792,23290152118,4096,4110,10.1994
1785338559307621600,255793,23290202118,4096,4110,67.285
1785338559410673200,255794,23290252118,4096,4110,103.0516
1785338559419675900,255795,23290302118,4096,4110,9.0027
1785338559427792000,255796,23290352118,4096,4110,8.1161
1785338559512048000,255797,23290402118,4096,4110,84.256
1785338559564416300,255798,23290452118,4096,4110,52.3683
1785338559621189100,255799,23290502120,4096,4110,56.7728
1785338559632088900,255800,23290552118,4096,4110,10.8998
1785338559715303900,255801,23290602118,4096,4110,83.215
1785338559764430100,255802,23290652142,4096,4110,49.1262
1785338559816792200,255803,23290702118,4096,4110,52.3621
1785338559986430100,255804,23290752127,4096,4110,169.6379
1785338559998118300,255805,23290802118,4096,4110,11.6882
1785338560007443700,255806,23290852118,4096,4110,9.3254
1785338560016912700,255807,23290902118,4096,4110,9.469
1785338560026002800,255808,23290952118,4096,4110,9.0901
1785338560126338200,255809,23291002118,4096,4110,100.3354
1785338560136203300,255810,23291052118,4096,4110,9.8651
1785338560172317400,255811,23291102118,4096,4110,36.1141
1785338560229205900,255812,23291152118,4096,4110,56.8885
1785338560275889400,255813,23291202118,4096,4110,46.6835
1785338560340814000,255814,23291252118,4096,4110,64.9246
1785338560438304000,255815,23291302118,4096,4110,97.49
1785338560451932700,255816,23291352118,4096,4110,13.6287
1785338560474753800,255817,23291402118,4096,4110,22.8211
1785338560539088800,255818,23291452118,4096,4110,64.335
1785338560645402700,255819,23291502118,4096,4110,106.3139
1785338560656479600,255820,23291552118,4096,4110,11.0769
1785338560674632000,255821,23291602330,4096,4110,18.1524
1785338560748538200,255822,23291652118,4096,4110,73.9062
1785338560783585500,255823,23291702118,4096,4110,35.0473
1785338561026762600,255824,23291752118,4096,4110,243.1771
1785338561039279900,255825,23291802118,4096,4110,12.5173
1785338561050887800,255826,23291852118,4096,4110,11.6079
1785338561060366500,255827,23291902118,4096,4110,9.4787
1785338561070826700,255828,23291952118,4096,4110,10.4602
1785338561160582000,255829,23292002118,4096,4110,89.7553
1785338561170864000,255830,23292052118,4096,4110,10.282
1785338561179683500,255831,23292102118,4096,4110,8.8195
1785338561280863000,255832,23292152118,4096,4110,101.1795
1785338561296667700,255833,23292202118,4096,4110,15.8047
1785338561370233500,255834,23292252118,4096,4110,73.5658
1785338561469474600,255835,23292302293,4096,4110,99.2411
1785338561479168900,255836,23292352118,4096,4110,9.6943
1785338561488862100,255837,23292405499,4096,4110,9.6932
1785338561574267100,255838,23292452118,4096,4110,85.405
1785338561583346500,255839,23292502118,4096,4110,9.0794
1785338561673156400,255840,23292552118,4096,4110,89.8099
1785338561683553500,255841,23292602118,4096,4110,10.3971
1785338561795137800,255842,23292652118,4096,4110,111.5843
1785338561804541000,255843,23292702118,4096,4110,9.4032
1785338561876050200,255844,23292752118,4096,4110,71.5092
1785338562033841300,255845,23292802118,4096,4110,157.7911
1785338562044558500,255846,23292852118,4096,4110,10.7172
1785338562054729100,255847,23292902118,4096,4110,10.1706
1785338562065634300,255848,23292952118,4096,4110,10.9052
1785338562082760800,255849,23293002118,4096,4110,17.1265
1785338562182871800,255850,23293052118,4096,4110,100.111
1785338562192439700,255851,23293102118,4096,4110,9.5679
1785338562220870500,255852,23293152118,4096,4110,28.4308
1785338562307623000,255853,23293202118,4096,4110,86.7525
1785338562381760900,255854,23293252118,4096,4110,74.1379
1785338562392021900,255855,23293302118,4096,4110,10.261
1785338562421699200,255856,23293352118,4096,4110,29.6773
1785338562485729800,255857,23293402118,4096,4110,64.0306
1785338562591700300,255858,23293452118,4096,4110,105.9705
1785338562600501200,255859,23293502118,4096,4110,8.8009
1785338562624487800,255860,23293552118,4096,4110,23.9866
1785338562691080100,255861,23293602118,4096,4110,66.5923
1785338562792786600,255862,23293652118,4096,4110,101.7065
1785338562802527100,255863,23293702118,4096,4110,9.7405
1785338562824310900,255864,23293752118,4096,4110,21.7838
1785338563055175600,255865,23293802118,4096,4110,230.8647
1785338563064980100,255866,23293852118,4096,4110,9.8045
1785338563074161300,255867,23293902118,4096,4110,9.1812
1785338563082756100,255868,23293952118,4096,4110,8.5948
1785338563104387900,255869,23294002118,4096,4110,21.6318
1785338563134486200,255870,23294052118,4096,4110,30.0983
1785338563203875200,255871,23294102118,4096,4110,69.389
1785338563303063700,255872,23294152118,4096,4110,99.1885
1785338563313198600,255873,23294202118,4096,4110,10.1349
1785338563323013600,255874,23294252118,4096,4110,9.815
1785338563406513500,255875,23294302118,4096,4110,83.4999
1785338563500619500,255876,23294352118,4096,4110,94.106
1785338563507917800,255877,23294402118,4096,4110,7.2983
1785338563521544500,255878,23294452118,4096,4110,13.6267
1785338563608687600,255879,23294502118,4096,4110,87.1431
1785338563710206500,255880,23294552118,4096,4110,101.5189
1785338563720412800,255881,23294602118,4096,4110,10.2063
1785338563730713600,255882,23294652118,4096,4110,10.3008
1785338563813686200,255883,23294702118,4096,4110,82.9726
1785338563822683200,255884,23294752118,4096,4110,8.997
1785338563914184200,255885,23294802118,4096,4110,91.501
1785338564079487200,255886,23294852118,4096,4110,165.303
1785338564091024300,255887,23294902118,4096,4110,11.5371
1785338564100515700,255888,23294952118,4096,4110,9.4914
1785338564110522600,255889,23295002118,4096,4110,10.0069
1785338564121323100,255890,23295052118,4096,4110,10.8005
1785338564175296900,255891,23295102118,4096,4110,53.9738
1785338564227639800,255892,23295152118,4096,4110,52.3429
1785338564273792800,255893,23295202118,4096,4110,46.153
1785338564322689600,255894,23295252118,4096,4110,48.8968
1785338564372502700,255895,23295302118,4096,4110,49.8131
1785338564459688200,255896,23295352118,4096,4110,87.1855
1785338564538184600,255897,23295402118,4096,4110,78.4964
1785338564551531200,255898,23295452118,4096,4110,13.3466
1785338564575836800,255899,23295502118,4096,4110,24.3056
1785338564646271900,255900,23295552118,4096,4110,70.4351
1785338564738466200,255901,23295602118,4096,4110,92.1943
1785338564748277400,255902,23295652118,4096,4110,9.8112
1785338564775249100,255903,23295702118,4096,4110,26.9717
1785338564844513800,255904,23295752118,4096,4110,69.2647
1785338564945415300,255905,23295802118,4096,4110,100.9015
1785338565115526300,255906,23295852118,4096,4110,170.111
1785338565125688800,255907,23295902118,4096,4110,10.1625
1785338565139728200,255908,23295952118,4096,4110,14.0394
1785338565149172900,255909,23296002118,4096,4110,9.4447
1785338565157993100,255910,23296052118,4096,4110,8.8202
1785338565176879800,255911,23296102118,4096,4110,18.8867
1785338565252734000,255912,23296152118,4096,4110,75.8542
1785338565285701600,255913,23296202118,4096,4110,32.9676
1785338565356172100,255914,23296252118,4096,4110,70.4705
1785338565454649900,255915,23296302118,4096,4110,98.4778
1785338565481802600,255916,23296352118,4096,4110,27.1527
1785338565492132900,255917,23296416982,4096,4110,10.3303
1785338565556288800,255918,23296452118,4096,4110,64.1559
1785338565655865900,255919,23296502118,4096,4110,99.5771
1785338565666900300,255920,23296552118,4096,4110,11.0344
1785338565676401100,255921,23296602118,4096,4110,9.5008
1785338565759136400,255922,23296652118,4096,4110,82.7353
1785338565815383800,255923,23296702118,4096,4110,56.2474
1785338565861859500,255924,23296752125,4096,4110,46.4757
1785338565911445200,255925,23296802118,4096,4110,49.5857
1785338566109463700,255926,23296852118,4096,4110,198.0185
1785338566123821500,255927,23296902120,4096,4110,14.3578
1785338566134512600,255928,23296952118,4096,4110,10.6911
1785338566142650400,255929,23297002118,4096,4110,8.1378
1785338566167450000,255930,23297052118,4096,4110,24.7996
1785338566216968000,255931,23297102310,4096,4110,49.518
1785338566225607300,255932,23297152118,4096,4110,8.6393
1785338566275244900,255933,23297202118,4096,4110,49.6376
1785338566325766500,255934,23297252118,4096,4110,50.5216
1785338566373715800,255935,23297302118,4096,4110,47.9493
1785338566420449800,255936,23297352118,4096,4110,46.734
1785338566476916000,255937,23297402118,4096,4110,56.4662
1785338566577488900,255938,23297452118,4096,4110,100.5729
1785338566586532600,255939,23297502118,4096,4110,9.0437
1785338566623391000,255940,23297552118,4096,4110,36.8584
1785338566679511700,255941,23297602118,4096,4110,56.1207
1785338566731346800,255942,23297652118,4096,4110,51.8351
1785338566785697300,255943,23297702118,4096,4110,54.3505
1785338566885057400,255944,23297752118,4096,4110,99.3601
1785338566895557100,255945,23297802118,4096,4110,10.4997
1785338566923924700,255946,23297852118,4096,4110,28.3676
1785338567137500300,255947,23297902118,4096,4110,213.5756
1785338567149801100,255948,23297952118,4096,4110,12.3008
1785338567157879600,255949,23298002118,4096,4110,8.0785
1785338567166221700,255950,23298052118,4096,4110,8.3421
1785338567193361900,255951,23298102118,4096,4110,27.1402
1785338567295864300,255952,23298152118,4096,4110,102.5024
1785338567305292800,255953,23298202118,4096,4110,9.4285
1785338567329525700,255954,23298252118,4096,4110,24.2329
1785338567399077400,255955,23298302118,4096,4110,69.5517
1785338567500719800,255956,23298352118,4096,4110,101.6424
1785338567511540200,255957,23298402118,4096,4110,10.8204
1785338567532337300,255958,23298452118,4096,4110,20.7971
1785338567604843100,255959,23298502118,4096,4110,72.5058
1785338567705209300,255960,23298552118,4096,4110,100.3662
1785338567714573600,255961,23298602118,4096,4110,9.3643
1785338567723269000,255962,23298652118,4096,4110,8.6954
1785338567806195000,255963,23298702118,4096,4110,82.926
1785338567910403700,255964,23298752118,4096,4110,104.2087
1785338567920276400,255965,23298802118,4096,4110,9.8727
1785338567929684300,255966,23298852118,4096,4110,9.4079
1785338568185536100,255967,23298901322,4096,4110,255.8518
1785338568197558400,255968,23298952118,4096,4110,12.0223
1785338568207395500,255969,23299002118,4096,4110,9.8371
1785338568215941000,255970,23299052118,4096,4110,8.5455
1785338568224771500,255971,23299102118,4096,4110,8.8305
1785338568271688100,255972,23299152118,4096,4110,46.9166
1785338568319084400,255973,23299202118,4096,4110,47.3963
1785338568368007300,255974,23299252118,4096,4110,48.9229
1785338568377499800,255975,23299302118,4096,4110,9.4925
1785338568422378800,255976,23299352118,4096,4110,44.879
1785338568472578900,255977,23299402118,4096,4110,50.2001
1785338568524432500,255978,23299452118,4096,4110,51.8536
1785338568578159200,255979,23299502118,4096,4110,53.7267
1785338568635317600,255980,23299552118,4096,4110,57.1584
1785338568733032900,255981,23299602118,4096,4110,97.7153
1785338568740983900,255982,23299652118,4096,4110,7.951
1785338568771147800,255983,23299702118,4096,4110,30.1639
1785338568843004400,255984,23299752118,4096,4110,71.8566
1785338568943897400,255985,23299802118,4096,4110,100.893
1785338568954142000,255986,23299852118,4096,4110,10.2446
1785338568972618300,255987,23299902118,4096,4110,18.4763
1785338569208019200,255988,23299952118,4096,4110,235.4009
1785338569216404900,255989,23300002118,4096,4110,8.3857
1785338569223096300,255990,23300052118,4096,4110,6.6914
1785338569245218100,255991,23300102426,4096,4110,22.1218
1785338569254602800,255992,23300152118,4096,4110,9.3847
1785338569272978400,255993,23300202118,4096,4110,18.3756
1785338569347635300,255994,23300252118,4096,4110,74.6569
1785338569449626500,255995,23300302118,4096,4110,101.9912
1785338569458059700,255996,23300352118,4096,4110,8.4332
1785338569477847700,255997,23300402118,4096,4110,19.788
1785338569554886600,255998,23300452118,4096,4110,77.0389
1785338569653982300,255999,23300502118,4096,4110,99.0957
1785338569663043800,256000,23300552118,4096,4110,9.0615
1785338569675167500,256001,23300602118,4096,4110,12.1237
1785338569755277900,256002,23300652118,4096,4110,80.1104
1785338569858527200,256003,23300702118,4096,4110,103.2493
1785338569868675900,256004,23300752118,4096,4110,10.1487
1785338569878001800,256005,23300802118,4096,4110,9.3259
1785338569964202400,256006,23300852118,4096,4110,86.2006
1785338570061234900,256007,23300902118,4096,4110,97.0325
1785338570210160900,256008,23300952118,4096,4110,148.926
1785338570223505300,256009,23301002118,4096,4110,13.3444
1785338570233294700,256010,23301052118,4096,4110,9.7894
1785338570243891100,256011,23301102118,4096,4110,10.5964
1785338570271755100,256012,23301152118,4096,4110,27.864
1785338570371493000,256013,23301201691,4096,4110,99.7379
1785338570379021300,256014,23301252118,4096,4110,7.5283
1785338570387226100,256015,23301304141,4096,4110,8.2048
1785338570467257900,256016,23301352118,4096,4110,80.0318
1785338570513562800,256017,23301402118,4096,4110,46.3049
1785338570575831100,256018,23301452118,4096,4110,62.2683
1785338570585875900,256019,23301502118,4096,4110,10.0448
1785338570622510800,256020,23301552118,4096,4110,36.6349
1785338570677866600,256021,23301602118,4096,4110,55.3558
1785338570727480800,256022,23301652118,4096,4110,49.6142
1785338570779684300,256023,23301702118,4096,4110,52.2035
1785338570885013600,256024,23301752118,4096,4110,105.3293
1785338570893428300,256025,23301802118,4096,4110,8.4147
1785338570923486100,256026,23301852118,4096,4110,30.0578
1785338570985141500,256027,23301902118,4096,4110,61.6554
1785338571087157000,256028,23301952118,4096,4110,102.0155
1785338571242767600,256029,23302002118,4096,4110,155.6106
1785338571253700200,256030,23302052118,4096,4110,10.9326
1785338571262654800,256031,23302102118,4096,4110,8.9546
1785338571291212500,256032,23302152118,4096,4110,28.5577
1785338571307154100,256033,23302202118,4096,4110,15.9416
1785338571325902400,256034,23302252118,4096,4110,18.7483
1785338571395667500,256035,23302302118,4096,4110,69.7651
1785338571423503600,256036,23302352118,4096,4110,27.8361
1785338571497246100,256037,23302402118,4096,4110,73.7425
1785338571531849700,256038,23302452118,4096,4110,34.6036
1785338571597828200,256039,23302502118,4096,4110,65.9785
1785338571631133700,256040,23302552224,4096,4110,33.3055
1785338571701048600,256041,23302602118,4096,4110,69.9149
1785338571802366500,256042,23302652118,4096,4110,101.3179
1785338571811785200,256043,23302702118,4096,4110,9.4187
1785338571829093700,256044,23302752118,4096,4110,17.3085
1785338571906630100,256045,23302802118,4096,4110,77.5364
1785338571928019400,256046,23302852118,4096,4110,21.3893
1785338572008640100,256047,23302902118,4096,4110,80.6207
1785338572108165200,256048,23302952118,4096,4110,99.5251
1785338572317807100,256049,23303002118,4096,4110,209.6419
1785338572327684900,256050,23303052118,4096,4110,9.8778
1785338572336664800,256051,23303102118,4096,4110,8.9799
1785338572345809000,256052,23303152118,4096,4110,9.1442
1785338572355071400,256053,23303202335,4096,4110,9.2624
1785338572363856500,256054,23303252118,4096,4110,8.7851
1785338572420656200,256055,23303302118,4096,4110,56.7997
1785338572430208600,256056,23303352123,4096,4110,9.5524
1785338572474396000,256057,23303402118,4096,4110,44.1874
1785338572522906300,256058,23303452118,4096,4110,48.5103
1785338572570632500,256059,23303502118,4096,4110,47.7262
1785338572622025300,256060,23303552118,4096,4110,51.3928
1785338572675516400,256061,23303602118,4096,4110,53.4911
1785338572753615500,256062,23303652118,4096,4110,78.0991
1785338572830309000,256063,23303702118,4096,4110,76.6935
1785338572839366900,256064,23303752118,4096,4110,9.0579
1785338572875757400,256065,23303802118,4096,4110,36.3905
1785338572937325600,256066,23303852118,4096,4110,61.5682
1785338573035434100,256067,23303902118,4096,4110,98.1085
1785338573044503500,256068,23303952118,4096,4110,9.0694
1785338573071235700,256069,23304002118,4096,4110,26.7322
1785338573291044100,256070,23304052118,4096,4110,219.8084
1785338573302243700,256071,23304102118,4096,4110,11.1996
1785338573311917100,256072,23304152118,4096,4110,9.6734
1785338573322058700,256073,23304202118,4096,4110,10.1416
1785338573349313000,256074,23304252118,4096,4110,27.2543
1785338573445484000,256075,23304302118,4096,4110,96.171
1785338573455106400,256076,23304352118,4096,4110,9.6224
1785338573474621500,256077,23304402118,4096,4110,19.5151
1785338573553094000,256078,23304452118,4096,4110,78.4725
1785338573652058200,256079,23304502118,4096,4110,98.9642
1785338573664941700,256080,23304552118,4096,4110,12.8835
1785338573677116600,256081,23304602118,4096,4110,12.1749
1785338573769439500,256082,23304652118,4096,4110,92.3229
1785338573780419800,256083,23304702118,4096,4110,10.9803
1785338573851442700,256084,23304752118,4096,4110,71.0229
1785338573952016800,256085,23304802118,4096,4110,100.5741
1785338573959661300,256086,23304852118,4096,4110,7.6445
1785338573970777800,256087,23304902118,4096,4110,11.1165
1785338574054548600,256088,23304952118,4096,4110,83.7708
1785338574157581100,256089,23305002118,4096,4110,103.0325
1785338574293278400,256090,23305052118,4096,4110,135.6973
1785338574309480400,256091,23305102118,4096,4110,16.202
1785338574318364600,256092,23305152118,4096,4110,8.8842
1785338574326784500,256093,23305202118,4096,4110,8.4199
1785338574366248700,256094,23305252118,4096,4110,39.4642
1785338574411607100,256095,23305302118,4096,4110,45.3584
1785338574465229900,256096,23305352118,4096,4110,53.6228
1785338574474446100,256097,23305402331,4096,4110,9.2162
1785338574567438800,256098,23305452118,4096,4110,92.9927
1785338574610626200,256099,23305502123,4096,4110,43.1874
1785338574666027300,256100,23305552118,4096,4110,55.4011
1785338574714527100,256101,23305602118,4096,4110,48.4998
1785338574723565000,256102,23305652310,4096,4110,9.0379
1785338574770754600,256103,23305702118,4096,4110,47.1896
1785338574821378800,256104,23305752118,4096,4110,50.6242
1785338574874673500,256105,23305802118,4096,4110,53.2947
1785338574924383400,256106,23305852118,4096,4110,49.7099
1785338574979498600,256107,23305902118,4096,4110,55.1152
1785338575022076300,256108,23305952118,4096,4110,42.5777
1785338575083331200,256109,23306002118,4096,4110,61.2549
1785338575123082600,256110,23306052118,4096,4110,39.7514
1785338575314665900,256111,23306102118,4096,4110,191.5833
1785338575330873500,256112,23306152118,4096,4110,16.2076
1785338575342818800,256113,23306202118,4096,4110,11.9453
1785338575355468600,256114,23306252118,4096,4110,12.6498
1785338575387480300,256115,23306302118,4096,4110,32.0117
1785338575489590100,256116,23306352118,4096,4110,102.1098
1785338575498442700,256117,23306402118,4096,4110,8.8526
1785338575523564800,256118,23306452118,4096,4110,25.1221
1785338575598384200,256119,23306502118,4096,4110,74.8194
1785338575694910300,256120,23306552118,4096,4110,96.5261
1785338575704790100,256121,23306602118,4096,4110,9.8798
1785338575724911100,256122,23306652118,4096,4110,20.121
1785338575801510400,256123,23306702118,4096,4110,76.5993
1785338575897811000,256124,23306752118,4096,4110,96.3006
1785338575907159500,256125,23306802118,4096,4110,9.3485
1785338575932840300,256126,23306852118,4096,4110,25.6808
1785338576003138100,256127,23306902118,4096,4110,70.2978
1785338576105058000,256128,23306952118,4096,4110,101.9199
1785338576115101400,256129,23307002118,4096,4110,10.0434
1785338576127422700,256130,23307052118,4096,4110,12.3213
1785338576401662100,256131,23307102118,4096,4110,274.2394
1785338576411887200,256132,23307152118,4096,4110,10.2251
1785338576419510100,256133,23307202118,4096,4110,7.6229
1785338576427380900,256134,23307252118,4096,4110,7.8708
1785338576436197300,256135,23307302118,4096,4110,8.8164
1785338576465104400,256136,23307352118,4096,4110,28.9071
1785338576515398600,256137,23307402118,4096,4110,50.2942
1785338576524969700,256138,23307451285,4096,4110,9.5711
1785338576614276400,256139,23307502118,4096,4110,89.3067
1785338576623593700,256140,23307552127,4096,4110,9.3173
1785338576711967500,256141,23307602118,4096,4110,88.3738
1785338576723801500,256142,23307652131,4096,4110,11.834
1785338576773215500,256143,23307702118,4096,4110,49.414
1785338576849188200,256144,23307752118,4096,4110,75.9727
1785338576926907900,256145,23307802118,4096,4110,77.7197
1785338576935420700,256146,23307852118,4096,4110,8.5128
1785338576971276100,256147,23307902118,4096,4110,35.8554
1785338577033362100,256148,23307952118,4096,4110,62.086
1785338577133206600,256149,23308002118,4096,4110,99.8445
1785338577142995700,256150,23308052118,4096,4110,9.7891
1785338577172843100,256151,23308102118,4096,4110,29.8474
1785338577368628100,256152,23308152118,4096,4110,195.785
1785338577379336000,256153,23308202118,4096,4110,10.7079
1785338577389295500,256154,23308252118,4096,4110,9.9595
1785338577398869800,256155,23308302118,4096,4110,9.5743
1785338577436488200,256156,23308352118,4096,4110,37.6184
1785338577539374800,256157,23308402118,4096,4110,102.8866
1785338577547881600,256158,23308452118,4096,4110,8.5068
1785338577573095100,256159,23308502118,4096,4110,25.2135
1785338577644579100,256160,23308552118,4096,4110,71.484
1785338577742705400,256161,23308602118,4096,4110,98.1263
1785338577753712600,256162,23308652118,4096,4110,11.0072
1785338577772597500,256163,23308702118,4096,4110,18.8849
1785338577850453900,256164,23308752118,4096,4110,77.8564
1785338577946716900,256165,23308802118,4096,4110,96.263
1785338577956652800,256166,23308852118,4096,4110,9.9359
1785338577974995800,256167,23308902118,4096,4110,18.343
1785338578053517600,256168,23308952118,4096,4110,78.5218
1785338578082866100,256169,23309002118,4096,4110,29.3485
1785338578156465200,256170,23309052118,4096,4110,73.5991
1785338578256103600,256171,23309102118,4096,4110,99.6384
1785338578411603800,256172,23309152118,4096,4110,155.5002
1785338578422586000,256173,23309202118,4096,4110,10.9822
1785338578432138400,256174,23309252118,4096,4110,9.5524
1785338578467806400,256175,23309302118,4096,4110,35.668
1785338578477526700,256176,23309352118,4096,4110,9.7203
1785338578487742000,256177,23309402118,4096,4110,10.2153
1785338578562574400,256178,23309452118,4096,4110,74.8324
1785338578664804900,256179,23309502118,4096,4110,102.2305
1785338578674378600,256180,23309552191,4096,4110,9.5737
1785338578686967400,256181,23309602118,4096,4110,12.5888
1785338578768440500,256182,23309652118,4096,4110,81.4731
1785338578777294000,256183,23309702189,4096,4110,8.8535
1785338578867562600,256184,23309752118,4096,4110,90.2686
1785338578877120900,256185,23309802118,4096,4110,9.5583
1785338578923208200,256186,23309852118,4096,4110,46.0873
1785338578974161600,256187,23309902118,4096,4110,50.9534
1785338579071277300,256188,23309952118,4096,4110,97.1157
1785338579080335000,256189,23310002118,4096,4110,9.0577
1785338579126477100,256190,23310052118,4096,4110,46.1421
1785338579174337900,256191,23310102118,4096,4110,47.8608
1785338579225399500,256192,23310152118,4096,4110,51.0616
1785338579425647700,256193,23310202118,4096,4110,200.2482
1785338579436639800,256194,23310252118,4096,4110,10.9921
1785338579445305600,256195,23310302118,4096,4110,8.6658
1785338579455428700,256196,23310352118,4096,4110,10.1231
1785338579486702600,256197,23310402118,4096,4110,31.2739
1785338579524814500,256198,23310452118,4096,4110,38.1119
1785338579585324000,256199,23310502118,4096,4110,60.5095
1785338579688687800,256200,23310552118,4096,4110,103.3638
1785338579697701000,256201,23310602118,4096,4110,9.0132
1785338579722574300,256202,23310652118,4096,4110,24.8733
1785338579794796200,256203,23310702118,4096,4110,72.2219
1785338579894098700,256204,23310752118,4096,4110,99.3025
1785338579903581200,256205,23310802118,4096,4110,9.4825
1785338579921563900,256206,23310852118,4096,4110,17.9827
1785338579994847500,256207,23310902118,4096,4110,73.2836
1785338580029548300,256208,23310952118,4096,4110,34.7008
1785338580099842100,256209,23311002118,4096,4110,70.2938
1785338580129636400,256210,23311052118,4096,4110,29.7943
1785338580215581900,256211,23311102118,4096,4110,85.9455
1785338580231392800,256212,23311152118,4096,4110,15.8109
1785338580460353200,256213,23311202118,4096,4110,228.9604
1785338580474262000,256214,23311252118,4096,4110,13.9088
1785338580485004800,256215,23311302118,4096,4110,10.7428
1785338580494803700,256216,23311352118,4096,4110,9.7989
1785338580509633700,256217,23311402118,4096,4110,14.83
1785338580524069500,256218,23311452118,4096,4110,14.4358
1785338580608202200,256219,23311502118,4096,4110,84.1327
1785338580713519000,256220,23311552118,4096,4110,105.3168
1785338580723579300,256221,23311602118,4096,4110,10.0603
1785338580733832000,256222,23311652118,4096,4110,10.2527
1785338580816917000,256223,23311702118,4096,4110,83.085
1785338580863063800,256224,23311752249,4096,4110,46.1468
1785338580920512900,256225,23311802118,4096,4110,57.4491
1785338580930734100,256226,23311852118,4096,4110,10.2212
1785338581018193300,256227,23311902118,4096,4110,87.4592
1785338581026675400,256228,23311952118,4096,4110,8.4821
1785338581071720000,256229,23312002118,4096,4110,45.0446
1785338581120460200,256230,23312052118,4096,4110,48.7402
1785338581171133200,256231,23312102118,4096,4110,50.673
1785338581222842400,256232,23312152118,4096,4110,51.7092
1785338581325800400,256233,23312202118,4096,4110,102.958
1785338581487446800,256234,23312252118,4096,4110,161.6464
1785338581499133800,256235,23312302118,4096,4110,11.687
1785338581508596300,256236,23312352118,4096,4110,9.4625
1785338581529633800,256237,23312402118,4096,4110,21.0375
1785338581539370200,256238,23312452118,4096,4110,9.7364
1785338581572998000,256239,23312502118,4096,4110,33.6278
1785338581635240900,256240,23312552118,4096,4110,62.2429
1785338581741139600,256241,23312602118,4096,4110,105.8987
1785338581752708800,256242,23312652118,4096,4110,11.5692
1785338581773169500,256243,23312702118,4096,4110,20.4607
1785338581840639400,256244,23312752118,4096,4110,67.4699
1785338581942445500,256245,23312802118,4096,4110,101.8061
1785338581951666100,256246,23312852118,4096,4110,9.2206
1785338581970600400,256247,23312902118,4096,4110,18.9343
1785338582044190200,256248,23312952118,4096,4110,73.5898
1785338582073937000,256249,23313002118,4096,4110,29.7468
1785338582147942600,256250,23313052118,4096,4110,74.0056
1785338582175373600,256251,23313102118,4096,4110,27.431
1785338582249669400,256252,23313152118,4096,4110,74.2958
1785338582277198000,256253,23313202118,4096,4110,27.5286
1785338582482296700,256254,23313252118,4096,4110,205.0987
1785338582494612800,256255,23313302118,4096,4110,12.3161
1785338582505004600,256256,23313352118,4096,4110,10.3918
1785338582515712800,256257,23313402118,4096,4110,10.7082
1785338582558358100,256258,23313452118,4096,4110,42.6453
1785338582657849500,256259,23313502118,4096,4110,99.4914
1785338582671237400,256260,23313552118,4096,4110,13.3879
1785338582684839400,256261,23313602118,4096,4110,13.602
1785338582762250900,256262,23313652118,4096,4110,77.4115
1785338582776139800,256263,23313702118,4096,4110,13.8889
1785338582864610600,256264,23313752118,4096,4110,88.4708
1785338582915835700,256265,23313802118,4096,4110,51.2251
1785338582965624800,256266,23313852127,4096,4110,49.7891
1785338583013136900,256267,23313902119,4096,4110,47.5121
1785338583067190000,256268,23313952118,4096,4110,54.0531
1785338583075050000,256269,23314002121,4096,4110,7.86
1785338583171613600,256270,23314052118,4096,4110,96.5636
1785338583213756500,256271,23314102118,4096,4110,42.1429
1785338583272908200,256272,23314151285,4096,4110,59.1517
1785338583282685300,256273,23314202118,4096,4110,9.7771
1785338583323587900,256274,23314252118,4096,4110,40.9026
1785338583511297100,256275,23314302118,4096,4110,187.7092
1785338583521575500,256276,23314352118,4096,4110,10.2784
1785338583530853200,256277,23314402118,4096,4110,9.2777
1785338583541635600,256278,23314452118,4096,4110,10.7824
1785338583579323900,256279,23314502118,4096,4110,37.6883
1785338583682768500,256280,23314552118,4096,4110,103.4446
1785338583692019700,256281,23314602118,4096,4110,9.2512
1785338583723505200,256282,23314652118,4096,4110,31.4855
1785338583784542500,256283,23314702118,4096,4110,61.0373
1785338583888943100,256284,23314752118,4096,4110,104.4006
1785338583899809000,256285,23314802118,4096,4110,10.8659
1785338583923152600,256286,23314852118,4096,4110,23.3436
1785338583991268200,256287,23314902118,4096,4110,68.1156
1785338584025159200,256288,23314952118,4096,4110,33.891
1785338584091544700,256289,23315002118,4096,4110,66.3855
1785338584122171000,256290,23315052118,4096,4110,30.6263
1785338584197189800,256291,23315102118,4096,4110,75.0188
1785338584227098700,256292,23315152118,4096,4110,29.9089
1785338584297393200,256293,23315202118,4096,4110,70.2945
1785338584399962600,256294,23315252118,4096,4110,102.5694
1785338584555051700,256295,23315302118,4096,4110,155.0891
1785338584568275300,256296,23315352118,4096,4110,13.2236
1785338584578128400,256297,23315402118,4096,4110,9.8531
1785338584588269600,256298,23315452118,4096,4110,10.1412
1785338584628797200,256299,23315502118,4096,4110,40.5276
1785338584711580900,256300,23315552118,4096,4110,82.7837
1785338584721493100,256301,23315602118,4096,4110,9.9122
1785338584732364900,256302,23315652263,4096,4110,10.8718
1785338584817133600,256303,23315702118,4096,4110,84.7687
1785338584920046500,256304,23315752125,4096,4110,102.9129
1785338584930320400,256305,23315802118,4096,4110,10.2739
1785338584939484700,256306,23315852048,4096,4110,9.1643
1785338585024032900,256307,23315902118,4096,4110,84.5482
1785338585137917700,256308,23315952118,4096,4110,113.8848
1785338585147957600,256309,23316002118,4096,4110,10.0399
1785338585156878900,256310,23316084071,4096,4110,8.9213
1785338585220452900,256311,23316102118,4096,4110,63.574
1785338585229935000,256312,23316152118,4096,4110,9.4821
1785338585322694500,256313,23316202118,4096,4110,92.7595
1785338585333306600,256314,23316252118,4096,4110,10.6121
1785338585369860300,256315,23316302118,4096,4110,36.5537
1785338585557075700,256316,23316352118,4096,4110,187.2154
1785338585567027300,256317,23316402118,4096,4110,9.9516
1785338585577048100,256318,23316452118,4096,4110,10.0208
1785338585651271600,256319,23316502118,4096,4110,74.2235
1785338585658965800,256320,23316552118,4096,4110,7.6942
1785338585676699600,256321,23316602118,4096,4110,17.7338
1785338585728709700,256322,23316652118,4096,4110,52.0101
1785338585830599500,256323,23316702118,4096,4110,101.8898
1785338585841921700,256324,23316752118,4096,4110,11.3222
1785338585873348900,256325,23316802118,4096,4110,31.4272
1785338585935096100,256326,23316852118,4096,4110,61.7472
1785338586036531300,256327,23316902118,4096,4110,101.4352
1785338586045502200,256328,23316952118,4096,4110,8.9709
1785338586070795800,256329,23317002118,4096,4110,25.2936
1785338586139467700,256330,23317052118,4096,4110,68.6719
1785338586237324000,256331,23317102118,4096,4110,97.8563
1785338586245610100,256332,23317152118,4096,4110,8.2861
1785338586270815700,256333,23317202118,4096,4110,25.2056
1785338586343081600,256334,23317252118,4096,4110,72.2659
1785338586446091800,256335,23317302118,4096,4110,103.0102
1785338586615450600,256336,23317352118,4096,4110,169.3588
1785338586627480400,256337,23317402118,4096,4110,12.0298
1785338586636916900,256338,23317452118,4096,4110,9.4365
1785338586645868800,256339,23317502118,4096,4110,8.9519
1785338586654781800,256340,23317552118,4096,4110,8.913
1785338586754978700,256341,23317602118,4096,4110,100.1969
1785338586764710200,256342,23317652118,4096,4110,9.7315
1785338586775580100,256343,23317702118,4096,4110,10.8699
1785338586854622500,256344,23317752118,4096,4110,79.0424
1785338586958155400,256345,23317802118,4096,4110,103.5329
1785338586968207200,256346,23317852118,4096,4110,10.0518
1785338586977654800,256347,23317902118,4096,4110,9.4476
1785338587061097800,256348,23317952118,4096,4110,83.443
1785338587113239100,256349,23318002118,4096,4110,52.1413
1785338587160077900,256350,23318052118,4096,4110,46.8388
1785338587173999700,256351,23318102118,4096,4110,13.9218
1785338587263516000,256352,23318152118,4096,4110,89.5163
1785338587313810400,256353,23318202119,4096,4110,50.2944
1785338587370679900,256354,23318252118,4096,4110,56.8695
1785338587379968700,256355,23318302118,4096,4110,9.2888
1785338587421466100,256356,23318352118,4096,4110,41.4974
1785338587608045100,256357,23318402120,4096,4110,186.579
1785338587620322000,256358,23318452118,4096,4110,12.2769
1785338587628450000,256359,23318502118,4096,4110,8.128
1785338587637212700,256360,23318552118,4096,4110,8.7627
1785338587672389100,256361,23318602118,4096,4110,35.1764
1785338587716165700,256362,23318651441,4096,4110,43.7766
1785338587774853400,256363,23318702118,4096,4110,58.6877
1785338587825001300,256364,23318752118,4096,4110,50.1479
1785338587875218500,256365,23318802118,4096,4110,50.2172
1785338587978998200,256366,23318852118,4096,4110,103.7797
1785338587989677700,256367,23318902118,4096,4110,10.6795
1785338588018928300,256368,23318952118,4096,4110,29.2506
1785338588082580100,256369,23319002118,4096,4110,63.6518
1785338588187131700,256370,23319052118,4096,4110,104.5516
1785338588195355800,256371,23319102118,4096,4110,8.2241
1785338588221811300,256372,23319152118,4096,4110,26.4555
1785338588289857200,256373,23319202118,4096,4110,68.0459
1785338588391427500,256374,23319252118,4096,4110,101.5703
1785338588400093300,256375,23319302118,4096,4110,8.6658
1785338588424736300,256376,23319352152,4096,4110,24.643
1785338588636384300,256377,23319402118,4096,4110,211.648
1785338588648411400,256378,23319452118,4096,4110,12.0271
1785338588659161600,256379,23319502118,4096,4110,10.7502
1785338588669889600,256380,23319552118,4096,4110,10.728
1785338588700279200,256381,23319602118,4096,4110,30.3896
1785338588805117100,256382,23319652118,4096,4110,104.8379
1785338588815044900,256383,23319702118,4096,4110,9.9278
1785338588830100800,256384,23319752118,4096,4110,15.0559
1785338588908478600,256385,23319802118,4096,4110,78.3778
1785338589013707800,256386,23319852118,4096,4110,105.2292
1785338589023939700,256387,23319902118,4096,4110,10.2319
1785338589033611600,256388,23319952131,4096,4110,9.6719
1785338589117531900,256389,23320002118,4096,4110,83.9203
1785338589218602600,256390,23320052127,4096,4110,101.0707
1785338589228215500,256391,23320102118,4096,4110,9.6129
1785338589236951600,256392,23320152119,4096,4110,8.7361
1785338589320227200,256393,23320202118,4096,4110,83.2756
1785338589368484400,256394,23320252119,4096,4110,48.2572
1785338589412871000,256395,23320302118,4096,4110,44.3866
1785338589462938100,256396,23320352118,4096,4110,50.0671
1785338589514573900,256397,23320402120,4096,4110,51.6358
1785338589666492200,256398,23320452127,4096,4110,151.9183
1785338589677963400,256399,23320502118,4096,4110,11.4712
1785338589687709500,256400,23320552118,4096,4110,9.7461
1785338589696759000,256401,23320602118,4096,4110,9.0495
1785338589723717900,256402,23320652118,4096,4110,26.9589
1785338589773107400,256403,23320702118,4096,4110,49.3895
1785338589828060600,256404,23320752118,4096,4110,54.9532
1785338589927748900,256405,23320802118,4096,4110,99.6883
1785338589938970500,256406,23320852118,4096,4110,11.2216
1785338589975035000,256407,23320902118,4096,4110,36.0645
1785338590031645000,256408,23320952118,4096,4110,56.61
1785338590131363400,256409,23321002118,4096,4110,99.7184
1785338590140141100,256410,23321052118,4096,4110,8.7777
1785338590173692900,256411,23321102118,4096,4110,33.5518
1785338590233819800,256412,23321152118,4096,4110,60.1269
1785338590339563900,256413,23321202118,4096,4110,105.7441
1785338590348703300,256414,23321252118,4096,4110,9.1394
1785338590374608700,256415,23321302118,4096,4110,25.9054
1785338590442894700,256416,23321352118,4096,4110,68.286
1785338590482490500,256417,23321402118,4096,4110,39.5958
1785338590688626700,256418,23321452118,4096,4110,206.1362
1785338590697259600,256419,23321502118,4096,4110,8.6329
1785338590704267200,256420,23321552118,4096,4110,7.0076
1785338590710700800,256421,23321602118,4096,4110,6.4336
1785338590748684500,256422,23321652118,4096,4110,37.9837
1785338590783071700,256423,23321702118,4096,4110,34.3872
1785338590851188100,256424,23321752118,4096,4110,68.1164
1785338590952911200,256425,23321802118,4096,4110,101.7231
1785338590961542000,256426,23321852118,4096,4110,8.6308
1785338590982042800,256427,23321902118,4096,4110,20.5008
1785338591054774000,256428,23321952118,4096,4110,72.7312
1785338591156112900,256429,23322002118,4096,4110,101.3389
1785338591162919700,256430,23322052118,4096,4110,6.8068
1785338591174364300,256431,23322102118,4096,4110,11.4446
1785338591261602300,256432,23322152118,4096,4110,87.238
1785338591363207900,256433,23322202118,4096,4110,101.6056
1785338591372965400,256434,23322252118,4096,4110,9.7575
1785338591381849900,256435,23322301295,4096,4110,8.8845
1785338591465167700,256436,23322352118,4096,4110,83.3178
1785338591517724900,256437,23322402120,4096,4110,52.5572
1785338591757388800,256438,23322452118,4096,4110,239.6639
1785338591789730500,256439,23322502118,4096,4110,32.3417
1785338591809141300,256440,23322552127,4096,4110,19.4108
1785338591819490400,256441,23322602139,4096,4110,10.3491
1785338591827589900,256442,23322652118,4096,4110,8.0995
1785338591836312200,256443,23322702118,4096,4110,8.7223
1785338591845877200,256444,23322752122,4096,4110,9.565
1785338591870196900,256445,23322802118,4096,4110,24.3197
1785338591923660200,256446,23322852118,4096,4110,53.4633
1785338591976836200,256447,23322902118,4096,4110,53.176
1785338592078172000,256448,23322952118,4096,4110,101.3358
1785338592087926600,256449,23323002118,4096,4110,9.7546
1785338592121664200,256450,23323052118,4096,4110,33.7376
1785338592182235800,256451,23323102118,4096,4110,60.5716
1785338592279161400,256452,23323152118,4096,4110,96.9256
1785338592289438000,256453,23323202118,4096,4110,10.2766
1785338592323281400,256454,23323252118,4096,4110,33.8434
1785338592387742100,256455,23323302118,4096,4110,64.4607
1785338592488566800,256456,23323352118,4096,4110,100.8247
1785338592498654200,256457,23323402118,4096,4110,10.0874
1785338592522627000,256458,23323452118,4096,4110,23.9728
1785338592722930500,256459,23323502118,4096,4110,200.3035
1785338592734264600,256460,23323552118,4096,4110,11.3341
1785338592743024200,256461,23323602118,4096,4110,8.7596
1785338592752232900,256462,23323652118,4096,4110,9.2087
1785338592797953800,256463,23323702118,4096,4110,45.7209
1785338592824489800,256464,23323752118,4096,4110,26.536
1785338592922568100,256465,23323802118,4096,4110,98.0783
1785338592932627300,256466,23323852118,4096,4110,10.0592
1785338593005867600,256467,23323902118,4096,4110,73.2403
1785338593027773000,256468,23323952118,4096,4110,21.9054
1785338593111920800,256469,23324002118,4096,4110,84.1478
1785338593211742900,256470,23324052118,4096,4110,99.8221
1785338593221005000,256471,23324102118,4096,4110,9.2621
1785338593230435500,256472,23324152118,4096,4110,9.4305
1785338593314775300,256473,23324202118,4096,4110,84.3398
1785338593411402000,256474,23324252118,4096,4110,96.6267
1785338593437344300,256475,23324302118,4096,4110,25.9423
1785338593446988800,256476,23324373374,4096,4110,9.6445
1785338593513861300,256477,23324402118,4096,4110,66.8725
1785338593563714600,256478,23324452118,4096,4110,49.8533
1785338593755586200,256479,23324502118,4096,4110,191.8716
1785338593766956200,256480,23324552125,4096,4110,11.37
1785338593776837000,256481,23324602118,4096,4110,9.8808
1785338593785461200,256482,23324652118,4096,4110,8.6242
1785338593822957200,256483,23324702118,4096,4110,37.496
1785338593863667100,256484,23324752118,4096,4110,40.7099
1785338593873735300,256485,23324802118,4096,4110,10.0682
1785338593926013200,256486,23324852118,4096,4110,52.2779
1785338594023237500,256487,23324902118,4096,4110,97.2243
1785338594033232600,256488,23324952118,4096,4110,9.9951
1785338594125280300,256489,23325002118,4096,4110,92.0477
1785338594134373800,256490,23325052118,4096,4110,9.0935
1785338594171565100,256491,23325102118,4096,4110,37.1913
1785338594233484900,256492,23325152118,4096,4110,61.9198
1785338594330184000,256493,23325202118,4096,4110,96.6991
1785338594339424700,256494,23325252118,4096,4110,9.2407
1785338594372315200,256495,23325302118,4096,4110,32.8905
1785338594436484900,256496,23325352118,4096,4110,64.1697
1785338594477376500,256497,23325402118,4096,4110,40.8916
1785338594538513900,256498,23325452118,4096,4110,61.1374
1785338594640630900,256499,23325502118,4096,4110,102.117
1785338594782802800,256500,23325552118,4096,4110,142.1719
1785338594793688100,256501,23325602118,4096,4110,10.8853
1785338594804159000,256502,23325652118,4096,4110,10.4709
1785338594844925500,256503,23325702118,4096,4110,40.7665
1785338594855682800,256504,23325752118,4096,4110,10.7573
1785338594872389900,256505,23325802118,4096,4110,16.7071
1785338594950576700,256506,23325852118,4096,4110,78.1868
1785338594981002400,256507,23325902118,4096,4110,30.4257
1785338595051552200,256508,23325952118,4096,4110,70.5498
1785338595078465600,256509,23326002118,4096,4110,26.9134
1785338595150231500,256510,23326052118,4096,4110,71.7659
1785338595258075800,256511,23326102118,4096,4110,107.8443
1785338595267129800,256512,23326152118,4096,4110,9.054
1785338595276175100,256513,23326202118,4096,4110,9.0453
1785338595361132000,256514,23326252118,4096,4110,84.9569
1785338595458551500,256515,23326302118,4096,4110,97.4195
1785338595467998000,256516,23326352118,4096,4110,9.4465
1785338595476998200,256517,23326402118,4096,4110,9.0002
1785338595567174200,256518,23326452118,4096,4110,90.176
1785338595577068000,256519,23326502127,4096,4110,9.8938
1785338595802941000,256520,23326552118,4096,4110,225.873
1785338595814784800,256521,23326602118,4096,4110,11.8438
1785338595824081000,256522,23326652203,4096,4110,9.2962
1785338595836650500,256523,23326702123,4096,4110,12.5695
1785338595869840400,256524,23326752118,4096,4110,33.1899
1785338595879602300,256525,23326802121,4096,4110,9.7619
1785338595966131300,256526,23326852118,4096,4110,86.529
1785338595972763600,256527,23326902118,4096,4110,6.6323
1785338596022362300,256528,23326952118,4096,4110,49.5987
1785338596072822400,256529,23327002118,4096,4110,50.4601
1785338596123349900,256530,23327052118,4096,4110,50.5275
1785338596179859800,256531,23327102118,4096,4110,56.5099
1785338596223499300,256532,23327152118,4096,4110,43.6395
1785338596276838600,256533,23327202118,4096,4110,53.3393
1785338596379188200,256534,23327252118,4096,4110,102.3496
1785338596388891800,256535,23327302118,4096,4110,9.7036
1785338596421655000,256536,23327352118,4096,4110,32.7632
1785338596484811600,256537,23327402118,4096,4110,63.1566
1785338596588536300,256538,23327452118,4096,4110,103.7247
1785338596597845300,256539,23327502118,4096,4110,9.309
1785338596625071500,256540,23327552118,4096,4110,27.2262
1785338596823999000,256541,23327602118,4096,4110,198.9275
1785338596834801800,256542,23327652118,4096,4110,10.8028
1785338596843144700,256543,23327702118,4096,4110,8.3429
1785338596895969600,256544,23327752118,4096,4110,52.8249
1785338596906319100,256545,23327802118,4096,4110,10.3495
1785338596925236400,256546,23327852118,4096,4110,18.9173
1785338597021446700,256547,23327902118,4096,4110,96.2103
1785338597103168200,256548,23327952118,4096,4110,81.7215
1785338597114307400,256549,23328002118,4096,4110,11.1392
1785338597126752100,256550,23328052118,4096,4110,12.4447
1785338597209728900,256551,23328102118,4096,4110,82.9768
1785338597309007500,256552,23328152118,4096,4110,99.2786
1785338597319330700,256553,23328202118,4096,4110,10.3232
1785338597327917000,256554,23328252118,4096,4110,8.5863
1785338597411147800,256555,23328302118,4096,4110,83.2308
1785338597525216300,256556,23328352118,4096,4110,114.0685
1785338597535205600,256557,23328402118,4096,4110,9.9893
1785338597544027600,256558,23328469280,4096,4110,8.822
1785338597609483800,256559,23328502118,4096,4110,65.4562
1785338597710862000,256560,23328552118,4096,4110,101.3782
1785338597856807400,256561,23328602118,4096,4110,145.9454
1785338597863459200,256562,23328652121,4096,4110,6.6518
1785338597870615000,256563,23328702118,4096,4110,7.1558
1785338597879742900,256564,23328752118,4096,4110,9.1279
1785338597919704200,256565,23328802118,4096,4110,39.9613
1785338597969792400,256566,23328852207,4096,4110,50.0882
1785338598018191800,256567,23328902118,4096,4110,48.3994
1785338598067814800,256568,23328952118,4096,4110,49.623
1785338598118556400,256569,23329002145,4096,4110,50.7416
1785338598134766000,256570,23329052118,4096,4110,16.2096
1785338598173311600,256571,23329102118,4096,4110,38.5456
1785338598220790000,256572,23329152118,4096,4110,47.4784
1785338598271703900,256573,23329202118,4096,4110,50.9139
1785338598328070400,256574,23329252118,4096,4110,56.3665
1785338598374793900,256575,23329302118,4096,4110,46.7235
1785338598428662000,256576,23329352118,4096,4110,53.8681
1785338598528492600,256577,23329402118,4096,4110,99.8306
1785338598538086900,256578,23329452118,4096,4110,9.5943
1785338598571464400,256579,23329502118,4096,4110,33.3775
1785338598630772700,256580,23329552118,4096,4110,59.3083
1785338598733082600,256581,23329602118,4096,4110,102.3099
1785338598889929800,256582,23329652118,4096,4110,156.8472
1785338598902674800,256583,23329702118,4096,4110,12.745
1785338598913887600,256584,23329752118,4096,4110,11.2128
1785338598938270000,256585,23329802118,4096,4110,24.3824
1785338598949601000,256586,23329852118,4096,4110,11.331
1785338598972303800,256587,23329902118,4096,4110,22.7028
1785338599043226900,256588,23329952118,4096,4110,70.9231
1785338599141194300,256589,23330002118,4096,4110,97.9674
1785338599150869700,256590,23330052118,4096,4110,9.6754
1785338599173412200,256591,23330102118,4096,4110,22.5425
1785338599248612300,256592,23330152118,4096,4110,75.2001
1785338599274861500,256593,23330202118,4096,4110,26.2492
1785338599348966000,256594,23330252118,4096,4110,74.1045
1785338599455313700,256595,23330302118,4096,4110,106.3477
1785338599465271300,256596,23330352118,4096,4110,9.9576
1785338599482698100,256597,23330402118,4096,4110,17.4268
1785338599556164100,256598,23330452118,4096,4110,73.466
1785338599655368900,256599,23330502118,4096,4110,99.2048
1785338599664700400,256600,23330552118,4096,4110,9.3315
1785338599673614600,256601,23330602118,4096,4110,8.9142
1785338599896995900,256602,23330652118,4096,4110,223.3813
1785338599907160900,256603,23330702118,4096,4110,10.165
1785338599916308000,256604,23330752118,4096,4110,9.1471
1785338599924591000,256605,23330802118,4096,4110,8.283
1785338599965060200,256606,23330852118,4096,4110,40.4692
1785338600064559900,256607,23330902118,4096,4110,99.4997
1785338600074444000,256608,23330952118,4096,4110,9.8841
1785338600084790700,256609,23331002261,4096,4110,10.3467
1785338600170294700,256610,23331052118,4096,4110,85.504
1785338600220084200,256611,23331102118,4096,4110,49.7895
1785338600266473900,256612,23331152118,4096,4110,46.3897
1785338600276091800,256613,23331202118,4096,4110,9.6179
1785338600322094800,256614,23331252118,4096,4110,46.003
1785338600372299100,256615,23331302118,4096,4110,50.2043
1785338600421347600,256616,23331352118,4096,4110,49.0485
1785338600476307400,256617,23331402118,4096,4110,54.9598
1785338600577677500,256618,23331452118,4096,4110,101.3701
1785338600587133200,256619,23331502118,4096,4110,9.4557
1785338600622052900,256620,23331552118,4096,4110,34.9197
1785338600681698900,256621,23331602118,4096,4110,59.646
1785338600784912100,256622,23331652118,4096,4110,103.2132
1785338600931123400,256623,23331702118,4096,4110,146.2113
1785338600945173900,256624,23331752118,4096,4110,14.0505
1785338600955223500,256625,23331802118,4096,4110,10.0496
1785338600986090100,256626,23331852118,4096,4110,30.8666
1785338600995644600,256627,23331902118,4096,4110,9.5545
1785338601025139600,256628,23331952118,4096,4110,29.495
1785338601092763400,256629,23332002118,4096,4110,67.6238
1785338601191187800,256630,23332052118,4096,4110,98.4244
1785338601198349900,256631,23332102118,4096,4110,7.1621
1785338601225766300,256632,23332152118,4096,4110,27.4164
1785338601292678600,256633,23332202118,4096,4110,66.9123
1785338601393927400,256634,23332252118,4096,4110,101.2488
1785338601402915900,256635,23332302118,4096,4110,8.9885
1785338601432444800,256636,23332352118,4096,4110,29.5289
1785338601500866700,256637,23332402118,4096,4110,68.4219
1785338601530684100,256638,23332452118,4096,4110,29.8174
1785338601602251800,256639,23332502118,4096,4110,71.5677
1785338601705873900,256640,23332552118,4096,4110,103.6221
1785338601715241500,256641,23332602118,4096,4110,9.3676
1785338601723796900,256642,23332652118,4096,4110,8.5554
1785338601970221800,256643,23332702118,4096,4110,246.4249
1785338601982067400,256644,23332752118,4096,4110,11.8456
1785338601992361200,256645,23332802118,4096,4110,10.2938
1785338602001976600,256646,23332852118,4096,4110,9.6154
1785338602011174000,256647,23332902118,4096,4110,9.1974
1785338602111165300,256648,23332952118,4096,4110,99.9913
1785338602118395100,256649,23333002118,4096,4110,7.2298
1785338602127612600,256650,23333051396,4096,4110,9.2175
1785338602215634600,256651,23333102179,4096,4110,88.022
1785338602222377600,256652,23333152242,4096,4110,6.743
1785338602313579000,256653,23333202118,4096,4110,91.2014
1785338602370342200,256654,23333252118,4096,4110,56.7632
1785338602418242900,256655,23333302118,4096,4110,47.9007
1785338602463727300,256656,23333352118,4096,4110,45.4844
1785338602518226800,256657,23333402123,4096,4110,54.4995
1785338602526894700,256658,23333452118,4096,4110,8.6679
1785338602573876300,256659,23333502118,4096,4110,46.9816
1785338602625308100,256660,23333552118,4096,4110,51.4318
1785338602728168600,256661,23333602118,4096,4110,102.8605
1785338602738055900,256662,23333652118,4096,4110,9.8873
1785338602771477000,256663,23333702118,4096,4110,33.4211
1785338602979742300,256664,23333752118,4096,4110,208.2653
1785338602991860600,256665,23333802118,4096,4110,12.1183
1785338603001406000,256666,23333852118,4096,4110,9.5454
1785338603010957300,256667,23333902118,4096,4110,9.5513
1785338603038081600,256668,23333952118,4096,4110,27.1243
1785338603140073700,256669,23334002118,4096,4110,101.9921
1785338603149557900,256670,23334052118,4096,4110,9.4842
1785338603173694400,256671,23334102118,4096,4110,24.1365
1785338603249868400,256672,23334152118,4096,4110,76.174
1785338603340900400,256673,23334202118,4096,4110,91.032
1785338603348117000,256674,23334252118,4096,4110,7.2166
1785338603377366600,256675,23334302118,4096,4110,29.2496
1785338603449246900,256676,23334352118,4096,4110,71.8803
1785338603477275400,256677,23334402118,4096,4110,28.0285
1785338603549645500,256678,23334452118,4096,4110,72.3701
1785338603578426600,256679,23334502118,4096,4110,28.7811
1785338603652080000,256680,23334552118,4096,4110,73.6534
1785338603752579000,256681,23334602118,4096,4110,100.499
1785338603761549800,256682,23334652118,4096,4110,8.9708
1785338603783415300,256683,23334702118,4096,4110,21.8655
1785338604006697800,256684,23334752118,4096,4110,223.2825
1785338604018199600,256685,23334802118,4096,4110,11.5018
1785338604027404600,256686,23334852118,4096,4110,9.205
1785338604037026300,256687,23334902118,4096,4110,9.6217
1785338604060472500,256688,23334952118,4096,4110,23.4462
1785338604162718300,256689,23335002118,4096,4110,102.2458
1785338604172647200,256690,23335052118,4096,4110,9.9289
1785338604181721300,256691,23335102152,4096,4110,9.0741
1785338604262509200,256692,23335152118,4096,4110,80.7879
1785338604368953500,256693,23335202118,4096,4110,106.4443
1785338604378641200,256694,23335252118,4096,4110,9.6877
1785338604387719300,256695,23335302119,4096,4110,9.0781
1785338604467329500,256696,23335352118,4096,4110,79.6102
1785338604518616800,256697,23335402118,4096,4110,51.2873
1785338604529319300,256698,23335452118,4096,4110,10.7025
1785338604574043500,256699,23335502118,4096,4110,44.7242
1785338604622890400,256700,23335552118,4096,4110,48.8469
1785338604675575200,256701,23335602118,4096,4110,52.6848
1785338604722321600,256702,23335652118,4096,4110,46.7464
1785338604810559700,256703,23335702118,4096,4110,88.2381
1785338604883958700,256704,23335752118,4096,4110,73.399
1785338605038749500,256705,23335802118,4096,4110,154.7908
1785338605050070500,256706,23335852118,4096,4110,11.321
1785338605059948500,256707,23335902118,4096,4110,9.878
1785338605087944400,256708,23335952118,4096,4110,27.9959
1785338605097854700,256709,23336002118,4096,4110,9.9103
1785338605123563700,256710,23336052118,4096,4110,25.709
1785338605193788700,256711,23336102118,4096,4110,70.225
1785338605334734200,256712,23336152118,4096,4110,140.9455
1785338605347012700,256713,23336202118,4096,4110,12.2785
1785338605358861700,256714,23336268134,4096,4110,11.849
1785338605392983400,256715,23336302118,4096,4110,34.1217
1785338605494231100,256716,23336352118,4096,4110,101.2477
1785338605502703900,256717,23336402118,4096,4110,8.4728
1785338605526509000,256718,23336452118,4096,4110,23.8051
1785338605598176000,256719,23336502118,4096,4110,71.667
1785338605630631000,256720,23336552118,4096,4110,32.455
1785338605703020000,256721,23336602118,4096,4110,72.389
1785338605802263700,256722,23336652118,4096,4110,99.2437
1785338605811896700,256723,23336702118,4096,4110,9.633
1785338605825078000,256724,23336752118,4096,4110,13.1813
1785338606062795100,256725,23336802118,4096,4110,237.7171
1785338606074154700,256726,23336852118,4096,4110,11.3596
1785338606083942400,256727,23336902118,4096,4110,9.7877
1785338606092865900,256728,23336952118,4096,4110,8.9235
1785338606111605500,256729,23337002118,4096,4110,18.7396
1785338606212410800,256730,23337052118,4096,4110,100.8053
1785338606268425600,256731,23337102118,4096,4110,56.0148
1785338606313486800,256732,23337152118,4096,4110,45.0612
1785338606323065000,256733,23337202118,4096,4110,9.5782
1785338606331089900,256734,23337252118,4096,4110,8.0249
1785338606416127700,256735,23337302118,4096,4110,85.0378
1785338606467900100,256736,23337351318,4096,4110,51.7724
1785338606522874500,256737,23337402118,4096,4110,54.9744
1785338606573177400,256738,23337452127,4096,4110,50.3029
1785338606621510400,256739,23337502118,4096,4110,48.333
1785338606669306800,256740,23337552118,4096,4110,47.7964
1785338606721169400,256741,23337602118,4096,4110,51.8626
1785338606766129300,256742,23337652118,4096,4110,44.9599
1785338606828370700,256743,23337702254,4096,4110,62.2414
1785338606837704300,256744,23337752118,4096,4110,9.3336
1785338606870087000,256745,23337802118,4096,4110,32.3827
1785338607081924700,256746,23337852118,4096,4110,211.8377
1785338607093856900,256747,23337902118,4096,4110,11.9322
1785338607103612900,256748,23337952118,4096,4110,9.756
1785338607113119800,256749,23338002118,4096,4110,9.5069
1785338607130883700,256750,23338052118,4096,4110,17.7639
1785338607228033600,256751,23338102118,4096,4110,97.1499
1785338607236801700,256752,23338152118,4096,4110,8.7681
1785338607269989100,256753,23338202118,4096,4110,33.1874
1785338607332377700,256754,23338252118,4096,4110,62.3886
1785338607435396500,256755,23338302118,4096,4110,103.0188
1785338607445891200,256756,23338352118,4096,4110,10.4947
1785338607473967100,256757,23338402118,4096,4110,28.0759
1785338607537944800,256758,23338452118,4096,4110,63.9777
1785338607639984600,256759,23338502118,4096,4110,102.0398
1785338607650326200,256760,23338552118,4096,4110,10.3416
1785338607676081200,256761,23338602118,4096,4110,25.755
1785338607745094400,256762,23338652118,4096,4110,69.0132
1785338607845719200,256763,23338702118,4096,4110,100.6248
1785338607855424300,256764,23338752118,4096,4110,9.7051
1785338607874372600,256765,23338802118,4096,4110,18.9483
1785338608098463800,256766,23338852118,4096,4110,224.0912
1785338608109931800,256767,23338902118,4096,4110,11.468
1785338608119063100,256768,23338952118,4096,4110,9.1313
1785338608128657200,256769,23339002118,4096,4110,9.5941
1785338608152066500,256770,23339052118,4096,4110,23.4093
1785338608257855400,256771,23339102118,4096,4110,105.7889
1785338608267582400,256772,23339152118,4096,4110,9.727
1785338608277250800,256773,23339202118,4096,4110,9.6684
1785338608356512400,256774,23339252118,4096,4110,79.2616
1785338608373071100,256775,23339302118,4096,4110,16.5587
1785338608462609200,256776,23339352118,4096,4110,89.5381
1785338608515321700,256777,23339402118,4096,4110,52.7125
1785338608566327400,256778,23339452120,4096,4110,51.0057
1785338608618108400,256779,23339502118,4096,4110,51.781
1785338608670129400,256780,23339552118,4096,4110,52.021
1785338608679108500,256781,23339602197,4096,4110,8.9791
1785338608764667100,256782,23339652118,4096,4110,85.5586
1785338608813018300,256783,23339702118,4096,4110,48.3512
1785338608866682500,256784,23339752118,4096,4110,53.6642
1785338608874976900,256785,23339802118,4096,4110,8.2944
1785338608921959600,256786,23339852118,4096,4110,46.9827
1785338609107085500,256787,23339902118,4096,4110,185.1259
1785338609119089900,256788,23339952118,4096,4110,12.0044
1785338609129338700,256789,23340002118,4096,4110,10.2488
1785338609139413800,256790,23340052118,4096,4110,10.0751
1785338609183299000,256791,23340102118,4096,4110,43.8852
1785338609284820800,256792,23340152118,4096,4110,101.5218
1785338609295107000,256793,23340202118,4096,4110,10.2862
1785338609326860600,256794,23340252118,4096,4110,31.7536
1785338609390106400,256795,23340302118,4096,4110,63.2458
1785338609486393700,256796,23340352118,4096,4110,96.2873
1785338609516215200,256797,23340402118,4096,4110,29.8215
1785338609522951300,256798,23340452066,4096,4110,6.7361
1785338609588272000,256799,23340502118,4096,4110,65.3207
1785338609691975900,256800,23340552118,4096,4110,103.7039
1785338609701587600,256801,23340602118,4096,4110,9.6117
1785338609722527600,256802,23340652118,4096,4110,20.94
1785338609794790100,256803,23340702118,4096,4110,72.2625
1785338609824078600,256804,23340752118,4096,4110,29.2885
1785338609893203200,256805,23340802118,4096,4110,69.1246
1785338609926422900,256806,23340852118,4096,4110,33.2197
1785338610148586400,256807,23340902118,4096,4110,222.1635
1785338610161096600,256808,23340952118,4096,4110,12.5102
1785338610170119400,256809,23341002118,4096,4110,9.0228
1785338610178787600,256810,23341052118,4096,4110,8.6682
1785338610206775600,256811,23341102118,4096,4110,27.988
1785338610309099600,256812,23341152118,4096,4110,102.324
1785338610318586800,256813,23341202118,4096,4110,9.4872
1785338610327894400,256814,23341252118,4096,4110,9.3076
1785338610408925100,256815,23341302118,4096,4110,81.0307
1785338610506725600,256816,23341352118,4096,4110,97.8005
1785338610514333200,256817,23341402118,4096,4110,7.6076
1785338610523079300,256818,23341452118,4096,4110,8.7461
1785338610616461700,256819,23341502118,4096,4110,93.3824
1785338610663308400,256820,23341552118,4096,4110,46.8467
1785338610718979300,256821,23341601320,4096,4110,55.6709
1785338610768914400,256822,23341652119,4096,4110,49.9351
1785338610822462200,256823,23341702118,4096,4110,53.5478
1785338610832347300,256824,23341751243,4096,4110,9.8851
1785338610871849300,256825,23341801324,4096,4110,39.502
1785338610919738200,256826,23341852123,4096,4110,47.8889
1785338610973321100,256827,23341902118,4096,4110,53.5829
1785338611169410500,256828,23341952118,4096,4110,196.0894
1785338611181609600,256829,23342002204,4096,4110,12.1991
1785338611192072800,256830,23342052118,4096,4110,10.4632
1785338611201391600,256831,23342102118,4096,4110,9.3188
1785338611225135700,256832,23342152118,4096,4110,23.7441
1785338611271051700,256833,23342202118,4096,4110,45.916
1785338611335062000,256834,23342252118,4096,4110,64.0103
1785338611430042100,256835,23342302118,4096,4110,94.9801
1785338611440328300,256836,23342352118,4096,4110,10.2862
1785338611473625200,256837,23342402118,4096,4110,33.2969
1785338611534586600,256838,23342452118,4096,4110,60.9614
1785338611636667500,256839,23342502118,4096,4110,102.0809
1785338611645418900,256840,23342552118,4096,4110,8.7514
1785338611674578200,256841,23342602118,4096,4110,29.1593
1785338611740787700,256842,23342652118,4096,4110,66.2095
1785338611841269200,256843,23342702118,4096,4110,100.4815
1785338611850568400,256844,23342752118,4096,4110,9.2992
1785338611874890000,256845,23342802118,4096,4110,24.3216
1785338611945905500,256846,23342852118,4096,4110,71.0155
1785338611974944900,256847,23342902118,4096,4110,29.0394
1785338612194127000,256848,23342952118,4096,4110,219.1821
1785338612205729000,256849,23343002118,4096,4110,11.602
1785338612215334700,256850,23343052118,4096,4110,9.6057
1785338612223649700,256851,23343102118,4096,4110,8.315
1785338612251479800,256852,23343152118,4096,4110,27.8301
1785338612350044300,256853,23343202118,4096,4110,98.5645
1785338612358847400,256854,23343252118,4096,4110,8.8031
1785338612370831200,256855,23343302118,4096,4110,11.9838
1785338612455821800,256856,23343352118,4096,4110,84.9906
1785338612556591800,256857,23343402118,4096,4110,100.77
1785338612565835200,256858,23343452118,4096,4110,9.2434
1785338612575335000,256859,23343502118,4096,4110,9.4998
1785338612663051400,256860,23343552118,4096,4110,87.7164
1785338612762106900,256861,23343602118,4096,4110,99.0555
1785338612772238600,256862,23343652118,4096,4110,10.1317
1785338612781362000,256863,23343702118,4096,4110,9.1234
1785338612863862900,256864,23343752121,4096,4110,82.5009
1785338612912866000,256865,23343802118,4096,4110,49.0031
1785338612969783100,256866,23343852118,4096,4110,56.9171
1785338612978804700,256867,23343902118,4096,4110,9.0216
1785338613068222300,256868,23343952118,4096,4110,89.4176
1785338613227971900,256869,23344002118,4096,4110,159.7496
1785338613239361500,256870,23344052118,4096,4110,11.3896
1785338613248617600,256871,23344102118,4096,4110,9.2561
1785338613281499800,256872,23344152118,4096,4110,32.8822
1785338613291201400,256873,23344202118,4096,4110,9.7016
1785338613321187200,256874,23344252118,4096,4110,29.9858
1785338613385883400,256875,23344302118,4096,4110,64.6962
1785338613486661400,256876,23344352118,4096,4110,100.778
1785338613496815300,256877,23344402118,4096,4110,10.1539
1785338613521601800,256878,23344452118,4096,4110,24.7865
1785338613591440600,256879,23344502118,4096,4110,69.8388
1785338613625056900,256880,23344552118,4096,4110,33.6163
1785338613691865200,256881,23344602118,4096,4110,66.8083
1785338613788182400,256882,23344652118,4096,4110,96.3172
1785338613797573500,256883,23344702118,4096,4110,9.3911
1785338613822564100,256884,23344752118,4096,4110,24.9906
1785338613893872200,256885,23344802118,4096,4110,71.3081
1785338613992041800,256886,23344852118,4096,4110,98.1696
1785338613999287800,256887,23344902118,4096,4110,7.246
1785338614021605800,256888,23344952118,4096,4110,22.318
1785338614237436600,256889,23345002118,4096,4110,215.8308
1785338614248576800,256890,23345052118,4096,4110,11.1402
1785338614257570600,256891,23345102118,4096,4110,8.9938
1785338614266583800,256892,23345152118,4096,4110,9.0132
1785338614302939800,256893,23345202118,4096,4110,36.356
1785338614332450000,256894,23345252118,4096,4110,29.5102
1785338614410760000,256895,23345302118,4096,4110,78.31
1785338614508661200,256896,23345352118,4096,4110,97.9012
1785338614519174000,256897,23345402118,4096,4110,10.5128
1785338614530098200,256898,23345452118,4096,4110,10.9242
1785338614611640500,256899,23345502118,4096,4110,81.5423
1785338614707481300,256900,23345552118,4096,4110,95.8408
1785338614714241700,256901,23345602118,4096,4110,6.7604
1785338614721542000,256902,23345652119,4096,4110,7.3003
1785338614814966200,256903,23345702118,4096,4110,93.4242
1785338614862704600,256904,23345752118,4096,4110,47.7384
1785338614914566300,256905,23345802118,4096,4110,51.8617
1785338614922882500,256906,23345852120,4096,4110,8.3162
1785338615017825000,256907,23345902118,4096,4110,94.9425
1785338615066510700,256908,23345951330,4096,4110,48.6857
1785338615119978500,256909,23346002118,4096,4110,53.4678
1785338615304638700,256910,23346052118,4096,4110,184.6602
1785338615328808600,256911,23346102264,4096,4110,24.1699
1785338615336905400,256912,23346152118,4096,4110,8.0968
1785338615346030100,256913,23346202118,4096,4110,9.1247
1785338615354255200,256914,23346252118,4096,4110,8.2251
1785338615371075300,256915,23346302118,4096,4110,16.8201
1785338615424841100,256916,23346352118,4096,4110,53.7658
1785338615528820900,256917,23346402118,4096,4110,103.9798
1785338615538560600,256918,23346452118,4096,4110,9.7397
1785338615569954400,256919,23346502118,4096,4110,31.3938
1785338615632676900,256920,23346552118,4096,4110,62.7225
1785338615734560500,256921,23346602118,4096,4110,101.8836
1785338615743921600,256922,23346652118,4096,4110,9.3611
1785338615772767100,256923,23346702118,4096,4110,28.8455
1785338615838422500,256924,23346752118,4096,4110,65.6554
1785338615940059400,256925,23346802118,4096,4110,101.6369
1785338615952071200,256926,23346852118,4096,4110,12.0118
1785338615970994500,256927,23346902118,4096,4110,18.9233
1785338616041387000,256928,23346952118,4096,4110,70.3925
1785338616140260600,256929,23347002118,4096,4110,98.8736
1785338616288267000,256930,23347052118,4096,4110,148.0064
1785338616297757200,256931,23347102118,4096,4110,9.4902
1785338616307009800,256932,23347152118,4096,4110,9.2526
1785338616316664500,256933,23347202118,4096,4110,9.6547
1785338616347438100,256934,23347252118,4096,4110,30.7736
1785338616377828400,256935,23347302118,4096,4110,30.3903
1785338616452001500,256936,23347352118,4096,4110,74.1731
1785338616487429900,256937,23347402118,4096,4110,35.4284
1785338616555089800,256938,23347452118,4096,4110,67.6599
1785338616656572500,256939,23347502118,4096,4110,101.4827
1785338616665699200,256940,23347552118,4096,4110,9.1267
1785338616674481400,256941,23347602118,4096,4110,8.7822
1785338616760360600,256942,23347652118,4096,4110,85.8792
1785338616863659800,256943,23347702118,4096,4110,103.2992
1785338616873827800,256944,23347752118,4096,4110,10.168
1785338616882994000,256945,23347802118,4096,4110,9.1662
1785338616964357800,256946,23347852121,4096,4110,81.3638
1785338617013010200,256947,23347902118,4096,4110,48.6524
1785338617066807200,256948,23347952118,4096,4110,53.797
1785338617118311600,256949,23348002118,4096,4110,51.5044
1785338617316955300,256950,23348052118,4096,4110,198.6437
1785338617328614300,256951,23348102118,4096,4110,11.659
1785338617337985000,256952,23348152118,4096,4110,9.3707
1785338617346451400,256953,23348202118,4096,4110,8.4664
1785338617376298300,256954,23348252118,4096,4110,29.8469
1785338617386716100,256955,23348302118,4096,4110,10.4178
1785338617422619600,256956,23348352118,4096,4110,35.9035
1785338617479248400,256957,23348402118,4096,4110,56.6288
1785338617580992500,256958,23348452118,4096,4110,101.7441
1785338617591566500,256959,23348502118,4096,4110,10.574
1785338617622435100,256960,23348552118,4096,4110,30.8686
1785338617686195500,256961,23348602118,4096,4110,63.7604
1785338617783476500,256962,23348652118,4096,4110,97.281
1785338617814862100,256963,23348702118,4096,4110,31.3856
1785338617824685100,256964,23348752118,4096,4110,9.823
1785338617886337600,256965,23348802118,4096,4110,61.6525
1785338617990736000,256966,23348852118,4096,4110,104.3984
1785338617999878000,256967,23348902118,4096,4110,9.142
1785338618023206500,256968,23348952118,4096,4110,23.3285
1785338618090878400,256969,23349002118,4096,4110,67.6719
1785338618195561700,256970,23349052118,4096,4110,104.6833
1785338618371141600,256971,23349102118,4096,4110,175.5799
1785338618383749600,256972,23349152118,4096,4110,12.608
1785338618393579400,256973,23349202118,4096,4110,9.8298
1785338618403315000,256974,23349252118,4096,4110,9.7356
1785338618411672500,256975,23349302118,4096,4110,8.3575
1785338618423323200,256976,23349352118,4096,4110,11.6507
1785338618500676000,256977,23349402118,4096,4110,77.3528
1785338618530528200,256978,23349452118,4096,4110,29.8522
1785338618601074900,256979,23349502118,4096,4110,70.5467
1785338618704153300,256980,23349552118,4096,4110,103.0784
1785338618713582500,256981,23349602118,4096,4110,9.4292
1785338618721463400,256982,23349652118,4096,4110,7.8809
1785338618807508200,256983,23349702118,4096,4110,86.0448
1785338618912974100,256984,23349752118,4096,4110,105.4659
1785338618922643200,256985,23349802118,4096,4110,9.6691
1785338618931911800,256986,23349852123,4096,4110,9.2686
1785338619012297800,256987,23349902118,4096,4110,80.386
1785338619112962400,256988,23349952118,4096,4110,100.6646
1785338619122603000,256989,23350001324,4096,4110,9.6406
1785338619132250200,256990,23350052118,4096,4110,9.6472
1785338619370868100,256991,23350102118,4096,4110,238.6179
1785338619383603500,256992,23350152125,4096,4110,12.7354
1785338619394489200,256993,23350202169,4096,4110,10.8857
1785338619405681200,256994,23350252119,4096,4110,11.192
1785338619417684700,256995,23350302118,4096,4110,12.0035
1785338619464108400,256996,23350352118,4096,4110,46.4237
1785338619518299200,256997,23350402118,4096,4110,54.1908
1785338619565571500,256998,23350452118,4096,4110,47.2723
1785338619575191500,256999,23350501303,4096,4110,9.62
1785338619627017100,257000,23350552118,4096,4110,51.8256
1785338619672447400,257001,23350602118,4096,4110,45.4303
1785338619727688400,257002,23350652118,4096,4110,55.241
1785338619827074900,257003,23350702118,4096,4110,99.3865
1785338619834967800,257004,23350752118,4096,4110,7.8929
1785338619872700800,257005,23350802118,4096,4110,37.733
1785338619936725500,257006,23350852118,4096,4110,64.0247
1785338620038197100,257007,23350902118,4096,4110,101.4716
1785338620047554000,257008,23350952118,4096,4110,9.3569
1785338620072905500,257009,23351002118,4096,4110,25.3515
1785338620138563300,257010,23351052118,4096,4110,65.6578
1785338620236906400,257011,23351102118,4096,4110,98.3431
1785338620404830100,257012,23351152118,4096,4110,167.9237
1785338620416269500,257013,23351202118,4096,4110,11.4394
1785338620425631000,257014,23351252118,4096,4110,9.3615
1785338620445489800,257015,23351302118,4096,4110,19.8588
1785338620455479000,257016,23351352118,4096,4110,9.9892
1785338620477823600,257017,23351402118,4096,4110,22.3446
1785338620549798500,257018,23351452118,4096,4110,71.9749
1785338620581618100,257019,23351502118,4096,4110,31.8196
1785338620651195400,257020,23351552118,4096,4110,69.5773
1785338620753162500,257021,23351602118,4096,4110,101.9671
1785338620762221700,257022,23351652118,4096,4110,9.0592
1785338620774719700,257023,23351702118,4096,4110,12.498
1785338620856379900,257024,23351752118,4096,4110,81.6602
1785338620953921300,257025,23351802118,4096,4110,97.5414
1785338620963356200,257026,23351852118,4096,4110,9.4349
1785338620972581600,257027,23351902118,4096,4110,9.2254
1785338621060165100,257028,23351952118,4096,4110,87.5835
1785338621159509400,257029,23352002118,4096,4110,99.3443
1785338621170025500,257030,23352052118,4096,4110,10.5161
1785338621179483300,257031,23352102118,4096,4110,9.4578
1785338621415279300,257032,23352152118,4096,4110,235.796
1785338621426951900,257033,23352202118,4096,4110,11.6726
1785338621434705100,257034,23352252118,4096,4110,7.7532
1785338621443728400,257035,23352302154,4096,4110,9.0233
1785338621469437400,257036,23352352118,4096,4110,25.709
1785338621480274400,257037,23352401241,4096,4110,10.837
1785338621571311700,257038,23352452118,4096,4110,91.0373
1785338621619589800,257039,23352502118,4096,4110,48.2781
1785338621672183300,257040,23352552118,4096,4110,52.5935
1785338621681867800,257041,23352602118,4096,4110,9.6845
1785338621725828700,257042,23352652118,4096,4110,43.9609
1785338621776557900,257043,23352702118,4096,4110,50.7292
1785338621822606200,257044,23352752118,4096,4110,46.0483
1785338621878871100,257045,23352802118,4096,4110,56.2649
1785338621927450500,257046,23352852118,4096,4110,48.5794
1785338621978723500,257047,23352902118,4096,4110,51.273
1785338622023215700,257048,23352952118,4096,4110,44.4922
1785338622083335200,257049,23353002118,4096,4110,60.1195
1785338622183917300,257050,23353052118,4096,4110,100.5821
1785338622193119100,257051,23353102118,4096,4110,9.2018
1785338622226350600,257052,23353152118,4096,4110,33.2315
1785338622429619800,257053,23353202118,4096,4110,203.2692
1785338622441189800,257054,23353252118,4096,4110,11.57
1785338622451631900,257055,23353302118,4096,4110,10.4421
1785338622461240100,257056,23353352118,4096,4110,9.6082
1785338622498756800,257057,23353402118,4096,4110,37.5167
1785338622595640100,257058,23353452118,4096,4110,96.8833
1785338622604921300,257059,23353502118,4096,4110,9.2812
1785338622624442400,257060,23353552118,4096,4110,19.5211
1785338622697540200,257061,23353602118,4096,4110,73.0978
1785338622732279100,257062,23353652118,4096,4110,34.7389
1785338622801600500,257063,23353702118,4096,4110,69.3214
1785338622904438500,257064,23353752118,4096,4110,102.838
1785338622913948500,257065,23353802118,4096,4110,9.51
1785338622931395800,257066,23353852118,4096,4110,17.4473
1785338623006739000,257067,23353902118,4096,4110,75.3432
1785338623107104000,257068,23353952118,4096,4110,100.365
1785338623116648000,257069,23354002118,4096,4110,9.544
1785338623127134300,257070,23354052118,4096,4110,10.4863
1785338623211177100,257071,23354102118,4096,4110,84.0428
1785338623223775000,257072,23354152118,4096,4110,12.5979
1785338623464913500,257073,23354202118,4096,4110,241.1385
1785338623476734500,257074,23354252119,4096,4110,11.821
1785338623486176600,257075,23354302118,4096,4110,9.4421
1785338623495776000,257076,23354352118,4096,4110,9.5994
1785338623520091600,257077,23354402118,4096,4110,24.3156
1785338623572127200,257078,23354452118,4096,4110,52.0356
1785338623618764700,257079,23354502118,4096,4110,46.6375
1785338623629604300,257080,23354551349,4096,4110,10.8396
1785338623719636400,257081,23354602118,4096,4110,90.0321
1785338623762549800,257082,23354652118,4096,4110,42.9134
1785338623821670900,257083,23354702118,4096,4110,59.1211
1785338623831444100,257084,23354752118,4096,4110,9.7732
1785338623874022300,257085,23354802118,4096,4110,42.5782
1785338623926710300,257086,23354852118,4096,4110,52.688
1785338623972277300,257087,23354902118,4096,4110,45.567
1785338624026879000,257088,23354952118,4096,4110,54.6017
1785338624128187700,257089,23355002118,4096,4110,101.3087
1785338624138018100,257090,23355052118,4096,4110,9.8304
1785338624173819200,257091,23355102118,4096,4110,35.8011
1785338624235292600,257092,23355152118,4096,4110,61.4734
1785338624337373300,257093,23355202118,4096,4110,102.0807
1785338624538107900,257094,23355252118,4096,4110,200.7346
1785338624549808600,257095,23355302118,4096,4110,11.7007
1785338624558922400,257096,23355352118,4096,4110,9.1138
1785338624567988300,257097,23355402118,4096,4110,9.0659
1785338624577404000,257098,23355452118,4096,4110,9.4157
1785338624586963300,257099,23355502408,4096,4110,9.5593
1785338624641591600,257100,23355552118,4096,4110,54.6283
1785338624744533800,257101,23355602118,4096,4110,102.9422
1785338624753927500,257102,23355652118,4096,4110,9.3937
1785338624779109900,257103,23355702118,4096,4110,25.1824
1785338624847721600,257104,23355752118,4096,4110,68.6117
1785338624952296300,257105,23355802118,4096,4110,104.5747
1785338624961178200,257106,23355852118,4096,4110,8.8819
1785338624978965100,257107,23355902118,4096,4110,17.7869
1785338625054954500,257108,23355952118,4096,4110,75.9894
1785338625154188800,257109,23356002118,4096,4110,99.2343
1785338625163467700,257110,23356052118,4096,4110,9.2789
1785338625172819300,257111,23356102118,4096,4110,9.3516
1785338625260516500,257112,23356152118,4096,4110,87.6972
1785338625355596000,257113,23356202118,4096,4110,95.0795
1785338625507338300,257114,23356252118,4096,4110,151.7423
1785338625519850600,257115,23356302118,4096,4110,12.5123
1785338625528084500,257116,23356352118,4096,4110,8.2339
1785338625565683800,257117,23356402118,4096,4110,37.5993
1785338625575652100,257118,23356452118,4096,4110,9.9683
1785338625585663600,257119,23356502137,4096,4110,10.0115
1785338625670605600,257120,23356552121,4096,4110,84.942
1785338625680058200,257121,23356602118,4096,4110,9.4526
1785338625767681400,257122,23356652118,4096,4110,87.6232
1785338625777931800,257123,23356702124,4096,4110,10.2504
1785338625821453100,257124,23356752118,4096,4110,43.5213
1785338625875108100,257125,23356802118,4096,4110,53.655
1785338625924135900,257126,23356852118,4096,4110,49.0278
1785338625974358000,257127,23356902118,4096,4110,50.2221
1785338626024974700,257128,23356952118,4096,4110,50.6167
1785338626078337200,257129,23357002118,4096,4110,53.3625
1785338626122493100,257130,23357052118,4096,4110,44.1559
1785338626177596000,257131,23357102118,4096,4110,55.1029
1785338626282152400,257132,23357152118,4096,4110,104.5564
1785338626292176700,257133,23357202118,4096,4110,10.0243
1785338626321703700,257134,23357252118,4096,4110,29.527
1785338626537419200,257135,23357302118,4096,4110,215.7155
1785338626547617800,257136,23357352118,4096,4110,10.1986
1785338626556688000,257137,23357402118,4096,4110,9.0702
1785338626566608900,257138,23357452118,4096,4110,9.9209
1785338626589225300,257139,23357502118,4096,4110,22.6164
1785338626624107500,257140,23357552118,4096,4110,34.8822
1785338626696905000,257141,23357602118,4096,4110,72.7975
1785338626725968300,257142,23357652118,4096,4110,29.0633
1785338626795243100,257143,23357702118,4096,4110,69.2748
1785338626826227700,257144,23357752118,4096,4110,30.9846
1785338626897376800,257145,23357802118,4096,4110,71.1491
1785338626923968200,257146,23357852118,4096,4110,26.5914
1785338626996293000,257147,23357902118,4096,4110,72.3248
1785338627031044000,257148,23357952118,4096,4110,34.751
1785338627103221300,257149,23358002118,4096,4110,72.1773
1785338627133709300,257150,23358052118,4096,4110,30.488
1785338627203084100,257151,23358102118,4096,4110,69.3748
1785338627305133700,257152,23358152118,4096,4110,102.0496
1785338627314728700,257153,23358202118,4096,4110,9.595
1785338627324813700,257154,23358252118,4096,4110,10.085
1785338627557722900,257155,23358302118,4096,4110,232.9092
1785338627568539500,257156,23358352118,4096,4110,10.8166
1785338627578767500,257157,23358402118,4096,4110,10.228
1785338627588329800,257158,23358452118,4096,4110,9.5623
1785338627612375700,257159,23358502118,4096,4110,24.0459
1785338627714405800,257160,23358552118,4096,4110,102.0301
1785338627724338200,257161,23358602118,4096,4110,9.9324
1785338627734676700,257162,23358652240,4096,4110,10.3385
1785338627819479000,257163,23358702118,4096,4110,84.8023
1785338627870833400,257164,23358752118,4096,4110,51.3544
1785338627916393400,257165,23358802118,4096,4110,45.56
1785338627924369000,257166,23358852118,4096,4110,7.9756
1785338627971606900,257167,23358902118,4096,4110,47.2379
1785338628022227100,257168,23358952118,4096,4110,50.6202
1785338628074531100,257169,23359002118,4096,4110,52.304
1785338628124586300,257170,23359052118,4096,4110,50.0552
1785338628178429900,257171,23359102118,4096,4110,53.8436
1785338628229606500,257172,23359152118,4096,4110,51.1766
1785338628271412000,257173,23359202118,4096,4110,41.8055
1785338628329726400,257174,23359252118,4096,4110,58.3144
1785338628431221100,257175,23359302118,4096,4110,101.4947
1785338628599761500,257176,23359352118,4096,4110,168.5404
1785338628612814000,257177,23359402118,4096,4110,13.0525
1785338628621590200,257178,23359452118,4096,4110,8.7762
1785338628634772300,257179,23359502118,4096,4110,13.1821
1785338628644630400,257180,23359552118,4096,4110,9.8581
1785338628672797000,257181,23359602118,4096,4110,28.1666
1785338628736906600,257182,23359652118,4096,4110,64.1096
1785338628840985100,257183,23359702118,4096,4110,104.0785
1785338628850822900,257184,23359752118,4096,4110,9.8378
1785338628872898100,257185,23359802118,4096,4110,22.0752
1785338628944605400,257186,23359852118,4096,4110,71.7073
1785338629068930500,257187,23359902118,4096,4110,124.3251
1785338629077677200,257188,23359952118,4096,4110,8.7467
1785338629085757500,257189,23360010792,4096,4110,8.0803
1785338629153467200,257190,23360052118,4096,4110,67.7097
1785338629181158500,257191,23360102118,4096,4110,27.6913
1785338629256568700,257192,23360152118,4096,4110,75.4102
1785338629357566100,257193,23360202118,4096,4110,100.9974
1785338629367181300,257194,23360252118,4096,4110,9.6152
1785338629378076300,257195,23360302118,4096,4110,10.895
1785338629619329400,257196,23360352118,4096,4110,241.2531
1785338629637737200,257197,23360402118,4096,4110,18.4078
1785338629649932200,257198,23360452118,4096,4110,12.195
1785338629658835400,257199,23360502118,4096,4110,8.9032
1785338629668084600,257200,23360552118,4096,4110,9.2492
1785338629765136700,257201,23360602127,4096,4110,97.0521
1785338629775269000,257202,23360652120,4096,4110,10.1323
1785338629785317000,257203,23360702136,4096,4110,10.048
1785338629872890200,257204,23360752118,4096,4110,87.5732
1785338629882558900,257205,23360802124,4096,4110,9.6687
1785338629969923000,257206,23360852118,4096,4110,87.3641
1785338630020434600,257207,23360902118,4096,4110,50.5116
1785338630088784600,257208,23360952118,4096,4110,68.35
1785338630097987000,257209,23361002118,4096,4110,9.2024
1785338630118769000,257210,23361052118,4096,4110,20.782
1785338630175590600,257211,23361102118,4096,4110,56.8216
1785338630223290300,257212,23361152118,4096,4110,47.6997
1785338630274911000,257213,23361202118,4096,4110,51.6207
1785338630326361500,257214,23361252118,4096,4110,51.4505
1785338630375075500,257215,23361302118,4096,4110,48.714
1785338630477706000,257216,23361352118,4096,4110,102.6305
1785338630627626600,257217,23361402118,4096,4110,149.9206
1785338630639251200,257218,23361452118,4096,4110,11.6246
1785338630651134400,257219,23361502118,4096,4110,11.8832
1785338630683974400,257220,23361552118,4096,4110,32.84
1785338630693986600,257221,23361602118,4096,4110,10.0122
1785338630726675300,257222,23361652118,4096,4110,32.6887
1785338630786204800,257223,23361702118,4096,4110,59.5295
1785338630885573000,257224,23361752118,4096,4110,99.3682
1785338630894829800,257225,23361802118,4096,4110,9.2568
1785338630926236300,257226,23361852118,4096,4110,31.4065
1785338630987162800,257227,23361902118,4096,4110,60.9265
1785338631094107400,257228,23361952118,4096,4110,106.9446
1785338631103633500,257229,23362002118,4096,4110,9.5261
1785338631122611200,257230,23362052118,4096,4110,18.9777
1785338631195844100,257231,23362102118,4096,4110,73.2329
1785338631296719000,257232,23362152118,4096,4110,100.8749
1785338631305871300,257233,23362202118,4096,4110,9.1523
1785338631324620300,257234,23362252118,4096,4110,18.749
1785338631401101800,257235,23362302118,4096,4110,76.4815
1785338631503897300,257236,23362352118,4096,4110,102.7955
1785338631654197500,257237,23362402118,4096,4110,150.3002
1785338631663732500,257238,23362452118,4096,4110,9.535
1785338631672941800,257239,23362502118,4096,4110,9.2093
1785338631709389900,257240,23362552118,4096,4110,36.4481
1785338631723623200,257241,23362602118,4096,4110,14.2333
1785338631735914100,257242,23362652118,4096,4110,12.2909
1785338631809833200,257243,23362702118,4096,4110,73.9191
1785338631864921200,257244,23362752118,4096,4110,55.088
1785338631910446000,257245,23362802120,4096,4110,45.5248
1785338631921956000,257246,23362852118,4096,4110,11.51
1785338632014699500,257247,23362902118,4096,4110,92.7435
1785338632063459400,257248,23362952118,4096,4110,48.7599
1785338632118975200,257249,23363001314,4096,4110,55.5158
1785338632171440600,257250,23363052186,4096,4110,52.4654
1785338632218138200,257251,23363102118,4096,4110,46.6976
1785338632265862100,257252,23363151258,4096,4110,47.7239
1785338632276635100,257253,23363202118,4096,4110,10.773
1785338632321846000,257254,23363252118,4096,4110,45.2109
1785338632372846600,257255,23363302118,4096,4110,51.0006
1785338632423125300,257256,23363352118,4096,4110,50.2787
1785338632473956100,257257,23363402118,4096,4110,50.8308
1785338632673643300,257258,23363452118,4096,4110,199.6872
1785338632684763000,257259,23363502118,4096,4110,11.1197
1785338632694124600,257260,23363552118,4096,4110,9.3616
1785338632703318400,257261,23363602118,4096,4110,9.1938
1785338632729664100,257262,23363652118,4096,4110,26.3457
1785338632833791400,257263,23363702118,4096,4110,104.1273
1785338632842892700,257264,23363752118,4096,4110,9.1013
1785338632874778700,257265,23363802118,4096,4110,31.886
1785338632936431200,257266,23363852118,4096,4110,61.6525
1785338632973496800,257267,23363902118,4096,4110,37.0656
1785338633038523700,257268,23363952118,4096,4110,65.0269
1785338633074261700,257269,23364002118,4096,4110,35.738
1785338633142268400,257270,23364052118,4096,4110,68.0067
1785338633248979300,257271,23364102118,4096,4110,106.7109
1785338633260269900,257272,23364152118,4096,4110,11.2906
1785338633277985900,257273,23364202118,4096,4110,17.716
1785338633347607500,257274,23364252118,4096,4110,69.6216
1785338633376872700,257275,23364302118,4096,4110,29.2652
1785338633454309200,257276,23364352118,4096,4110,77.4365
1785338633557224400,257277,23364402118,4096,4110,102.9152
1785338633711195800,257278,23364452118,4096,4110,153.9714
1785338633724382900,257279,23364502118,4096,4110,13.1871
1785338633734356800,257280,23364552118,4096,4110,9.9739
1785338633762300300,257281,23364602118,4096,4110,27.9435
1785338633774802900,257282,23364652118,4096,4110,12.5026
1785338633784820100,257283,23364702118,4096,4110,10.0172
1785338633860336100,257284,23364752118,4096,4110,75.516
1785338633961319100,257285,23364802118,4096,4110,100.983
1785338633971463000,257286,23364852118,4096,4110,10.1439
1785338633981692800,257287,23364902118,4096,4110,10.2298
1785338634067007400,257288,23364952118,4096,4110,85.3146
1785338634077118400,257289,23365002247,4096,4110,10.111
1785338634167830200,257290,23365052118,4096,4110,90.7118
1785338634176821800,257291,23365102123,4096,4110,8.9916
1785338634273926600,257292,23365152118,4096,4110,97.1048
1785338634283770900,257293,23365202124,4096,4110,9.8443
1785338634372155800,257294,23365252118,4096,4110,88.3849
1785338634418202300,257295,23365302118,4096,4110,46.0465
1785338634424822100,257296,23365352118,4096,4110,6.6198
1785338634470855300,257297,23365402118,4096,4110,46.0332
1785338634521621100,257298,23365452118,4096,4110,50.7658
1785338634758245000,257299,23365502118,4096,4110,236.6239
1785338634774283300,257300,23365552118,4096,4110,16.0383
1785338634782915100,257301,23365602118,4096,4110,8.6318
1785338634792156400,257302,23365652118,4096,4110,9.2413
1785338634802125600,257303,23365702118,4096,4110,9.9692
1785338634822247000,257304,23365752118,4096,4110,20.1214
1785338634884576700,257305,23365802118,4096,4110,62.3297
1785338634983953500,257306,23365852118,4096,4110,99.3768
1785338634993509800,257307,23365902118,4096,4110,9.5563
1785338635024432600,257308,23365952118,4096,4110,30.9228
1785338635087733100,257309,23366002118,4096,4110,63.3005
1785338635191612200,257310,23366052118,4096,4110,103.8791
1785338635200358800,257311,23366102118,4096,4110,8.7466
1785338635221957600,257312,23366152118,4096,4110,21.5988
1785338635296182100,257313,23366202118,4096,4110,74.2245
1785338635392959100,257314,23366252118,4096,4110,96.777
1785338635399961500,257315,23366302118,4096,4110,7.0024
1785338635432175800,257316,23366352118,4096,4110,32.2143
1785338635496726000,257317,23366402118,4096,4110,64.5502
1785338635526267600,257318,23366452118,4096,4110,29.5416
1785338635761480800,257319,23366502118,4096,4110,235.2132
1785338635774149500,257320,23366552118,4096,4110,12.6687
1785338635783274900,257321,23366602118,4096,4110,9.1254
1785338635808197600,257322,23366652118,4096,4110,24.9227
1785338635818452700,257323,23366702118,4096,4110,10.2551
1785338635829453200,257324,23366752118,4096,4110,11.0005
1785338635910342600,257325,23366802118,4096,4110,80.8894
1785338636007305900,257326,23366852118,4096,4110,96.9633
1785338636014880400,257327,23366902118,4096,4110,7.5745
1785338636021416500,257328,23366952118,4096,4110,6.5361
1785338636113828200,257329,23367002118,4096,4110,92.4117
1785338636212445200,257330,23367052118,4096,4110,98.617
1785338636221565500,257331,23367102158,4096,4110,9.1203
1785338636230720400,257332,23367152127,4096,4110,9.1549
1785338636320199700,257333,23367202118,4096,4110,89.4793
1785338636329116500,257334,23367252123,4096,4110,8.9168
1785338636417260900,257335,23367302118,4096,4110,88.1444
1785338636464619900,257336,23367352132,4096,4110,47.359
1785338636519823900,257337,23367401272,4096,4110,55.204
1785338636567874900,257338,23367452118,4096,4110,48.051
1785338636624392200,257339,23367502118,4096,4110,56.5173
1785338636783197300,257340,23367552118,4096,4110,158.8051
1785338636795220700,257341,23367602118,4096,4110,12.0234
1785338636806176800,257342,23367652118,4096,4110,10.9561
1785338636816846400,257343,23367702118,4096,4110,10.6696
1785338636828670900,257344,23367752118,4096,4110,11.8245
1785338636932566500,257345,23367802118,4096,4110,103.8956
1785338636941767200,257346,23367852118,4096,4110,9.2007
1785338636974187000,257347,23367902118,4096,4110,32.4198
1785338637035926000,257348,23367952118,4096,4110,61.739
1785338637132526000,257349,23368002118,4096,4110,96.6
1785338637141808100,257350,23368052118,4096,4110,9.2821
1785338637173004100,257351,23368102118,4096,4110,31.196
1785338637240970000,257352,23368152118,4096,4110,67.9659
1785338637368724700,257353,23368202118,4096,4110,127.7547
1785338637377998500,257354,23368252118,4096,4110,9.2738
1785338637387361200,257355,23368303606,4096,4110,9.3627
1785338637449740000,257356,23368352118,4096,4110,62.3788
1785338637551640400,257357,23368402118,4096,4110,101.9004
1785338637559922800,257358,23368452118,4096,4110,8.2824
1785338637578347600,257359,23368502118,4096,4110,18.4248
1785338637787156400,257360,23368552118,4096,4110,208.8088
1785338637795514000,257361,23368602118,4096,4110,8.3576
1785338637804335500,257362,23368652118,4096,4110,8.8215
1785338637814986300,257363,23368702118,4096,4110,10.6508
1785338637874322600,257364,23368752118,4096,4110,59.3363
1785338637958266600,257365,23368802118,4096,4110,83.944
1785338637967389200,257366,23368852118,4096,4110,9.1226
1785338637976318400,257367,23368902118,4096,4110,8.9292
1785338638061449500,257368,23368952118,4096,4110,85.1311
1785338638161294200,257369,23369002118,4096,4110,99.8447
1785338638171200800,257370,23369052118,4096,4110,9.9066
1785338638180573000,257371,23369102118,4096,4110,9.3722
1785338638266399300,257372,23369152118,4096,4110,85.8263
1785338638274746000,257373,23369202118,4096,4110,8.3467
1785338638383324000,257374,23369252118,4096,4110,108.578
1785338638419395500,257375,23369302118,4096,4110,36.0715
1785338638469461100,257376,23369352118,4096,4110,50.0656
1785338638479761600,257377,23369402118,4096,4110,10.3005
1785338638566663500,257378,23369452118,4096,4110,86.9019
1785338638613522200,257379,23369502118,4096,4110,46.8587
1785338638622406500,257380,23369551349,4096,4110,8.8843
1785338638829887800,257381,23369602118,4096,4110,207.4813
1785338638840523300,257382,23369652118,4096,4110,10.6355
1785338638847897000,257383,23369702118,4096,4110,7.3737
1785338638858004700,257384,23369752118,4096,4110,10.1077
1785338638875645400,257385,23369802118,4096,4110,17.6407
1785338638922514900,257386,23369852118,4096,4110,46.8695
1785338638980503300,257387,23369902118,4096,4110,57.9884
1785338639079066600,257388,23369952118,4096,4110,98.5633
1785338639092157600,257389,23370002118,4096,4110,13.091
1785338639122882700,257390,23370052118,4096,4110,30.7251
1785338639186892700,257391,23370102118,4096,4110,64.01
1785338639282620900,257392,23370152118,4096,4110,95.7282
1785338639293223700,257393,23370202118,4096,4110,10.6028
1785338639325410500,257394,23370252118,4096,4110,32.1868
1785338639388014100,257395,23370302118,4096,4110,62.6036
1785338639487001400,257396,23370352118,4096,4110,98.9873
1785338639495461700,257397,23370402118,4096,4110,8.4603
1785338639528833400,257398,23370452118,4096,4110,33.3717
1785338639598757300,257399,23370502118,4096,4110,69.9239
1785338639627023800,257400,23370552118,4096,4110,28.2665
1785338639842719800,257401,23370602118,4096,4110,215.696
1785338639854622300,257402,23370652118,4096,4110,11.9025
1785338639863796200,257403,23370702118,4096,4110,9.1739
1785338639873193600,257404,23370752118,4096,4110,9.3974
1785338639902355700,257405,23370802118,4096,4110,29.1621
1785338639932867800,257406,23370852118,4096,4110,30.5121
1785338640002028900,257407,23370902118,4096,4110,69.1611
1785338640107097500,257408,23370952118,4096,4110,105.0686
1785338640117456000,257409,23371002118,4096,4110,10.3585
1785338640126187100,257410,23371052118,4096,4110,8.7311
1785338640209553200,257411,23371102118,4096,4110,83.3661
1785338640307927700,257412,23371152118,4096,4110,98.3745
1785338640328603600,257413,23371202118,4096,4110,20.6759
1785338640342408000,257414,23371252118,4096,4110,13.8044
1785338640413734200,257415,23371302118,4096,4110,71.3262
1785338640512055900,257416,23371352118,4096,4110,98.3217
1785338640521011100,257417,23371402323,4096,4110,8.9552
1785338640529978300,257418,23371452123,4096,4110,8.9672
1785338640616864600,257419,23371502118,4096,4110,86.8863
1785338640626387300,257420,23371551247,4096,4110,9.5227
1785338640719266400,257421,23371602118,4096,4110,92.8791
1785338640879032500,257422,23371652118,4096,4110,159.7661
1785338640891200900,257423,23371702127,4096,4110,12.1684
1785338640903554800,257424,23371752118,4096,4110,12.3539
1785338640920085900,257425,23371802118,4096,4110,16.5311
1785338640929628300,257426,23371852118,4096,4110,9.5424
1785338640972853600,257427,23371902118,4096,4110,43.2253
1785338641025760700,257428,23371952118,4096,4110,52.9071
1785338641079791000,257429,23372002118,4096,4110,54.0303
1785338641128283000,257430,23372052118,4096,4110,48.492
1785338641228624900,257431,23372102118,4096,4110,100.3419
1785338641238274900,257432,23372152118,4096,4110,9.65
1785338641275330800,257433,23372202118,4096,4110,37.0559
1785338641330452900,257434,23372252118,4096,4110,55.1221
1785338641374314100,257435,23372302118,4096,4110,43.8612
1785338641436498500,257436,23372352118,4096,4110,62.1844
1785338641541164300,257437,23372402118,4096,4110,104.6658
1785338641549689800,257438,23372452118,4096,4110,8.5255
1785338641572920000,257439,23372502118,4096,4110,23.2302
1785338641648729500,257440,23372552118,4096,4110,75.8095
1785338641748531700,257441,23372602118,4096,4110,99.8022
1785338641906642400,257442,23372652118,4096,4110,158.1107
1785338641918427200,257443,23372702118,4096,4110,11.7848
1785338641932069100,257444,23372752118,4096,4110,13.6419
1785338641951760200,257445,23372802118,4096,4110,19.6911
1785338641960952700,257446,23372852118,4096,4110,9.1925
1785338641978389400,257447,23372901280,4096,4110,17.4367
1785338642056499700,257448,23372952118,4096,4110,78.1103
1785338642152061500,257449,23373002118,4096,4110,95.5618
1785338642162258600,257450,23373052118,4096,4110,10.1971
1785338642172044800,257451,23373102118,4096,4110,9.7862
1785338642256780600,257452,23373152118,4096,4110,84.7358
1785338642354166900,257453,23373202118,4096,4110,97.3863
1785338642360977100,257454,23373252118,4096,4110,6.8102
1785338642372339500,257455,23373302118,4096,4110,11.3624
1785338642460800500,257456,23373352118,4096,4110,88.461
1785338642472514200,257457,23373402118,4096,4110,11.7137
1785338642562135500,257458,23373452118,4096,4110,89.6213
1785338642664434600,257459,23373502118,4096,4110,102.2991
1785338642673584600,257460,23373552118,4096,4110,9.15
1785338642682361500,257461,23373601306,4096,4110,8.7769
1785338642987897100,257462,23373652119,4096,4110,305.5356
1785338643005285300,257463,23373702124,4096,4110,17.3882
1785338643023831700,257464,23373752118,4096,4110,18.5464
1785338643035942500,257465,23373802118,4096,4110,12.1108
1785338643044298900,257466,23373852200,4096,4110,8.3564
1785338643052177900,257467,23373902118,4096,4110,7.879
1785338643060917400,257468,23373952118,4096,4110,8.7395
1785338643072916500,257469,23374002118,4096,4110,11.9991
1785338643123332300,257470,23374052118,4096,4110,50.4158
1785338643176190800,257471,23374102118,4096,4110,52.8585
1785338643222760600,257472,23374152118,4096,4110,46.5698
1785338643281139600,257473,23374202118,4096,4110,58.379
1785338643379988000,257474,23374252118,4096,4110,98.8484
1785338643393755000,257475,23374302118,4096,4110,13.767
1785338643422346100,257476,23374352118,4096,4110,28.5911
1785338643483981500,257477,23374402118,4096,4110,61.6354
1785338643585042200,257478,23374452118,4096,4110,101.0607
1785338643598179100,257479,23374502118,4096,4110,13.1369
1785338643622101200,257480,23374552118,4096,4110,23.9221
1785338643686980400,257481,23374602118,4096,4110,64.8792
1785338643790312600,257482,23374652118,4096,4110,103.3322
1785338643948258600,257483,23374702118,4096,4110,157.946
1785338643960180400,257484,23374752118,4096,4110,11.9218
1785338643969482500,257485,23374802118,4096,4110,9.3021
1785338643996342200,257486,23374852118,4096,4110,26.8597
1785338644005506600,257487,23374902118,4096,4110,9.1644
1785338644027468600,257488,23374952118,4096,4110,21.962
1785338644098593000,257489,23375002118,4096,4110,71.1244
1785338644201545800,257490,23375052118,4096,4110,102.9528
1785338644212531200,257491,23375102118,4096,4110,10.9854
1785338644228704600,257492,23375152118,4096,4110,16.1734
1785338644305093700,257493,23375202118,4096,4110,76.3891
1785338644405672500,257494,23375252118,4096,4110,100.5788
1785338644415244100,257495,23375302118,4096,4110,9.5716
1785338644424237800,257496,23375352118,4096,4110,8.9937
1785338644508355800,257497,23375402118,4096,4110,84.118
1785338644610019400,257498,23375452118,4096,4110,101.6636
1785338644618531600,257499,23375502118,4096,4110,8.5122
1785338644628043900,257500,23375552118,4096,4110,9.5123
1785338644714138500,257501,23375602118,4096,4110,86.0946
1785338644812090400,257502,23375652118,4096,4110,97.9519
1785338644976153700,257503,23375702118,4096,4110,164.0633
1785338644989438200,257504,23375752254,4096,4110,13.2845
1785338644999116700,257505,23375802118,4096,4110,9.6785
1785338645009252000,257506,23375852118,4096,4110,10.1353
1785338645018741600,257507,23375902118,4096,4110,9.4896
1785338645067999400,257508,23375952118,4096,4110,49.2578
1785338645077608200,257509,23376002123,4096,4110,9.6088
1785338645122076800,257510,23376052118,4096,4110,44.4686
1785338645170027200,257511,23376102118,4096,4110,47.9504
1785338645223820100,257512,23376152118,4096,4110,53.7929
1785338645326679800,257513,23376202118,4096,4110,102.8597
1785338645336879300,257514,23376252118,4096,4110,10.1995
1785338645372965500,257515,23376302118,4096,4110,36.0862
1785338645433324500,257516,23376352118,4096,4110,60.359
1785338645534135900,257517,23376402118,4096,4110,100.8114
1785338645543247700,257518,23376452118,4096,4110,9.1118
1785338645570204800,257519,23376502118,4096,4110,26.9571
1785338645663959600,257520,23376552118,4096,4110,93.7548
1785338645673974100,257521,23376602118,4096,4110,10.0145
1785338645740343200,257522,23376652118,4096,4110,66.3691
1785338645842399800,257523,23376702118,4096,4110,102.0566
1785338646010422300,257524,23376752118,4096,4110,168.0225
1785338646021913800,257525,23376802118,4096,4110,11.4915
1785338646033709400,257526,23376852118,4096,4110,11.7956
1785338646045295200,257527,23376902118,4096,4110,11.5858
1785338646055396800,257528,23376952118,4096,4110,10.1016
1785338646072265700,257529,23377002118,4096,4110,16.8689
1785338646175338000,257530,23377052118,4096,4110,103.0723
1785338646184872600,257531,23377102118,4096,4110,9.5346
1785338646250069100,257532,23377152118,4096,4110,65.1965
1785338646280107800,257533,23377202118,4096,4110,30.0387
1785338646353057800,257534,23377252118,4096,4110,72.95
1785338646454364600,257535,23377302118,4096,4110,101.3068
1785338646464312200,257536,23377352118,4096,4110,9.9476
1785338646475524600,257537,23377402118,4096,4110,11.2124
1785338646559819100,257538,23377452118,4096,4110,84.2945
1785338646654444500,257539,23377502118,4096,4110,94.6254
1785338646661312300,257540,23377552118,4096,4110,6.8678
1785338646673776200,257541,23377602118,4096,4110,12.4639
1785338646762287100,257542,23377652118,4096,4110,88.5109
1785338646860715600,257543,23377702118,4096,4110,98.4285
1785338647047804400,257544,23377752118,4096,4110,187.0888
1785338647059251400,257545,23377802121,4096,4110,11.447
1785338647068764300,257546,23377852118,4096,4110,9.5129
1785338647077657400,257547,23377902127,4096,4110,8.8931
1785338647086332200,257548,23377952118,4096,4110,8.6748
1785338647122916100,257549,23378002118,4096,4110,36.5839
1785338647169986800,257550,23378052118,4096,4110,47.0707
1785338647179517300,257551,23378102118,4096,4110,9.5305
1785338647223925000,257552,23378152118,4096,4110,44.4077
1785338647272226300,257553,23378202118,4096,4110,48.3013
1785338647323645600,257554,23378252118,4096,4110,51.4193
1785338647377276100,257555,23378302118,4096,4110,53.6305
1785338647424982000,257556,23378352118,4096,4110,47.7059
1785338647478675900,257557,23378402118,4096,4110,53.6939
1785338647576586800,257558,23378452118,4096,4110,97.9109
1785338647585717800,257559,23378502118,4096,4110,9.131
1785338647621912200,257560,23378552118,4096,4110,36.1944
1785338647684023100,257561,23378602118,4096,4110,62.1109
1785338647785808400,257562,23378652118,4096,4110,101.7853
1785338647795400300,257563,23378702118,4096,4110,9.5919
1785338647823015200,257564,23378752118,4096,4110,27.6149
1785338648069928200,257565,23378802118,4096,4110,246.913
1785338648081718200,257566,23378852118,4096,4110,11.79
1785338648091455000,257567,23378902118,4096,4110,9.7368
1785338648101092300,257568,23378952118,4096,4110,9.6373
1785338648110013400,257569,23379002118,4096,4110,8.9211
1785338648193780200,257570,23379052118,4096,4110,83.7668
1785338648203615100,257571,23379102118,4096,4110,9.8349
1785338648226423800,257572,23379152118,4096,4110,22.8087
1785338648299252900,257573,23379202118,4096,4110,72.8291
1785338648400150500,257574,23379252118,4096,4110,100.8976
1785338648409890400,257575,23379302118,4096,4110,9.7399
1785338648429196100,257576,23379352118,4096,4110,19.3057
1785338648502889600,257577,23379402118,4096,4110,73.6935
1785338648601540300,257578,23379452118,4096,4110,98.6507
1785338648610873900,257579,23379502118,4096,4110,9.3336
1785338648630131000,257580,23379552118,4096,4110,19.2571
1785338648708683300,257581,23379602118,4096,4110,78.5523
1785338648810841700,257582,23379652118,4096,4110,102.1584
1785338648820706400,257583,23379702118,4096,4110,9.8647
1785338648830251100,257584,23379752118,4096,4110,9.5447
1785338649075036500,257585,23379802118,4096,4110,244.7854
1785338649087217800,257586,23379852118,4096,4110,12.1813
1785338649094846700,257587,23379902118,4096,4110,7.6289
1785338649104797100,257588,23379952118,4096,4110,9.9504
1785338649118293400,257589,23380002118,4096,4110,13.4963
1785338649127920800,257590,23380052118,4096,4110,9.6274
1785338649216538700,257591,23380102118,4096,4110,88.6179
1785338649273320000,257592,23380152118,4096,4110,56.7813
1785338649316127700,257593,23380202118,4096,4110,42.8077
1785338649370761900,257594,23380252118,4096,4110,54.6342
1785338649381977600,257595,23380302118,4096,4110,11.2157
1785338649423337000,257596,23380352118,4096,4110,41.3594
1785338649478633300,257597,23380402118,4096,4110,55.2963
1785338649525501700,257598,23380452118,4096,4110,46.8684
1785338649575871200,257599,23380502118,4096,4110,50.3695
1785338649625756400,257600,23380552118,4096,4110,49.8852
1785338649728582800,257601,23380602118,4096,4110,102.8264
1785338649737158100,257602,23380652118,4096,4110,8.5753
1785338649777073800,257603,23380702118,4096,4110,39.9157
1785338649832398000,257604,23380752118,4096,4110,55.3242
1785338649936182600,257605,23380802118,4096,4110,103.7846
1785338650082042200,257606,23380852118,4096,4110,145.8596
1785338650094265500,257607,23380902118,4096,4110,12.2233
1785338650104683000,257608,23380952118,4096,4110,10.4175
1785338650138934900,257609,23381002118,4096,4110,34.2519
1785338650147412300,257610,23381052118,4096,4110,8.4774
1785338650242955500,257611,23381102118,4096,4110,95.5432
1785338650270267300,257612,23381152118,4096,4110,27.3118
1785338650280376200,257613,23381202118,4096,4110,10.1089
1785338650347379500,257614,23381252118,4096,4110,67.0033
1785338650388220100,257615,23381302118,4096,4110,40.8406
1785338650446624300,257616,23381352118,4096,4110,58.4042
1785338650477527800,257617,23381402118,4096,4110,30.9035
1785338650550270300,257618,23381452118,4096,4110,72.7425
1785338650654211600,257619,23381502118,4096,4110,103.9413
1785338650663307000,257620,23381552118,4096,4110,9.0954
1785338650671595200,257621,23381602118,4096,4110,8.2882
1785338650753156700,257622,23381652118,4096,4110,81.5615
1785338650856842800,257623,23381702118,4096,4110,103.6861
1785338650865563700,257624,23381752118,4096,4110,8.7209
1785338650873588000,257625,23381802118,4096,4110,8.0243
1785338651122008200,257626,23381852118,4096,4110,248.4202
1785338651134171400,257627,23381902118,4096,4110,12.1632
1785338651143178300,257628,23381952118,4096,4110,9.0069
1785338651152238900,257629,23382002142,4096,4110,9.0606
1785338651166790600,257630,23382051350,4096,4110,14.5517
1785338651174268900,257631,23382101287,4096,4110,7.4783
1785338651264684700,257632,23382152118,4096,4110,90.4158
1785338651316548000,257633,23382202120,4096,4110,51.8633
1785338651369320500,257634,23382252118,4096,4110,52.7725
1785338651415631900,257635,23382302118,4096,4110,46.3114
1785338651468830600,257636,23382352118,4096,4110,53.1987
1785338651519616300,257637,23382402118,4096,4110,50.7857
1785338651529134800,257638,23382452118,4096,4110,9.5185
1785338651577203600,257639,23382502118,4096,4110,48.0688
1785338651677176700,257640,23382552118,4096,4110,99.9731
1785338651686459900,257641,23382602118,4096,4110,9.2832
1785338651729864200,257642,23382652118,4096,4110,43.4043
1785338651780313100,257643,23382702118,4096,4110,50.4489
1785338651879764800,257644,23382752118,4096,4110,99.4517
1785338651889134600,257645,23382802118,4096,4110,9.3698
1785338651982226000,257646,23382852118,4096,4110,93.0914
1785338652158903000,257647,23382902118,4096,4110,176.677
1785338652173430000,257648,23382952118,4096,4110,14.527
1785338652179643500,257649,23383002118,4096,4110,6.2135
1785338652190465100,257650,23383052118,4096,4110,10.8216
1785338652199004100,257651,23383102118,4096,4110,8.539
1785338652223459900,257652,23383152118,4096,4110,24.4558
1785338652289484500,257653,23383202118,4096,4110,66.0246
1785338652393609000,257654,23383252118,4096,4110,104.1245
1785338652404084600,257655,23383302118,4096,4110,10.4756
1785338652423306200,257656,23383352118,4096,4110,19.2216
1785338652493814300,257657,23383402118,4096,4110,70.5081
1785338652598968400,257658,23383452118,4096,4110,105.1541
1785338652608713800,257659,23383502118,4096,4110,9.7454
1785338652630288800,257660,23383552118,4096,4110,21.575
1785338652700877200,257661,23383602118,4096,4110,70.5884
1785338652729060800,257662,23383652118,4096,4110,28.1836
1785338652808990000,257663,23383702118,4096,4110,79.9292
1785338652903149800,257664,23383752118,4096,4110,94.1598
1785338652912760600,257665,23383802118,4096,4110,9.6108
1785338652921829600,257666,23383852118,4096,4110,9.069
1785338653156186600,257667,23383902118,4096,4110,234.357
1785338653167976400,257668,23383952118,4096,4110,11.7898
1785338653177329100,257669,23384002118,4096,4110,9.3527
1785338653185422900,257670,23384052118,4096,4110,8.0938
1785338653214752600,257671,23384102118,4096,4110,29.3297
1785338653268189200,257672,23384152118,4096,4110,53.4366
1785338653344763500,257673,23384202247,4096,4110,76.5743
1785338653356448400,257674,23384252118,4096,4110,11.6849
1785338653419936000,257675,23384302118,4096,4110,63.4876
1785338653430054400,257676,23384352118,4096,4110,10.1184
1785338653522655800,257677,23384402118,4096,4110,92.6014
1785338653531709500,257678,23384452118,4096,4110,9.0537
1785338653625819000,257679,23384502118,4096,4110,94.1095
1785338653635194300,257680,23384552118,4096,4110,9.3753
1785338653673563000,257681,23384602118,4096,4110,38.3687
1785338653725817200,257682,23384652118,4096,4110,52.2542
1785338653772508000,257683,23384702118,4096,4110,46.6908
1785338653832181600,257684,23384752118,4096,4110,59.6736
1785338653935092600,257685,23384802118,4096,4110,102.911
1785338653944251200,257686,23384852118,4096,4110,9.1586
1785338653973854900,257687,23384902118,4096,4110,29.6037
1785338654175498000,257688,23384952118,4096,4110,201.6431
1785338654185386700,257689,23385002118,4096,4110,9.8887
1785338654195147400,257690,23385052118,4096,4110,9.7607
1785338654206831400,257691,23385102118,4096,4110,11.684
1785338654240725800,257692,23385152118,4096,4110,33.8944
1785338654362521100,257693,23385202118,4096,4110,121.7953
1785338654373206400,257694,23385252118,4096,4110,10.6853
1785338654383105200,257695,23385304295,4096,4110,9.8988
1785338654445026400,257696,23385352118,4096,4110,61.9212
1785338654539641000,257697,23385402118,4096,4110,94.6146
1785338654548760800,257698,23385452118,4096,4110,9.1198
1785338654575143100,257699,23385502118,4096,4110,26.3823
1785338654646127900,257700,23385552118,4096,4110,70.9848
1785338654746800000,257701,23385602118,4096,4110,100.6721
1785338654754606600,257702,23385652118,4096,4110,7.8066
1785338654782408700,257703,23385702118,4096,4110,27.8021
1785338654851252100,257704,23385752118,4096,4110,68.8434
1785338654876834100,257705,23385802118,4096,4110,25.582
1785338654951429900,257706,23385852118,4096,4110,74.5958
1785338655056447800,257707,23385902118,4096,4110,105.0179
1785338655204484800,257708,23385952118,4096,4110,148.037
1785338655213556500,257709,23386002118,4096,4110,9.0717
1785338655222788700,257710,23386052118,4096,4110,9.2322
1785338655258800300,257711,23386102118,4096,4110,36.0116
1785338655269315500,257712,23386152118,4096,4110,10.5152
1785338655291243300,257713,23386202118,4096,4110,21.9278
1785338655361778000,257714,23386252118,4096,4110,70.5347
1785338655461962200,257715,23386302118,4096,4110,100.1842
1785338655471554600,257716,23386352121,4096,4110,9.5924
1785338655480796100,257717,23386401287,4096,4110,9.2415
1785338655568208300,257718,23386452118,4096,4110,87.4122
1785338655575324600,257719,23386502118,4096,4110,7.1163
1785338655667990500,257720,23386552118,4096,4110,92.6659
1785338655713996500,257721,23386602118,4096,4110,46.006
1785338655771963400,257722,23386652127,4096,4110,57.9669
1785338655781038700,257723,23386702118,4096,4110,9.0753
1785338655824983500,257724,23386752118,4096,4110,43.9448
1785338655872430500,257725,23386802118,4096,4110,47.447
1785338655924251500,257726,23386852123,4096,4110,51.821
1785338655977061600,257727,23386902118,4096,4110,52.8101
1785338656021545700,257728,23386952118,4096,4110,44.4841
1785338656219093400,257729,23387002118,4096,4110,197.5477
1785338656227505500,257730,23387052118,4096,4110,8.4121
1785338656235884700,257731,23387102118,4096,4110,8.3792
1785338656244886600,257732,23387152118,4096,4110,9.0019
1785338656285174900,257733,23387202118,4096,4110,40.2883
1785338656382873100,257734,23387252118,4096,4110,97.6982
1785338656393273300,257735,23387302118,4096,4110,10.4002
1785338656422880700,257736,23387352118,4096,4110,29.6074
1785338656489065300,257737,23387402118,4096,4110,66.1846
1785338656588447700,257738,23387452118,4096,4110,99.3824
1785338656599472600,257739,23387502118,4096,4110,11.0249
1785338656625303100,257740,23387552118,4096,4110,25.8305
1785338656693524100,257741,23387602118,4096,4110,68.221
1785338656818691000,257742,23387652118,4096,4110,125.1669
1785338656847175500,257743,23387702118,4096,4110,28.4845
1785338656873133500,257744,23387752118,4096,4110,25.958
1785338656902934100,257745,23387802118,4096,4110,29.8006
1785338656927188300,257746,23387852118,4096,4110,24.2542
1785338657003486100,257747,23387902118,4096,4110,76.2978
1785338657102172100,257748,23387952118,4096,4110,98.686
1785338657270971300,257749,23388002118,4096,4110,168.7992
1785338657283573400,257750,23388052118,4096,4110,12.6021
1785338657293449900,257751,23388102118,4096,4110,9.8765
1785338657306512100,257752,23388152118,4096,4110,13.0622
1785338657316542400,257753,23388202118,4096,4110,10.0303
1785338657325408600,257754,23388252118,4096,4110,8.8662
1785338657412935100,257755,23388302118,4096,4110,87.5265
1785338657512945300,257756,23388352118,4096,4110,100.0102
1785338657522479700,257757,23388402118,4096,4110,9.5344
1785338657531614100,257758,23388452118,4096,4110,9.1344
1785338657612918800,257759,23388502118,4096,4110,81.3047
1785338657662901200,257760,23388552118,4096,4110,49.9824
1785338657711850000,257761,23388602120,4096,4110,48.9488
1785338657761538200,257762,23388652118,4096,4110,49.6882
1785338657823964800,257763,23388702118,4096,4110,62.4266
1785338657864140600,257764,23388752118,4096,4110,40.1758
1785338657920318300,257765,23388802127,4096,4110,56.1777
1785338657929234000,257766,23388852118,4096,4110,8.9157
1785338657973417700,257767,23388902118,4096,4110,44.1837
1785338658025355000,257768,23388952118,4096,4110,51.9373
1785338658124605400,257769,23389002118,4096,4110,99.2504
1785338658291075000,257770,23389052118,4096,4110,166.4696
1785338658302628000,257771,23389102118,4096,4110,11.553
1785338658313118500,257772,23389152118,4096,4110,10.4905
1785338658334074500,257773,23389202118,4096,4110,20.956
1785338658345037700,257774,23389252118,4096,4110,10.9632
1785338658370005800,257775,23389302118,4096,4110,24.9681
1785338658435864700,257776,23389352118,4096,4110,65.8589
1785338658535293000,257777,23389402118,4096,4110,99.4283
1785338658545241400,257778,23389452118,4096,4110,9.9484
1785338658571846600,257779,23389502118,4096,4110,26.6052
1785338658641568400,257780,23389552118,4096,4110,69.7218
1785338658673934400,257781,23389602118,4096,4110,32.366
1785338658740851300,257782,23389652118,4096,4110,66.9169
1785338658844735600,257783,23389702124,4096,4110,103.8843
1785338658855389900,257784,23389752118,4096,4110,10.6543
1785338658871792600,257785,23389802118,4096,4110,16.4027
1785338658949751000,257786,23389852118,4096,4110,77.9584
1785338658977023500,257787,23389902118,4096,4110,27.2725
1785338659046088700,257788,23389952118,4096,4110,69.0652
1785338659149581600,257789,23390002118,4096,4110,103.4929
1785338659392947900,257790,23390052118,4096,4110,243.3663
1785338659406367700,257791,23390102118,4096,4110,13.4198
1785338659413302200,257792,23390152118,4096,4110,6.9345
1785338659422621600,257793,23390202118,4096,4110,9.3194
1785338659434065600,257794,23390252118,4096,4110,11.444
1785338659444337300,257795,23390302118,4096,4110,10.2717
1785338659457767600,257796,23390352118,4096,4110,13.4303
1785338659556016000,257797,23390402118,4096,4110,98.2484
1785338659566517000,257798,23390452118,4096,4110,10.501
1785338659576515900,257799,23390502118,4096,4110,9.9989
1785338659660508100,257800,23390552118,4096,4110,83.9922
1785338659763700000,257801,23390602118,4096,4110,103.1919
1785338659774222800,257802,23390652118,4096,4110,10.5228
1785338659783279300,257803,23390702124,4096,4110,9.0565
1785338659872167400,257804,23390752118,4096,4110,88.8881
1785338659881893400,257805,23390802118,4096,4110,9.726
1785338659970925000,257806,23390852118,4096,4110,89.0316
1785338659980416900,257807,23390902118,4096,4110,9.4919
1785338660024797300,257808,23390952118,4096,4110,44.3804
1785338660073178600,257809,23391002118,4096,4110,48.3813
1785338660126862500,257810,23391052118,4096,4110,53.6839
1785338660332484800,257811,23391102118,4096,4110,205.6223
1785338660337903100,257812,23391152118,4096,4110,5.4183
1785338660345493900,257813,23391202118,4096,4110,7.5908
1785338660353830700,257814,23391252118,4096,4110,8.3368
1785338660382810200,257815,23391302118,4096,4110,28.9795
1785338660478505500,257816,23391352118,4096,4110,95.6953
1785338660487469500,257817,23391402118,4096,4110,8.964
1785338660523958300,257818,23391452118,4096,4110,36.4888
1785338660584381100,257819,23391502118,4096,4110,60.4228
1785338660684505500,257820,23391552118,4096,4110,100.1244
1785338660692907400,257821,23391602118,4096,4110,8.4019
1785338660726485400,257822,23391652118,4096,4110,33.578
1785338660790023600,257823,23391702118,4096,4110,63.5382
1785338660893362600,257824,23391752118,4096,4110,103.339
1785338660903082700,257825,23391802118,4096,4110,9.7201
1785338660925088900,257826,23391852118,4096,4110,22.0062
1785338660994151000,257827,23391902118,4096,4110,69.0621
1785338661027303100,257828,23391952118,4096,4110,33.1521
1785338661097178300,257829,23392002118,4096,4110,69.8752
1785338661199583600,257830,23392052118,4096,4110,102.4053
1785338661354977300,257831,23392102118,4096,4110,155.3937
1785338661366034400,257832,23392152118,4096,4110,11.0571
1785338661375180900,257833,23392202118,4096,4110,9.1465
1785338661400004100,257834,23392252118,4096,4110,24.8232
1785338661411344600,257835,23392302118,4096,4110,11.3405
1785338661421752900,257836,23392352118,4096,4110,10.4083
1785338661504465500,257837,23392402118,4096,4110,82.7126
1785338661643200200,257838,23392452118,4096,4110,138.7347
1785338661653075700,257839,23392502118,4096,4110,9.8755
1785338661661970600,257840,23392577111,4096,4110,8.8949
1785338661721588300,257841,23392602118,4096,4110,59.6177
1785338661731299600,257842,23392652119,4096,4110,9.7113
1785338661819712400,257843,23392702118,4096,4110,88.4128
1785338661829386700,257844,23392752118,4096,4110,9.6743
1785338661927276500,257845,23392802118,4096,4110,97.8898
1785338661972203900,257846,23392852118,4096,4110,44.9274
1785338662022454900,257847,23392902118,4096,4110,50.251
1785338662032128200,257848,23392958031,4096,4110,9.6733
1785338662127946100,257849,23393002118,4096,4110,95.8179
1785338662137572800,257850,23393052118,4096,4110,9.6267
1785338662173713800,257851,23393102118,4096,4110,36.141
1785338662368451600,257852,23393152118,4096,4110,194.7378
1785338662378132500,257853,23393202118,4096,4110,9.6809
1785338662388127600,257854,23393252118,4096,4110,9.9951
1785338662399065900,257855,23393302118,4096,4110,10.9383
1785338662435282900,257856,23393352118,4096,4110,36.217
1785338662532133400,257857,23393402118,4096,4110,96.8505
1785338662541110500,257858,23393452118,4096,4110,8.9771
1785338662574249300,257859,23393502118,4096,4110,33.1388
1785338662662628300,257860,23393552118,4096,4110,88.379
1785338662736188200,257861,23393602118,4096,4110,73.5599
1785338662746167000,257862,23393652118,4096,4110,9.9788
1785338662773881600,257863,23393702118,4096,4110,27.7146
1785338662843325000,257864,23393752118,4096,4110,69.4434
1785338662942104500,257865,23393802118,4096,4110,98.7795
1785338662952361600,257866,23393852118,4096,4110,10.2571
1785338662973222500,257867,23393902118,4096,4110,20.8609
1785338663044277400,257868,23393952118,4096,4110,71.0549
1785338663145828300,257869,23394002118,4096,4110,101.5509
1785338663155333800,257870,23394052118,4096,4110,9.5055
1785338663175952700,257871,23394102118,4096,4110,20.6189
1785338663414627600,257872,23394152118,4096,4110,238.6749
1785338663427465900,257873,23394202118,4096,4110,12.8383
1785338663438626100,257874,23394252118,4096,4110,11.1602
1785338663452605300,257875,23394302118,4096,4110,13.9792
1785338663465875100,257876,23394352118,4096,4110,13.2698
1785338663553699800,257877,23394402118,4096,4110,87.8247
1785338663564272300,257878,23394452118,4096,4110,10.5725
1785338663576222800,257879,23394502118,4096,4110,11.9505
1785338663660197600,257880,23394552118,4096,4110,83.9748
1785338663759545700,257881,23394602118,4096,4110,99.3481
1785338663769242400,257882,23394652118,4096,4110,9.6967
1785338663778658900,257883,23394702118,4096,4110,9.4165
1785338663862809900,257884,23394752118,4096,4110,84.151
1785338663918168400,257885,23394802118,4096,4110,55.3585
1785338663967842200,257886,23394852118,4096,4110,49.6738
1785338664018225600,257887,23394902118,4096,4110,50.3834
1785338664069877300,257888,23394951324,4096,4110,51.6517
1785338664117778800,257889,23395002293,4096,4110,47.9015
1785338664182215600,257890,23395052127,4096,4110,64.4368
1785338664192728400,257891,23395102123,4096,4110,10.5128
1785338664223554000,257892,23395152118,4096,4110,30.8256
1785338664408921300,257893,23395202118,4096,4110,185.3673
1785338664418721900,257894,23395252118,4096,4110,9.8006
1785338664426309800,257895,23395302205,4096,4110,7.5879
1785338664435427400,257896,23395352118,4096,4110,9.1176
1785338664474910400,257897,23395402118,4096,4110,39.483
1785338664529982800,257898,23395452118,4096,4110,55.0724
1785338664575686400,257899,23395502118,4096,4110,45.7036
1785338664676246300,257900,23395552118,4096,4110,100.5599
1785338664687537000,257901,23395602118,4096,4110,11.2907
1785338664722126200,257902,23395652118,4096,4110,34.5892
1785338664777942900,257903,23395702118,4096,4110,55.8167
1785338664883658800,257904,23395752118,4096,4110,105.7159
1785338664894698500,257905,23395802118,4096,4110,11.0397
1785338664924508800,257906,23395852118,4096,4110,29.8103
1785338664991886500,257907,23395902118,4096,4110,67.3777
1785338665087858400,257908,23395952118,4096,4110,95.9719
1785338665095359300,257909,23396002118,4096,4110,7.5009
1785338665127251400,257910,23396052118,4096,4110,31.8921
1785338665186358500,257911,23396102118,4096,4110,59.1071
1785338665292735100,257912,23396152118,4096,4110,106.3766
1785338665444040400,257913,23396202118,4096,4110,151.3053
1785338665454044400,257914,23396252118,4096,4110,10.004
1785338665463398200,257915,23396302118,4096,4110,9.3538
1785338665470874600,257916,23396352118,4096,4110,7.4764
1785338665500362600,257917,23396402118,4096,4110,29.488
1785338665599559600,257918,23396452118,4096,4110,99.197
1785338665609410500,257919,23396502118,4096,4110,9.8509
1785338665622751100,257920,23396552118,4096,4110,13.3406
1785338665703639300,257921,23396602118,4096,4110,80.8882
1785338665813323000,257922,23396652118,4096,4110,109.6837
1785338665838519100,257923,23396702118,4096,4110,25.1961
1785338665852375100,257924,23396773670,4096,4110,13.856
1785338665917197400,257925,23396802118,4096,4110,64.8223
1785338665943074400,257926,23396852118,4096,4110,25.877
1785338666023927600,257927,23396902118,4096,4110,80.8532
1785338666114315000,257928,23396952118,4096,4110,90.3874
1785338666117423900,257929,23397002118,4096,4110,3.1089
1785338666126165100,257930,23397054744,4096,4110,8.7412
1785338666222826700,257931,23397102118,4096,4110,96.6616
1785338666264468600,257932,23397152118,4096,4110,41.6419
1785338666548110100,257933,23397202584,4096,4110,283.6415
1785338675867982100,257936,23397458438,4096,4110,9319.872
1785338675871229200,257937,23397492551,4096,4110,3.2471
1785338675875040900,257938,23397496811,4096,4110,3.8117
1785338675877722200,257939,23397503143,4096,4110,2.6813
1785338675880148400,257940,23397552118,4096,4110,2.4262
1785338676074155400,257941,23397602118,4096,4110,194.007
1785338676081585100,257942,23397652118,4096,4110,7.4297
1785338676085925500,257943,23397702118,4096,4110,4.3404
1785338676088459500,257944,23397752118,4096,4110,2.534
1785338676091616100,257945,23397802118,4096,4110,3.1566
1785338676094196500,257946,23397852118,4096,4110,2.5804
1785338676097431500,257947,23397902118,4096,4110,3.235
1785338676100235700,257948,23397952118,4096,4110,2.8042
1785338676102853900,257949,23398002118,4096,4110,2.6182
1785338676106035800,257950,23398052118,4096,4110,3.1819
1785338676108507700,257951,23398102118,4096,4110,2.4719
1785338676111687000,257952,23398152118,4096,4110,3.1793
1785338676114393300,257953,23398202118,4096,4110,2.7063
1785338676116962000,257954,23398252118,4096,4110,2.5687
1785338677210120200,257958,23398619329,4096,4110,1093.1582
1785338677212582900,257959,23398721961,4096,4110,2.4627
1785338677345926600,257960,23398727254,4096,4110,133.3437
1785338677349596700,257961,23398733949,4096,4110,3.6701
1785338677352203200,257962,23398737817,4096,4110,2.6065
1785338677354732100,257963,23398744060,4096,4110,2.5289
1785338677357225000,257964,23398752118,4096,4110,2.4929
1785338677359719300,257965,23398802118,4096,4110,2.4943
1785338677362370800,257966,23398852118,4096,4110,2.6515
1785338677365061300,257967,23398902118,4096,4110,2.6905
1785338677367653000,257968,23398952118,4096,4110,2.5917
1785338677370207900,257969,23399002118,4096,4110,2.5549
1785338677372681200,257970,23399052118,4096,4110,2.4733
1785338677376196600,257971,23399102118,4096,4110,3.5154
1785338677379417400,257972,23399152120,4096,4110,3.2208
1785338681863388900,257977,23399614328,4096,4110,4483.9715
1785338681865979000,257978,23399643568,4096,4110,2.5901
1785338681868549300,257979,23399647825,4096,4110,2.5703
1785338682007873500,257980,23399655562,4096,4110,139.3242
1785338690080371100,258055,23407281337,4096,4110,8072.4976
1785338690082936900,258056,23407325329,4096,4110,2.5658
1785338690085420600,258057,23407329495,4096,4110,2.4837
1785338690088009700,258058,23407335401,4096,4110,2.5891
1785338690090696500,258059,23407339397,4096,4110,2.6868
1785338690093272500,258060,23407346067,4096,4110,2.576
1785338691723772300,258063,23407611410,4096,4110,1630.4998
1785338691726347800,258064,23407629798,4096,4110,2.5755
1785338691728904400,258065,23407634393,4096,4110,2.5566
1785338691731458000,258066,23407642393,4096,4110,2.5536
1785338691734118700,258067,23407648950,4096,4110,2.6607
1785338698185184700,258070,23407858499,4096,4110,6451.066
1785338698187646900,258071,23407942583,4096,4110,2.4622
1785338698329547700,258072,23407946837,4096,4110,141.9008
1785338698335373100,258073,23407958389,4096,4110,5.8254
1785338700034406200,258079,23408475332,4096,4110,1699.0331
1785338700037825300,258080,23408554903,4096,4110,3.4191
1785338700040375900,258081,23408559175,4096,4110,2.5506
1785338700043157000,258082,23408566216,4096,4110,2.7811
1785338700045756700,258083,23408570412,4096,4110,2.5997
1785338701211175800,258093,23409578333,4096,4110,1165.4191
1785338701213898400,258094,23409683160,4096,4110,2.7226
1785338701216472500,258095,23409687422,4096,4110,2.5741
1785338701219046300,258096,23409694024,4096,4110,2.5738
1785338701222061300,258097,23409697995,4096,4110,3.015
1785338701224763700,258098,23409702294,4096,4110,2.7024
1785338701227353200,258099,23409760486,4096,4110,2.5895
1785338701229843600,258100,23409765895,4096,4110,2.4904
1785338701232362900,258101,23409770522,4096,4110,2.5193
1785338701400434100,258102,23409780869,4096,4110,168.0712
1785338710564089700,258135,23413082349,4096,4110,9163.6556
1785338710567657300,258136,23413163735,4096,4110,3.5676
1785338710570327200,258137,23413167982,4096,4110,2.6699
1785338710573596300,258138,23413172835,4096,4110,3.2691
1785338710576705600,258139,23413179804,4096,4110,3.1093
1785338710579693900,258140,23413183198,4096,4110,2.9883
1785338710582735500,258141,23413250708,4096,4110,3.0416
1785338710585349200,258142,23413262556,4096,4110,2.6137
1785338710587959000,258143,23413269337,4096,4110,2.6098
1785338710590523700,258144,23413272751,4096,4110,2.5647
1785338710593172200,258145,23413276999,4096,4110,2.6485
1785338710595726200,258146,23413283838,4096,4110,2.554
1785338710598277100,258147,23413349774,4096,4110,2.5509
1785338710601124500,258148,23413353120,4096,4110,2.8474
1785338710739817800,258149,23413365784,4096,4110,138.6933
1785338721447635300,258306,23429438902,4096,4110,10707.8175
1785338721452213100,258307,23429442895,4096,4110,4.5778
1785338721456093400,258308,23429447128,4096,4110,3.8803
1785338721458631700,258309,23429451837,4096,4110,2.5383
1785338721462435900,258310,23429458130,4096,4110,3.8042
1785338721465156500,258311,23429462877,4096,4110,2.7206
1785338721467709900,258312,23429529804,4096,4110,2.5534
1785338721470311300,258313,23429556187,4096,4110,2.6014
1785338721472796100,258314,23429559571,4096,4110,2.4848
1785338721475320600,258315,23429565816,4096,4110,2.5245
1785338721477881800,258316,23429631162,4096,4110,2.5612
1785338721480423700,258317,23429651066,4096,4110,2.5419
1785338721483139700,258318,23429658615,4096,4110,2.716
1785338721485631800,258319,23429661988,4096,4110,2.4921
1785338721621029900,258320,23429666528,4096,4110,135.3981
1785338732301224400,258349,23432555572,4096,4110,10680.1945
1785338732304082400,258350,23432619374,4096,4110,2.858
1785338732306653600,258351,23432630618,4096,4110,2.5712
1785338732309391100,258352,23432635874,4096,4110,2.7375
1785338732311855500,258353,23432698308,4096,4110,2.4644
1785338732314430300,258354,23432701651,4096,4110,2.5748
1785338732317042600,258355,23432705802,4096,4110,2.6123
1785338732319993000,258356,23432718360,4096,4110,2.9504
1785338732322533500,258357,23432723013,4096,4110,2.5405
1785338732325377400,258358,23432728934,4096,4110,2.8439
1785338732330466500,258359,23432733749,4096,4110,5.0891
1785338732333276700,258360,23432738293,4096,4110,2.8102
1785338732336291400,258361,23432742395,4096,4110,3.0147
1785338732338906400,258362,23432798263,4096,4110,2.615
1785338732493733200,258363,23432803683,4096,4110,154.8268
1785338742644303800,258450,23441666328,4096,4110,10150.5706
1785338742646878800,258451,23441730897,4096,4110,2.575
1785338742649405100,258452,23441735805,4096,4110,2.5263
1785338742651832800,258453,23441751841,4096,4110,2.4277
1785338742654561200,258454,23441819149,4096,4110,2.7284
1785338742657131900,258455,23441823244,4096,4110,2.5707
1785338742659699000,258456,23441831627,4096,4110,2.5671
1785338742662329400,258457,23441836694,4096,4110,2.6304
1785338742664872500,258458,23441841075,4096,4110,2.5431
1785338742667320000,258459,23441845579,4096,4110,2.4475
1785338742669861900,258460,23441850004,4096,4110,2.5419
1785338742672382200,258461,23441854237,4096,4110,2.5203
1785338742674846300,258462,23441939138,4096,4110,2.4641
1785338742677386500,258463,23441945859,4096,4110,2.5402
1785338742815677900,258464,23441949377,4096,4110,138.2914
1785338753111841300,258570,23452770395,4096,4110,10296.1634
1785338753114361100,258571,23452792170,4096,4110,2.5198
1785338753116939300,258572,23452796377,4096,4110,2.5782
1785338753119429900,258573,23452800987,4096,4110,2.4906
1785338753121908500,258574,23452805650,4096,4110,2.4786
1785338753124439200,258575,23452898651,4096,4110,2.5307
1785338753127048300,258576,23452905821,4096,4110,2.6091
1785338753130643100,258577,23452909554,4096,4110,3.5948
1785338753133456200,258578,23452973528,4096,4110,2.8131
1785338753136045800,258579,23452978009,4096,4110,2.5896
1785338753138596200,258580,23452998024,4096,4110,2.5504
1785338753142444400,258581,23453001401,4096,4110,3.8482
1785338753152638400,258582,23453005617,4096,4110,10.194
1785338753159303100,258583,23453010394,4096,4110,6.6647
1785338753293791900,258584,23453014593,4096,4110,134.4888
1785338763794421600,258687,23463528482,4096,4110,10500.6297
1785338763797460200,258688,23463542475,4096,4110,3.0386
1785338763801250600,258689,23463546793,4096,4110,3.7904
1785338763803982600,258690,23463552691,4096,4110,2.732
1785338763806873700,258691,23463560505,4096,4110,2.8911
1785338763809473600,258692,23463563827,4096,4110,2.5999
1785338763812510600,258693,23463642491,4096,4110,3.037
1785338763815474400,258694,23463646706,4096,4110,2.9638
1785338763818025500,258695,23463650869,4096,4110,2.5511
1785338763820804100,258696,23463655490,4096,4110,2.7786
1785338763823320700,258697,23463665490,4096,4110,2.5166
1785338763825903100,258698,23463668913,4096,4110,2.5824
1785338763828462400,258699,23463741239,4096,4110,2.5593
1785338763830957700,258700,23463745728,4096,4110,2.4953
1785338763973710800,258701,23463752927,4096,4110,142.7531
1785338774644181000,258801,23473953329,4096,4110,10670.4702
1785338774646733900,258802,23473986373,4096,4110,2.5529
1785338774649362300,258803,23473991127,4096,4110,2.6284
1785338774651934300,258804,23473995515,4096,4110,2.572
1785338774654492200,258805,23474002706,4096,4110,2.5579
1785338774657148000,258806,23474006076,4096,4110,2.6558
1785338774659694700,258807,23474010467,4096,4110,2.5467
1785338774662429100,258808,23474074950,4096,4110,2.7344
1785338774664928100,258809,23474083503,4096,4110,2.499
1785338774667343000,258810,23474087982,4096,4110,2.4149
1785338774670019200,258811,23474097305,4096,4110,2.6762
1785338774672693400,258812,23474100839,4096,4110,2.6742
1785338774675675900,258813,23474105054,4096,4110,2.9825
1785338774678324600,258814,23474109342,4096,4110,2.6487
1785338774815790000,258815,23474113611,4096,4110,137.4654
1785338785258899000,258915,23484376330,4096,4110,10443.109
1785338785261483400,258916,23484433890,4096,4110,2.5844
1785338785263984600,258917,23484438425,4096,4110,2.5012
1785338785266452800,258918,23484442746,4096,4110,2.4682
1785338785269048100,258919,23484449681,4096,4110,2.5953
1785338785271729300,258920,23484454042,4096,4110,2.6812
1785338785274294800,258921,23484520464,4096,4110,2.5655
1785338785277203900,258922,23484534821,4096,4110,2.9091
1785338785279765400,258923,23484538201,4096,4110,2.5615
1785338785282313600,258924,23484542420,4096,4110,2.5482
1785338785285809400,258925,23484547128,4096,4110,3.4958
1785338785288409800,258926,23484555148,4096,4110,2.6004
1785338785291003400,258927,23484558549,4096,4110,2.5936
1785338785293582100,258928,23484638221,4096,4110,2.5787
1785338785485800600,258929,23484643971,4096,4110,192.2185
1785338796007823900,259032,23495156347,4096,4110,10522.0233
1785338796010689300,259033,23495186192,4096,4110,2.8654
1785338796013202900,259034,23495190647,4096,4110,2.5136
1785338796015988300,259035,23495194695,4096,4110,2.7854
1785338796018504600,259036,23495202895,4096,4110,2.5163
1785338796020984400,259037,23495274343,4096,4110,2.4798
1785338796023810100,259038,23495283530,4096,4110,2.8257
1785338796026331800,259039,23495287046,4096,4110,2.5217
1785338796028862000,259040,23495291718,4096,4110,2.5302
1785338796031471500,259041,23495295918,4096,4110,2.6095
1785338796033967000,259042,23495303007,4096,4110,2.4955
1785338796036888000,259043,23495306392,4096,4110,2.921
1785338796039508700,259044,23495310763,4096,4110,2.6207
1785338796041984000,259045,23495373990,4096,4110,2.4753
1785338796179668800,259046,23495382729,4096,4110,137.6848
1785338806715836200,259149,23505893331,4096,4110,10536.1674
1785338806718358500,259150,23505935920,4096,4110,2.5223
1785338806721073900,259151,23505940324,4096,4110,2.7154
1785338806723789300,259152,23505944695,4096,4110,2.7154
1785338806726571700,259153,23505948788,4096,4110,2.7824
1785338815026015000,259156,23506159343,4096,4110,8299.4433
1785338815028534000,259157,23506250656,4096,4110,2.519
1785338815031034200,259158,23506263520,4096,4110,2.5002
1785338815033515700,259159,23506332277,4096,4110,2.4815
1785338815036065700,259160,23506347454,4096,4110,2.55
1785338815038796900,259161,23506351645,4096,4110,2.7312
1785338815041243200,259162,23506355861,4096,4110,2.4463
1785338815043748300,259163,23506360425,4096,4110,2.5051
1785338815185594100,259164,23506365052,4096,4110,141.8458
1785338815193619100,259165,23506369698,4096,4110,8.025
1785338817418934500,259265,23516641337,4096,4110,2225.3154
1785338817421861500,259266,23516690738,4096,4110,2.927
1785338817425783800,259267,23516694950,4096,4110,3.9223
1785338817428417800,259268,23516705359,4096,4110,2.634
1785338817430953800,259269,23516772998,4096,4110,2.536
1785338817433656600,259270,23516784765,4096,4110,2.7028
1785338817436078400,259271,23516791516,4096,4110,2.4218
1785338817439063400,259272,23516794921,4096,4110,2.985
1785338817441950500,259273,23516799206,4096,4110,2.8871
1785338817444611100,259274,23516805238,4096,4110,2.6606
1785338817447216900,259275,23516812479,4096,4110,2.6058
1785338817449696800,259276,23516815899,4096,4110,2.4799
1785338817452497400,259277,23516892660,4096,4110,2.8006
1785338817455820600,259278,23516916279,4096,4110,3.3232
1785338817624507900,259279,23516919672,4096,4110,168.6873
1785338828173563400,259381,23527396331,4096,4110,10549.0555
1785338828176278400,259382,23527439730,4096,4110,2.715
1785338828178926200,259383,23527444011,4096,4110,2.6478
1785338828181411200,259384,23527448904,4096,4110,2.485
1785338828184135900,259385,23527454556,4096,4110,2.7247
1785338828186723300,259386,23527459647,4096,4110,2.5874
1785338828189297500,259387,23527463911,4096,4110,2.5742
1785338828192394600,259388,23527538746,4096,4110,3.0971
1785338828195041400,259389,23527543669,4096,4110,2.6468
1785338828197823300,259390,23527547746,4096,4110,2.7819
1785338828200340200,259391,23527554862,4096,4110,2.5169
1785338828202901800,259392,23527558264,4096,4110,2.5616
1785338828205782700,259393,23527562986,4096,4110,2.8809
1785338828208328600,259394,23527639782,4096,4110,2.5459
1785338828385433800,259395,23527646705,4096,4110,177.1052
1785338839620515500,259575,23546088345,4096,4110,11235.0817
1785338839623326800,259576,23546179319,4096,4110,2.8113
1785338839626586300,259577,23546183898,4096,4110,3.2595
1785338839629132600,259578,23546188476,4096,4110,2.5463
1785338839632566300,259579,23546192664,4096,4110,3.4337
1785338839635137300,259580,23546196910,4096,4110,2.571
1785338839638068800,259581,23546265919,4096,4110,2.9315
1785338839640865100,259582,23546270495,4096,4110,2.7963
1785338839643461600,259583,23546282245,4096,4110,2.5965
1785338839645974300,259584,23546286714,4096,4110,2.5127
1785338839648450600,259585,23546291262,4096,4110,2.4763
1785338839651255200,259586,23546298805,4096,4110,2.8046
1785338839653826700,259587,23546302170,4096,4110,2.5715
1785338839656305700,259588,23546372616,4096,4110,2.479
1785338839802460900,259589,23546385647,4096,4110,146.1552
1785338850376991400,259611,23548553552,4096,4110,10574.5305
1785338850379605000,259612,23548640771,4096,4110,2.6136
1785338850382172400,259613,23548645057,4096,4110,2.5674
1785338850384954400,259614,23548651382,4096,4110,2.782
1785338850387546600,259615,23548658484,4096,4110,2.5922
1785338850390227600,259616,23548661985,4096,4110,2.681
1785338850392774200,259617,23548736634,4096,4110,2.5466
1785338850395250700,259618,23548741192,4096,4110,2.4765
1785338850397921700,259619,23548745559,4096,4110,2.671
1785338850400543300,259620,23548749783,4096,4110,2.6216
1785338850403122600,259621,23548754642,4096,4110,2.5793
1785338850405790400,259622,23548761747,4096,4110,2.6678
1785338850408343800,259623,23548765187,4096,4110,2.5534
1785338850411129700,259624,23548838798,4096,4110,2.7859
1785338850568033300,259625,23548843677,4096,4110,156.9036
1785338861049842200,259728,23559354337,4096,4110,10481.8089
1785338861052682000,259729,23559389071,4096,4110,2.8398
1785338861055196500,259730,23559393181,4096,4110,2.5145
1785338861057720600,259731,23559397742,4096,4110,2.5241
1785338861060341800,259732,23559405275,4096,4110,2.6212
1785338861062996300,259733,23559408716,4096,4110,2.6545
1785338861065565000,259734,23559412829,4096,4110,2.5687
1785338861068308900,259735,23559485689,4096,4110,2.7439
1785338861070901800,259736,23559490049,4096,4110,2.5929
1785338861073813800,259737,23559496081,4096,4110,2.912
1785338861076295000,259738,23559500772,4096,4110,2.4812
1785338861078840200,259739,23559506787,4096,4110,2.5452
1785338861081518200,259740,23559510980,4096,4110,2.678
1785338861084064700,259741,23559581119,4096,4110,2.5465
1785338861225819300,259742,23559590339,4096,4110,141.7546
1785338892129426500,259854,23571030330,4096,4110,30903.6072
1785338892139650900,259855,23571062717,4096,4110,10.2244
1785338892150030900,259856,23571066879,4096,4110,10.38
1785338892161568500,259857,23571071148,4096,4110,11.5376
1785338892175422300,259858,23571075270,4096,4110,13.8538
1785338892185924200,259859,23571079570,4096,4110,10.5019
1785338892197674700,259860,23571150814,4096,4110,11.7505
1785338892207231500,259861,23571154180,4096,4110,9.5568
1785338892216892900,259862,23571162149,4096,4110,9.6614
1785338892227308300,259863,23571166416,4096,4110,10.4154
1785338892236240300,259864,23571170671,4096,4110,8.932
1785338892245870500,259865,23571175005,4096,4110,9.6302
1785338892254160500,259866,23571179909,4096,4110,8.29
1785338892263477000,259867,23571187022,4096,4110,9.3165
1785338892445568800,259868,23571190877,4096,4110,182.0918
1785338934047756200,259971,23581768393,4096,4110,41602.1874
1785338934055002400,259972,23581816101,4096,4110,7.2462
1785338934063453700,259973,23581821256,4096,4110,8.4513
1785338934073357700,259974,23581825931,4096,4110,9.904
1785338934082001600,259975,23581830107,4096,4110,8.6439
1785338934090907300,259976,23581834652,4096,4110,8.9057
1785338934099130200,259977,23581903408,4096,4110,8.2229
1785338934107588600,259978,23581906826,4096,4110,8.4584
1785338934116714200,259979,23581919804,4096,4110,9.1256
1785338934126216600,259980,23581924435,4096,4110,9.5024
1785338934135583000,259981,23581931819,4096,4110,9.3664
1785338934144672200,259982,23581936346,4096,4110,9.0892
1785338934155360100,259983,23581940823,4096,4110,10.6879
1785338934165537400,259984,23582006033,4096,4110,10.1773
1785338934333957200,259985,23582016794,4096,4110,168.4198
1785338977387797900,260085,23592219407,4096,4110,43053.8407
1785338977395467100,260086,23592260465,4096,4110,7.6692
1785338977405057600,260087,23592266561,4096,4110,9.5905
1785338977413206000,260088,23592271419,4096,4110,8.1484
1785338977422636900,260089,23592278150,4096,4110,9.4309
1785338977433484200,260090,23592349980,4096,4110,10.8473
1785338977444713400,260091,23592361134,4096,4110,11.2292
1785338977455332800,260092,23592371648,4096,4110,10.6194
1785338977466536900,260093,23592375063,4096,4110,11.2041
1785338977474677200,260094,23592379300,4096,4110,8.1403
1785338977484624400,260095,23592384104,4096,4110,9.9472
1785338977499505800,260096,23592460854,4096,4110,14.8814
1785338977510516700,260097,23592477204,4096,4110,11.0109
1785338977520142500,260098,23592483408,4096,4110,9.6258
1785338977663056300,260099,23592566458,4096,4110,142.9138
1785339018327944800,260401,23623573340,4096,4110,40664.8885
1785339018338068100,260402,23623594937,4096,4110,10.1233
1785339018348376300,260403,23623602627,4096,4110,10.3082
1785339018359851100,260404,23623605969,4096,4110,11.4748
1785339018370130400,260405,23623610318,4096,4110,10.2793
1785339018380401100,260406,23623614532,4096,4110,10.2707
1785339018390144300,260407,23623683026,4096,4110,9.7432
1785339018400597600,260408,23623701382,4096,4110,10.4533
1785339018409236400,260409,23623706724,4096,4110,8.6388
1785339018417131200,260410,23623710950,4096,4110,7.8948
1785339018426546000,260411,23623783212,4096,4110,9.4148
1785339018436511000,260412,23623796187,4096,4110,9.965
1785339018445752800,260413,23623805163,4096,4110,9.2418
1785339018454644100,260414,23623808525,4096,4110,8.8913
1785339018594768400,260415,23623812624,4096,4110,140.1243
1785339064240946300,260819,23665330330,4096,4110,45646.1779
1785339064250509600,260820,23665377920,4096,4110,9.5633
1785339064258759800,260821,23665382215,4096,4110,8.2502
1785339064268125600,260822,23665387029,4096,4110,9.3658
1785339064277629000,260823,23665391221,4096,4110,9.5034
1785339064323946700,260824,23665396113,4096,4110,46.3177
1785339064376489400,260825,23665463057,4096,4110,52.5427
1785339064430864200,260826,23665473309,4096,4110,54.3748
1785339064465803500,260827,23665477625,4096,4110,34.9393
1785339064529588300,260828,23665482302,4096,4110,63.7848
1785339064555267300,260829,23665486656,4096,4110,25.679
1785339064577693800,260830,23665492823,4096,4110,22.4265
1785339064610482700,260831,23665496835,4096,4110,32.7889
1785339064622125700,260832,23665563030,4096,4110,11.643
1785339064781758900,260833,23665567724,4096,4110,159.6332
1785339128745513600,261254,23708841454,4096,4110,63963.7547
1785339128753455500,261255,23708881701,4096,4110,7.9419
1785339128762354800,261256,23708900829,4096,4110,8.8993
1785339128769844100,261257,23708905717,4096,4110,7.4893
1785339128777305800,261258,23708981905,4096,4110,7.4617
1785339128786033300,261259,23709084832,4096,4110,8.7275
1785339128794055700,261260,23709107623,4096,4110,8.0224
1785339128803233700,261261,23709111121,4096,4110,9.178
1785339128810872000,261262,23709119206,4096,4110,7.6383
1785339128819456600,261263,23709202483,4096,4110,8.5846
1785339128827890200,261264,23709206067,4096,4110,8.4336
1785339128837070400,261265,23709212853,4096,4110,9.1802
1785339165807937600,261267,23709324544,4096,4110,36970.8672
1785339165819290900,261268,23709427730,4096,4110,11.3533
1785339173804660600,261660,23749756406,4096,4110,7985.3697
1785339173812255500,261661,23749856432,4096,4110,7.5949
1785339173820128000,261662,23749860724,4096,4110,7.8725
1785339173827599600,261663,23749865391,4096,4110,7.4716
1785339173835929500,261664,23749869540,4096,4110,8.3299
1785339173844242300,261665,23749874150,4096,4110,8.3128
1785339173853513200,261666,23749937547,4096,4110,9.2709
1785339173862533500,261667,23749941605,4096,4110,9.0203
1785339173870462900,261668,23749945937,4096,4110,7.9294
1785339173880115300,261669,23749954359,4096,4110,9.6524
1785339173891081900,261670,23749958667,4096,4110,10.9666
1785339173904413500,261671,23749964096,4096,4110,13.3316
1785339173913832000,261672,23749969769,4096,4110,9.4185
1785339173923507600,261673,23749973939,4096,4110,9.6756
1785339174087268500,261674,23749978424,4096,4110,163.7609
1785339208222462400,262120,23795879330,4096,4110,34135.1939
1785339208229483100,262121,23795932305,4096,4110,7.0207
1785339208237603800,262122,23795936527,4096,4110,8.1207
1785339208245711800,262123,23795941140,4096,4110,8.108
1785339208253629500,262124,23795948277,4096,4110,7.9177
1785339208262997500,262125,23795951621,4096,4110,9.368
1785339208271974600,262126,23796024476,4096,4110,8.9771
1785339208281182000,262127,23796028016,4096,4110,9.2074
1785339208290546600,262128,23796033664,4096,4110,9.3646
1785339208299731700,262129,23796038261,4096,4110,9.1851
1785339208308455200,262130,23796044130,4096,4110,8.7235
1785339208317192600,262131,23796051693,4096,4110,8.7374
1785339208326357500,262132,23796056146,4096,4110,9.1649
1785339208335081700,262133,23796126895,4096,4110,8.7242
1785339208484761300,262134,23796135096,4096,4110,149.6796
1785339242067252700,263006,23885856331,4096,4110,33582.4914
1785339242075611000,263007,23885944787,4096,4110,8.3583
1785339242083841700,263008,23885949037,4096,4110,8.2307
1785339242093434600,263009,23885953548,4096,4110,9.5929
1785339242102138700,263010,23885959586,4096,4110,8.7041
1785339242110923300,263011,23885966589,4096,4110,8.7846
1785339242119099800,263012,23885970076,4096,4110,8.1765
1785339242127208000,263013,23886031350,4096,4110,8.1082
1785339242135887800,263014,23886035125,4096,4110,8.6798
1785339242144850200,263015,23886046371,4096,4110,8.9624
1785339242153359300,263016,23886049921,4096,4110,8.5091
1785339242162621800,263017,23886056440,4096,4110,9.2625
1785339242171747600,263018,23886063209,4096,4110,9.1258
1785339242181122800,263019,23886070611,4096,4110,9.3752
1785339242347335500,263020,23886073996,4096,4110,166.2127
1785339275910965500,263206,23905195617,4096,4110,33563.63
1785339275920073000,263207,23905297382,4096,4110,9.1075
1785339275928565900,263208,23905301777,4096,4110,8.4929
1785339275937279000,263209,23905306321,4096,4110,8.7131
1785339275944505400,263210,23905313537,4096,4110,7.2264
1785339275952467200,263211,23905316947,4096,4110,7.9618
1785339275961185600,263212,23905321188,4096,4110,8.7184
1785339275974536500,263213,23905386273,4096,4110,13.3509
1785339275982908600,263214,23905396614,4096,4110,8.3721
1785339275991734100,263215,23905400928,4096,4110,8.8255
1785339275999136300,263216,23905408177,4096,4110,7.4022
1785339276006630700,263217,23905411550,4096,4110,7.4944
1785339276014477800,263218,23905415696,4096,4110,7.8471
1785339276023331700,263219,23905421688,4096,4110,8.8539
1785339276177614200,263220,23905484377,4096,4110,154.2825
1785339310510567200,263553,23939686352,4096,4110,34332.953
1785339310519316900,263554,23939708796,4096,4110,8.7497
1785339310528636800,263555,23939712883,4096,4110,9.3199
1785339310537825700,263556,23939720230,4096,4110,9.1889
1785339310546566100,263557,23939723619,4096,4110,8.7404
1785339310555006600,263558,23939727877,4096,4110,8.4405
1785339310564904000,263559,23939795943,4096,4110,9.8974
1785339310574305100,263560,23939803410,4096,4110,9.4011
1785339310584780400,263561,23939807489,4096,4110,10.4753
1785339310595280300,263562,23939811768,4096,4110,10.4999
1785339310604079100,263563,23939816029,4096,4110,8.7988
1785339310610486900,263564,23939820547,4096,4110,6.4078
1785339310618500200,263565,23939827019,4096,4110,8.0133
1785339310626158600,263566,23939830820,4096,4110,7.6584
1785339310778678600,263567,23939897775,4096,4110,152.52
1785339345120096700,263894,23973485490,4096,4110,34341.4181
1785339345129768500,263895,23973499255,4096,4110,9.6718
1785339345143313700,263896,23973503479,4096,4110,13.5452
1785339345152553300,263897,23973508145,4096,4110,9.2396
1785339345163266100,263898,23973516530,4096,4110,10.7128
1785339345171979500,263899,23973519899,4096,4110,8.7134
1785339345180774600,263900,23973598509,4096,4110,8.7951
1785339345189428700,263901,23973603953,4096,4110,8.6541
1785339345198822500,263902,23973608668,4096,4110,9.3938
1785339345206860100,263903,23973612756,4096,4110,8.0376
1785339345214561100,263904,23973620235,4096,4110,7.701
1785339345222019000,263905,23973624848,4096,4110,7.4579
1785339345230531200,263906,23973688932,4096,4110,8.5122
1785339345238038000,263907,23973701337,4096,4110,7.5068
1785339345399270200,263908,23973705366,4096,4110,161.2322
1785339378042138600,264234,24007188628,4096,4110,32642.8684
1785339378050671300,264235,24007288710,4096,4110,8.5327
1785339378058891600,264236,24007293358,4096,4110,8.2203
1785339378067229400,264237,24007297419,4096,4110,8.3378
1785339378074602000,264238,24007304070,4096,4110,7.3726
1785339378082479600,264239,24007308364,4096,4110,7.8776
1785339378089725800,264240,24007312541,4096,4110,7.2462
1785339378098423100,264241,24007376643,4096,4110,8.6973
1785339378106809300,264242,24007380933,4096,4110,8.3862
1785339378115895600,264243,24007390474,4096,4110,9.0863
1785339378123745100,264244,24007394889,4096,4110,7.8495
1785339378131503500,264245,24007399134,4096,4110,7.7584
1785339378140174800,264246,24007404869,4096,4110,8.6713
1785339378148536200,264247,24007474042,4096,4110,8.3614
1785339378291976000,264248,24007490698,4096,4110,143.4398
1785339412044006300,264584,24042003941,4096,4110,33752.0303
1785339412052685500,264585,24042008623,4096,4110,8.6792
1785339412061551000,264586,24042016145,4096,4110,8.8655
1785339412071091100,264587,24042019513,4096,4110,9.5401
1785339412080300800,264588,24042023651,4096,4110,9.2097
1785339412089296300,264589,24042086807,4096,4110,8.9955
1785339412099183500,264590,24042093517,4096,4110,9.8872
1785339412107960900,264591,24042104797,4096,4110,8.7774
1785339412115824500,264592,24042110036,4096,4110,7.8636
1785339412125738800,264593,24042114599,4096,4110,9.9143
1785339412135757900,264594,24042122088,4096,4110,10.0191
1785339412144789200,264595,24042125418,4096,4110,9.0313
1785339412152838800,264596,24042129799,4096,4110,8.0496
1785339412161637700,264597,24042196697,4096,4110,8.7989
1785339412318018500,264598,24042204130,4096,4110,156.3808
1785339446554606300,264931,24076405725,4096,4110,34236.5878
1785339446563928000,264932,24076411090,4096,4110,9.3217
1785339446572443100,264933,24076415256,4096,4110,8.5151
1785339446580577500,264934,24076419840,4096,4110,8.1344
1785339446589623900,264935,24076427001,4096,4110,9.0464
1785339446597696300,264936,24076430370,4096,4110,8.0724
1785339446606982200,264937,24076493913,4096,4110,9.2859
1785339446623478700,264938,24076498352,4096,4110,16.4965
1785339446631612800,264939,24076508516,4096,4110,8.1341
1785339446641178100,264940,24076512764,4096,4110,9.5653
1785339446650093200,264941,24076523215,4096,4110,8.9151
1785339446660114500,264942,24076530093,4096,4110,10.0213
1785339446669749600,264943,24076533476,4096,4110,9.6351
1785339446680756300,264944,24076595475,4096,4110,11.0067
1785339446844307300,264945,24076600623,4096,4110,163.551
1785339480300422200,265263,24109262374,4096,4110,33456.1149
1785339480310905100,265264,24109280768,4096,4110,10.4829
1785339480320171300,265265,24109285081,4096,4110,9.2662
1785339480329004000,265266,24109291033,4096,4110,8.8327
1785339480337498500,265267,24109295380,4096,4110,8.4945
1785339480345910500,265268,24109301908,4096,4110,8.412
1785339480353704600,265269,24109305845,4096,4110,7.7941
1785339480362276500,265270,24109366789,4096,4110,8.5719
1785339480371989000,265271,24109382659,4096,4110,9.7125
1785339480380507400,265272,24109386070,4096,4110,8.5184
1785339480389489900,265273,24109390264,4096,4110,8.9825
1785339480398336000,265274,24109394851,4096,4110,8.8461
1785339480407561800,265275,24109399181,4096,4110,9.2258
1785339480416364000,265276,24109403940,4096,4110,8.8022
1785339480565989000,265277,24109488644,4096,4110,149.625
1785339514472275600,265606,24143279348,4096,4110,33906.2866
1785339514481108000,265607,24143381719,4096,4110,8.8324
1785339514489157700,265608,24143386035,4096,4110,8.0497
1785339514497793500,265609,24143390233,4096,4110,8.6358
1785339514505954700,265610,24143399693,4096,4110,8.1612
1785339514513885800,265611,24143403119,4096,4110,7.9311
1785339514522645500,265612,24143480204,4096,4110,8.7597
1785339514531339100,265613,24143484447,4096,4110,8.6936
1785339514540381900,265614,24143488941,4096,4110,9.0428
1785339514549047200,265615,24143493470,4096,4110,8.6653
1785339514557430400,265616,24143497725,4096,4110,8.3832
1785339514565463800,265617,24143502487,4096,4110,8.0334
1785339514573308600,265618,24143565056,4096,4110,7.8448
1785339514582006200,265619,24143569660,4096,4110,8.6976
1785339514764506500,265620,24143573656,4096,4110,182.5003
1785339548822601700,265953,24177784445,4096,4110,34058.0952
1785339548831969300,265954,24177789016,4096,4110,9.3676
1785339548840927500,265955,24177796150,4096,4110,8.9582
1785339548850154000,265956,24177799424,4096,4110,9.2265
1785339548861234100,265957,24177803671,4096,4110,11.0801
1785339548872890200,265958,24177808481,4096,4110,11.6561
1785339548883247200,265959,24177887395,4096,4110,10.357
1785339548893033600,265960,24177891603,4096,4110,9.7864
1785339548902715200,265961,24177896340,4096,4110,9.6816
1785339548912407300,265962,24177903567,4096,4110,9.6921
1785339548921416100,265963,24177906978,4096,4110,9.0088
1785339548929703400,265964,24177911277,4096,4110,8.2873
1785339548938659000,265965,24177990552,4096,4110,8.9556
1785339548947471600,265966,24177994778,4096,4110,8.8126
1785339549094351000,265967,24177999084,4096,4110,146.8794
1785339583549936900,266293,24211484328,4096,4110,34455.5859
1785339583558592200,266294,24211577742,4096,4110,8.6553
1785339583567672000,266295,24211581885,4096,4110,9.0798
1785339583576769700,266296,24211586217,4096,4110,9.0977
1785339583585871400,266297,24211590229,4096,4110,9.1017
1785339610335504400,266300,24211801329,4096,4110,26749.633
1785339610344040200,266301,24211888556,4096,4110,8.5358
1785339610353467900,266302,24211892756,4096,4110,9.4277
1785339610362313800,266303,24211899372,4096,4110,8.8459
1785339636872436200,266306,24212109339,4096,4110,26510.1224
1785339636881615900,266307,24212188196,4096,4110,9.1797
1785339636889429500,266308,24212192454,4096,4110,7.8136
1785339639393579700,266309,24212199703,4096,4110,2504.1502
1785339639406302400,266310,24212203021,4096,4110,12.7227
1785339654881140100,266638,24245891328,4096,4110,15474.8377
1785339654890924800,266639,24245985756,4096,4110,9.7847
1785339654899542300,266640,24245989911,4096,4110,8.6175
1785339654908458000,266641,24245994239,4096,4110,8.9157
1785339654917031200,266642,24245998238,4096,4110,8.5732
1785339654926162300,266643,24246006631,4096,4110,9.1311
1785339654935573000,266644,24246083717,4096,4110,9.4107
1785339654943854300,266645,24246090689,4096,4110,8.2813
1785339654952874100,266646,24246094984,4096,4110,9.0198
1785339654961697600,266647,24246099105,4096,4110,8.8235
1785339682631154600,266649,24246207921,4096,4110,27669.457
1785339682640906400,266650,24246289643,4096,4110,9.7518
1785339682650131300,266651,24246293999,4096,4110,9.2249
1785339682803125400,266652,24246300049,4096,4110,152.9941
1785339682815143000,266653,24246304874,4096,4110,12.0176
1785339689907985500,266981,24279990332,4096,4110,7092.8425
1785339689918150400,266982,24280086285,4096,4110,10.1649
1785339689929743600,266983,24280090408,4096,4110,11.5932
1785339689940394000,266984,24280094615,4096,4110,10.6504
1785339689948283200,266985,24280102432,4096,4110,7.8892
1785339689955738900,266986,24280105702,4096,4110,7.4557
1785339689963628400,266987,24280175944,4096,4110,7.8895
1785339689973160400,266988,24280185798,4096,4110,9.532
1785339689983373700,266989,24280193200,4096,4110,10.2133
1785339689993453100,266990,24280196602,4096,4110,10.0794
1785339690002345800,266991,24280200672,4096,4110,8.8927
1785339690010704600,266992,24280204973,4096,4110,8.3588
1785339690019245700,266993,24280275169,4096,4110,8.5411
1785339690027842100,266994,24280286877,4096,4110,8.5964
1785339690166146000,266995,24280294552,4096,4110,138.3039
1785339723889354900,267870,24370325330,4096,4110,33723.2089
1785339723896912800,267871,24370414938,4096,4110,7.5579
1785339723905573300,267872,24370420446,4096,4110,8.6605
1785339723913716800,267873,24370488055,4096,4110,8.1435
1785339723922089100,267874,24370492507,4096,4110,8.3723
1785339723930602900,267875,24370501832,4096,4110,8.5138
1785339723939563100,267876,24370509279,4096,4110,8.9602
1785339723948242600,267877,24370513032,4096,4110,8.6795
1785339723956593500,267878,24370517670,4096,4110,8.3509
1785339727488475600,267880,24370625545,4096,4110,3531.8821
1785339727497198800,267881,24370706002,4096,4110,8.7232
1785339727506097800,267882,24370710334,4096,4110,8.899
1785339727515794100,267883,24370714756,4096,4110,9.6963
1785339727526367100,267884,24370719617,4096,4110,10.573
1785339727688108000,267885,24370729422,4096,4110,161.7409
1785339757038252200,268306,24413997330,4096,4110,29350.1442
1785339757047422900,268307,24414025308,4096,4110,9.1707
1785339757056114900,268308,24414029639,4096,4110,8.692
1785339757065031800,268309,24414034448,4096,4110,8.9169
1785339757073967200,268310,24414038642,4096,4110,8.9354
1785339757083397700,268311,24414043369,4096,4110,9.4305
1785339757094548000,268312,24414113306,4096,4110,11.1503
1785339757105400400,268313,24414117043,4096,4110,10.8524
1785339757115135900,268314,24414123243,4096,4110,9.7355
1785339757123122100,268315,24414129403,4096,4110,7.9862
1785339757131722700,268316,24414133909,4096,4110,8.6006
1785339757141040700,268317,24414141281,4096,4110,9.318
1785339757149563000,268318,24414144620,4096,4110,8.5223
1785339757158871700,268319,24414148897,4096,4110,9.3087
1785339757321174100,268320,24414217531,4096,4110,162.3024
1785339790955919900,268390,24421327553,4096,4110,33634.7458
1785339790964032200,268391,24421396892,4096,4110,8.1123
1785339790972879900,268392,24421401149,4096,4110,8.8477
1785339790980674000,268393,24421405938,4096,4110,7.7941
1785339790992351200,268394,24421410673,4096,4110,11.6772
1785339791001573900,268395,24421415118,4096,4110,9.2227
1785339791011333200,268396,24421420071,4096,4110,9.7593
1785339791020475500,268397,24421485491,4096,4110,9.1423
1785339791029014400,268398,24421498087,4096,4110,8.5389
1785339791037832100,268399,24421501454,4096,4110,8.8177
1785339791046675100,268400,24421505748,4096,4110,8.843
1785339791055038600,268401,24421510294,4096,4110,8.3635
1785339791063479700,268402,24421517514,4096,4110,8.4411
1785339791071162400,268403,24421520915,4096,4110,7.6827
1785339791216451500,268404,24421586449,4096,4110,145.2891
1785339825374802000,268766,24458777365,4096,4110,34158.3505
1785339825383004000,268767,24458875532,4096,4110,8.202
1785339825391304000,268768,24458879766,4096,4110,8.3
1785339825399874400,268769,24458885441,4096,4110,8.5704
1785339825407681900,268770,24458893016,4096,4110,7.8075
1785339825416737400,268771,24458896318,4096,4110,9.0555
1785339825424711200,268772,24458973502,4096,4110,7.9738
1785339825433332500,268773,24458978541,4096,4110,8.6213
1785339825442105200,268774,24458983305,4096,4110,8.7727
1785339825451049300,268775,24458987688,4096,4110,8.9441
1785339825460425600,268776,24458991766,4096,4110,9.3763
1785339851559333500,268778,24459099537,4096,4110,26098.9079
1785339851568485500,268779,24459179831,4096,4110,9.152
1785339853622484300,268780,24459184043,4096,4110,2053.9988
1785339853634322000,268781,24459190857,4096,4110,11.8377
1785339860489506000,269065,24488346543,4096,4110,6855.184
1785339860498797800,269066,24488368577,4096,4110,9.2918
1785339860507207300,269067,24488376069,4096,4110,8.4095
1785339860515003700,269068,24488379822,4096,4110,7.7964
1785339860523739500,269069,24488383920,4096,4110,8.7358
1785339860532421700,269070,24488388290,4096,4110,8.6822
1785339860540963300,269071,24488454628,4096,4110,8.5416
1785339860549026400,269072,24488458939,4096,4110,8.0631
1785339860558299600,269073,24488468356,4096,4110,9.2732
1785339860567374100,269074,24488472943,4096,4110,9.0745
1785339860576276400,269075,24488477272,4096,4110,8.9023
1785339860585160500,269076,24488484399,4096,4110,8.8841
1785339860594282100,269077,24488487775,4096,4110,9.1216
1785339860602485000,269078,24488492047,4096,4110,8.2029
1785339860752701100,269079,24488554892,4096,4110,150.2161
1785339893890923500,269408,24522363548,4096,4110,33138.2224
1785339893898877200,269409,24522466891,4096,4110,7.9537
1785339893905291600,269410,24522473317,4096,4110,6.4144
1785339893912924900,269411,24522477780,4096,4110,7.6333
1785339893921246200,269412,24522482454,4096,4110,8.3213
1785339893928574800,269413,24522486528,4096,4110,7.3286
1785339893936423700,269414,24522549597,4096,4110,7.8489
1785339893943633500,269415,24522556688,4096,4110,7.2098
1785339893951518300,269416,24522567556,4096,4110,7.8848
1785339893959308400,269417,24522575295,4096,4110,7.7901
1785339893966937300,269418,24522578848,4096,4110,7.6289
1785339893976277300,269419,24522583091,4096,4110,9.34
1785339893984985600,269420,24522587673,4096,4110,8.7083
1785339893992896200,269421,24522652037,4096,4110,7.9106
1785339894139719200,269422,24522656231,4096,4110,146.823
1785339928407058200,270026,24584783330,4096,4110,34267.339
1785339928416513300,270027,24584831704,4096,4110,9.4551
1785339928425396600,270028,24584835958,4096,4110,8.8833
1785339928435071500,270029,24584840874,4096,4110,9.6749
1785339928443086200,270030,24584847030,4096,4110,8.0147
1785339928450106100,270031,24584850876,4096,4110,7.0199
1785339928458648500,270032,24584915713,4096,4110,8.5424
1785339928466435700,270033,24584920473,4096,4110,7.7872
1785339928474322900,270034,24584931540,4096,4110,7.8872
1785339928482707900,270035,24584935650,4096,4110,8.385
1785339928491772700,270036,24584942139,4096,4110,9.0648
1785339928500264700,270037,24584945841,4096,4110,8.492
1785339928508679400,270038,24584951846,4096,4110,8.4147
1785339928517401900,270039,24584955837,4096,4110,8.7225
1785339928670615000,270040,24585022650,4096,4110,153.2131
1785339961925872500,270107,24591833328,4096,4110,33255.2575
1785339961935406600,270108,24591900354,4096,4110,9.5341
1785339961944718200,270109,24591905369,4096,4110,9.3116
1785339961953691500,270110,24591909385,4096,4110,8.9733
1785339961961764200,270111,24591916439,4096,4110,8.0727
1785339961969897600,270112,24591919921,4096,4110,8.1334
1785339961979255100,270113,24591982513,4096,4110,9.3575
1785339961989132000,270114,24591986536,4096,4110,9.8769
1785339962001137300,270115,24591993779,4096,4110,12.0053
1785339962011660700,270116,24591998561,4096,4110,10.5234
1785339962019701100,270117,24592005773,4096,4110,8.0404
1785339962028125800,270118,24592009095,4096,4110,8.4247
1785339962036752800,270119,24592013994,4096,4110,8.627
1785339962045739000,270120,24592018313,4096,4110,8.9862
1785339962197636400,270121,24592082976,4096,4110,151.8974
1785339995229018000,270445,24625358330,4096,4110,33031.3816
1785339995237240400,270446,24625378363,4096,4110,8.2224
1785339995246094500,270447,24625382593,4096,4110,8.8541
1785339995255663100,270448,24625387318,4096,4110,9.5686
1785339995264542300,270449,24625391532,4096,4110,8.8792
1785339995273378400,270450,24625395860,4096,4110,8.8361
1785339995282636600,270451,24625401746,4096,4110,9.2582
1785339995290488500,270452,24625405758,4096,4110,7.8519
1785339995301124300,270453,24625479393,4096,4110,10.6358
1785339995309061100,270454,24625486549,4096,4110,7.9368
1785339995315836900,270455,24625489901,4096,4110,6.7758
1785339995324784300,270456,24625494115,4096,4110,8.9474
1785339995334434400,270457,24625498969,4096,4110,9.6501
1785339995344543500,270458,24625503227,4096,4110,10.1091
1785339995486272700,270459,24625563210,4096,4110,141.7292
1785340025185843200,270792,24659766347,4096,4110,29699.5705
1785340025193584300,270793,24659788802,4096,4110,7.7411
1785340025201023500,270794,24659795332,4096,4110,7.4392
1785340025207681100,270795,24659799716,4096,4110,6.6576
1785340025214769500,270796,24659805790,4096,4110,7.0884
1785340025221134400,270797,24659809791,4096,4110,6.3649
1785340025228356400,270798,24659875507,4096,4110,7.222
1785340025235765600,270799,24659887501,4096,4110,7.4092
1785340025241710200,270800,24659892808,4096,4110,5.9446
1785340025248414300,270801,24659898191,4096,4110,6.7041
1785340025254667300,270802,24659903618,4096,4110,6.253
1785340025260443400,270803,24659908649,4096,4110,5.7761
1785340025266468500,270804,24659975200,4096,4110,6.0251
1785340025272483200,270805,24659992990,4096,4110,6.0147
1785340025416809900,270806,24659999192,4096,4110,144.3267
1785340060336888500,271129,24693172332,4096,4110,34920.0786
1785340060343919800,271130,24693271857,4096,4110,7.0313
1785340060352611500,271131,24693276041,4096,4110,8.6917
1785340060360919100,271132,24693280214,4096,4110,8.3076
1785340060368913900,271133,24693287816,4096,4110,7.9948
1785340060376896100,271134,24693291195,4096,4110,7.9822
1785340060385156300,271135,24693295327,4096,4110,8.2602
1785340060393857500,271136,24693372836,4096,4110,8.7012
1785340060403113400,271137,24693377214,4096,4110,9.2559
1785340060412799600,271138,24693383331,4096,4110,9.6862
1785340060421433600,271139,24693387699,4096,4110,8.634
1785340060429287700,271140,24693394258,4096,4110,7.8541
1785340060437566600,271141,24693397971,4096,4110,8.2789
1785340060445553200,271142,24693463336,4096,4110,7.9866
1785340060589774300,271143,24693467620,4096,4110,144.2211
1785340093765835300,271464,24726441698,4096,4110,33176.061
1785340093775314900,271465,24726453968,4096,4110,9.4796
1785340093784825200,271466,24726458119,4096,4110,9.5103
1785340093793132000,271467,24726462515,4096,4110,8.3068
1785340093801994400,271468,24726466720,4096,4110,8.8624
1785340093809953100,271469,24726471356,4096,4110,7.9587
1785340093818432500,271470,24726547802,4096,4110,8.4794
1785340093826924500,271471,24726554273,4096,4110,8.492
1785340093834911200,271472,24726561660,4096,4110,7.9867
1785340093843246700,271473,24726565065,4096,4110,8.3355
1785340093852025700,271474,24726569214,4096,4110,8.779
1785340093860378000,271475,24726573639,4096,4110,8.3523
1785340093868171200,271476,24726636071,4096,4110,7.7932
1785340093878616600,271477,24726640011,4096,4110,10.4454
1785340094021411600,271478,24726653202,4096,4110,142.795
1785340126998299500,271769,24756532339,4096,4110,32976.8879
1785340127006169300,271770,24756559782,4096,4110,7.8698
1785340127014903200,271771,24756563889,4096,4110,8.7339
1785340127024081800,271772,24756568263,4096,4110,9.1786
1785340127033087000,271773,24756572307,4096,4110,9.0052
1785340127042308700,271774,24756576514,4096,4110,9.2217
1785340127050739200,271775,24756653210,4096,4110,8.4305
1785340127059500900,271776,24756657376,4096,4110,8.7617
1785340127067257800,271777,24756664258,4096,4110,7.7569
1785340127077090500,271778,24756668020,4096,4110,9.8327
1785340127084989600,271779,24756672267,4096,4110,7.8991
1785340127093683000,271780,24756676934,4096,4110,8.6934
1785340127100294500,271781,24756746116,4096,4110,6.6115
1785340127107896200,271782,24756759687,4096,4110,7.6017
1785340127261898700,271783,24756765558,4096,4110,154.0025
1785340161223616000,272121,24791483343,4096,4110,33961.7173
1785340161232255700,272122,24791579983,4096,4110,8.6397
1785340161240319500,272123,24791587767,4096,4110,8.0638
1785340161248598600,272124,24791591139,4096,4110,8.2791
1785340161257358300,272125,24791595292,4096,4110,8.7597
1785340161266305500,272126,24791665719,4096,4110,8.9472
1785340161274724600,272127,24791683007,4096,4110,8.4191
1785340168632791500,272129,24791789532,4096,4110,7358.0669
1785340168642489100,272130,24791883789,4096,4110,9.6976
1785340168652107900,272131,24791888914,4096,4110,9.6188
1785340168661634500,272132,24791897278,4096,4110,9.5266
1785340168671090200,272133,24791900633,4096,4110,9.4557
1785340168680023700,272134,24791904739,4096,4110,8.9335
1785340168688660200,272135,24791970383,4096,4110,8.6365
1785340168843898000,272136,24791984467,4096,4110,155.2378
1785340195312770000,272458,24825053490,4096,4110,26468.872
1785340195321130300,272459,24825069020,4096,4110,8.3603
1785340195328401400,272460,24825073237,4096,4110,7.2711
1785340195336845900,272461,24825080139,4096,4110,8.4445
1785340195344566300,272462,24825084135,4096,4110,7.7204
1785340195352138700,272463,24825151750,4096,4110,7.5724
1785340195359651500,272464,24825166618,4096,4110,7.5128
1785340195368023600,272465,24825174265,4096,4110,8.3721
1785340195376461200,272466,24825177573,4096,4110,8.4376
1785340195383999600,272467,24825181711,4096,4110,7.5384
1785340195393032200,272468,24825186238,4096,4110,9.0326
1785340195401062000,272469,24825272586,4096,4110,8.0298
1785340195408743800,272470,24825280074,4096,4110,7.6818
1785340195418068200,272471,24825283416,4096,4110,9.3244
1785340195565369500,272472,24825287476,4096,4110,147.3013
1785340228331323000,272792,24858203357,4096,4110,32765.9535
1785340228339173800,272793,24858243624,4096,4110,7.8508
1785340228347047800,272794,24858251248,4096,4110,7.874
1785340228354628900,272795,24858254598,4096,4110,7.5811
1785340228362228900,272796,24858258749,4096,4110,7.6
1785340228369583900,272797,24858263267,4096,4110,7.355
1785340228378537500,272798,24858347372,4096,4110,8.9536
1785340228387098500,272799,24858352045,4096,4110,8.561
1785340228395960100,272800,24858356485,4096,4110,8.8616
1785340228405072800,272801,24858361433,4096,4110,9.1127
1785340228414138300,272802,24858365759,4096,4110,9.0655
1785340228423078300,272803,24858449383,4096,4110,8.94
1785340228433023000,272804,24858453585,4096,4110,9.9447
1785340228442111600,272805,24858457804,4096,4110,9.0886
1785340228592593700,272806,24858462316,4096,4110,150.4821
1785340262156669300,273210,24899976330,4096,4110,33564.0756
1785340262166071500,273211,24900023145,4096,4110,9.4022
1785340262174171800,273212,24900027419,4096,4110,8.1003
1785340262181854200,273213,24900034123,4096,4110,7.6824
1785340262189243200,273214,24900037823,4096,4110,7.389
1785340262198220300,273215,24900108886,4096,4110,8.9771
1785340262206531800,273216,24900123250,4096,4110,8.3115
1785340262215434200,273217,24900128036,4096,4110,8.9024
1785340262224999600,273218,24900132539,4096,4110,9.5654
1785340262234587000,273219,24900137144,4096,4110,9.5874
1785340262244456000,273220,24900141621,4096,4110,9.869
1785340262254079000,273221,24900220032,4096,4110,9.623
1785340262263680400,273222,24900224344,4096,4110,9.6014
1785340262272593700,273223,24900229174,4096,4110,8.9133
1785340262424136600,273224,24900233762,4096,4110,151.5429
1785340296276342400,273482,24926712361,4096,4110,33852.2058
1785340296284766200,273483,24926749231,4096,4110,8.4238
1785340296293351400,273484,24926756269,4096,4110,8.5852
1785340296300680100,273485,24926760325,4096,4110,7.3287
1785340296309348500,273486,24926766256,4096,4110,8.6684
1785340296317670500,273487,24926770869,4096,4110,8.322
1785340296326129400,273488,24926834627,4096,4110,8.4589
1785340296335178000,273489,24926850133,4096,4110,9.0486
1785340296343634700,273490,24926854100,4096,4110,8.4567
1785340296351465800,273491,24926858187,4096,4110,7.8311
1785340296359823000,273492,24926862840,4096,4110,8.3572
1785340296367473200,273493,24926867299,4096,4110,7.6502
1785340296375714200,273494,24926934536,4096,4110,8.241
1785340296384177700,273495,24926947120,4096,4110,8.4635
1785340296563810100,273496,24926951561,4096,4110,179.6324
1785340330008642300,273814,24959611488,4096,4110,33444.8322
1785340330017876500,273815,24959620367,4096,4110,9.2342
1785340330025610700,273816,24959625488,4096,4110,7.7342
1785340330034154200,273817,24959630101,4096,4110,8.5435
1785340330042814700,273818,24959637239,4096,4110,8.6605
1785340330050638900,273819,24959640758,4096,4110,7.8242
1785340330059206900,273820,24959706005,4096,4110,8.568
1785340330066942500,273821,24959719008,4096,4110,7.7356
1785340330075367200,273822,24959723305,4096,4110,8.4247
1785340330084140500,273823,24959728571,4096,4110,8.7733
1785340330093643300,273824,24959733165,4096,4110,9.5028
1785340330103698800,273825,24959740279,4096,4110,10.0555
1785340330111555700,273826,24959743682,4096,4110,7.8569
1785340330120706600,273827,24959804625,4096,4110,9.1509
1785340330273798900,273828,24959822707,4096,4110,153.0923
1785340363615355100,274155,24993406554,4096,4110,33341.5562
1785340363624517500,274156,24993417413,4096,4110,9.1624
1785340363633156400,274157,24993420833,4096,4110,8.6389
1785340363641979900,274158,24993425142,4096,4110,8.8235
1785340363650711800,274159,24993429850,4096,4110,8.7319
1785340363658606000,274160,24993497695,4096,4110,7.8942
1785340363667091900,274161,24993509655,4096,4110,8.4859
1785340363675503700,274162,24993516148,4096,4110,8.4118
1785340363683745800,274163,24993519550,4096,4110,8.2421
1785340363692320200,274164,24993524037,4096,4110,8.5744
1785340363700303800,274165,24993528858,4096,4110,7.9836
1785340363708988000,274166,24993533172,4096,4110,8.6842
1785340363717224200,274167,24993618643,4096,4110,8.2362
1785340363726570300,274168,24993624130,4096,4110,9.3461
1785340363877003400,274169,24993629393,4096,4110,150.4331
1785340397974683400,274501,25027732347,4096,4110,34097.68
1785340397983655000,274502,25027823788,4096,4110,8.9716
1785340397992797100,274503,25027831113,4096,4110,9.1421
1785340398002316800,274504,25027835343,4096,4110,9.5197
1785340398012414800,274505,25027900635,4096,4110,10.098
1785340398021696300,274506,25027904940,4096,4110,9.2815
1785340398030259800,274507,25027913471,4096,4110,8.5635
1785340398039498500,274508,25027918186,4096,4110,9.2387
1785340398048031900,274509,25027922773,4096,4110,8.5334
1785340398059323400,274510,25027929351,4096,4110,11.2915
1785340398069552000,274511,25027934086,4096,4110,10.2286
1785340398079284800,274512,25027938717,4096,4110,9.7328
1785340398087976800,274513,25028004172,4096,4110,8.692
1785340398096286300,274514,25028009299,4096,4110,8.3095
1785340398256941800,274515,25028020767,4096,4110,160.6555
1785340431985049900,274839,25061298021,4096,4110,33728.1081
1785340431994396300,274840,25061302029,4096,4110,9.3464
1785340432003735800,274841,25061306690,4096,4110,9.3395
1785340432012590400,274842,25061311138,4096,4110,8.8546
1785340432020945900,274843,25061318383,4096,4110,8.3555
1785340432029875400,274844,25061321873,4096,4110,8.9295
1785340432037593400,274845,25061392600,4096,4110,7.718
1785340432045513500,274846,25061401712,4096,4110,7.9201
1785340432053429100,274847,25061410486,4096,4110,7.9156
1785340432062059300,274848,25061414045,4096,4110,8.6302
1785340432070665200,274849,25061420392,4096,4110,8.6059
1785340432079264000,274850,25061424706,4096,4110,8.5988
1785340432087990100,274851,25061511663,4096,4110,8.7261
1785340432097941500,274852,25061515937,4096,4110,9.9514
1785340432238787400,274853,25061522285,4096,4110,140.8459
1785340465152656700,275179,25095003332,4096,4110,32913.8693
1785340465163026000,275180,25095096600,4096,4110,10.3693
1785340465172728200,275181,25095101965,4096,4110,9.7022
1785340465179009000,275182,25095109401,4096,4110,6.2808
1785340465184538900,275183,25095112746,4096,4110,5.5299
1785340465194592100,275184,25095180332,4096,4110,10.0532
1785340465203985700,275185,25095200599,4096,4110,9.3936
1785340465213554100,275186,25095204117,4096,4110,9.5684
1785340465221552900,275187,25095208347,4096,4110,7.9988
1785340465230598800,275188,25095213080,4096,4110,9.0459
1785340465239614600,275189,25095217994,4096,4110,9.0158
1785340465248604600,275190,25095300355,4096,4110,8.99
1785340465257803600,275191,25095306746,4096,4110,9.199
1785340465267339700,275192,25095310997,4096,4110,9.5361
1785340465441973200,275193,25095315262,4096,4110,174.6335
1785340498881879500,275525,25129417546,4096,4110,33439.9063
1785340498891333100,275526,25129504259,4096,4110,9.4536
1785340498901035900,275527,25129508948,4096,4110,9.7028
1785340498910637800,275528,25129513285,4096,4110,9.6019
1785340498919732100,275529,25129519605,4096,4110,9.0943
1785340498928856500,275530,25129524024,4096,4110,9.1244
1785340498937594200,275531,25129597713,4096,4110,8.7377
1785340498946041800,275532,25129601968,4096,4110,8.4476
1785340498955291900,275533,25129606268,4096,4110,9.2501
1785340498963925200,275534,25129610938,4096,4110,8.6333
1785340498972373600,275535,25129616030,4096,4110,8.4484
1785340498980128400,275536,25129620785,4096,4110,7.7548
1785340498990026600,275537,25129625399,4096,4110,9.8982
1785340499000161500,275538,25129703966,4096,4110,10.1349
1785340499152662700,275539,25129708319,4096,4110,152.5012
1785340533184595400,275865,25163192408,4096,4110,34031.9327
1785340533193282400,275866,25163292737,4096,4110,8.687
1785340533201813600,275867,25163296953,4096,4110,8.5312
1785340533211000200,275868,25163302428,4096,4110,9.1866
1785340533220627000,275869,25163308777,4096,4110,9.6268
1785340533231179200,275870,25163379470,4096,4110,10.5522
1785340533240416300,275871,25163392310,4096,4110,9.2371
1785340533249305800,275872,25163409553,4096,4110,8.8895
1785340533258032100,275873,25163413353,4096,4110,8.7263
1785340533266926300,275874,25163417594,4096,4110,8.8942
1785340533275708800,275875,25163516558,4096,4110,8.7825
1785340533282827800,275876,25163520925,4096,4110,7.119
1785340533289936300,275877,25163594801,4096,4110,7.1085
1785340533298321800,275878,25163599076,4096,4110,8.3855
1785340533453866500,275879,25163603920,4096,4110,155.5447
1785340567099752900,276199,25196468674,4096,4110,33645.8864
1785340567107856300,276200,25196472791,4096,4110,8.1034
1785340567117337400,276201,25196480792,4096,4110,9.4811
1785340567125657600,276202,25196484145,4096,4110,8.3202
1785340567134583700,276203,25196489391,4096,4110,8.9261
1785340567142757200,276204,25196567418,4096,4110,8.1735
1785340567150239700,276205,25196573827,4096,4110,7.4825
1785340567158053600,276206,25196578282,4096,4110,7.8139
1785340567165983900,276207,25196585811,4096,4110,7.9303
1785340567175511700,276208,25196589191,4096,4110,9.5278
1785340567185121600,276209,25196594604,4096,4110,9.6099
1785340567193487400,276210,25196671853,4096,4110,8.3658
1785340567201830000,276211,25196676325,4096,4110,8.3426
1785340567209406400,276212,25196680527,4096,4110,7.5764
1785340567354556900,276213,25196764243,4096,4110,145.1505
1785340600787274600,276539,25230252518,4096,4110,33432.7177
1785340600796433300,276540,25230263616,4096,4110,9.1587
1785340600804702000,276541,25230269890,4096,4110,8.2687
1785340600813098800,276542,25230274373,4096,4110,8.3968
1785340600820754500,276543,25230281476,4096,4110,7.6557
1785340600829282200,276544,25230284913,4096,4110,8.5277
1785340600837715000,276545,25230363064,4096,4110,8.4328
1785340600847426400,276546,25230367236,4096,4110,9.7114
1785340600856424900,276547,25230371519,4096,4110,8.9985
1785340600865781000,276548,25230378876,4096,4110,9.3561
1785340600875436900,276549,25230385828,4096,4110,9.6559
1785340600884667800,276550,25230389238,4096,4110,9.2309
1785340600894387200,276551,25230462428,4096,4110,9.7194
1785340600903762600,276552,25230466770,4096,4110,9.3754
1785340601071718700,276553,25230473649,4096,4110,167.9561
1785340635468910700,276885,25264577332,4096,4110,34397.192
1785340635477671900,276886,25264669383,4096,4110,8.7612
1785340635486406900,276887,25264673682,4096,4110,8.735
1785340635495022400,276888,25264678188,4096,4110,8.6155
1785340635503725500,276889,25264682422,4096,4110,8.7031
1785340635511224300,276890,25264686886,4096,4110,7.4988
1785340635519532100,276891,25264758316,4096,4110,8.3078
1785340635527943200,276892,25264763892,4096,4110,8.4111
1785340635535944800,276893,25264771570,4096,4110,8.0016
1785340635544477700,276894,25264776267,4096,4110,8.5329
1785340635553579900,276895,25264780758,4096,4110,9.1022
1785340635562688300,276896,25264787631,4096,4110,9.1084
1785340635572181500,276897,25264791184,4096,4110,9.4932
1785340635584849900,276898,25264795518,4096,4110,12.6684
1785340635739715500,276899,25264861708,4096,4110,154.8656
1785340669230554700,277226,25298450525,4096,4110,33490.8392
1785340669239232600,277227,25298462256,4096,4110,8.6779
1785340669247425500,277228,25298466913,4096,4110,8.1929
1785340669256418500,277229,25298473540,4096,4110,8.993
1785340695420778800,277232,25298684327,4096,4110,26164.3603
1785340695427822400,277233,25298765514,4096,4110,7.0436
1785340695437647000,277234,25298769631,4096,4110,9.8246
1785340695446314700,277235,25298773719,4096,4110,8.6677
1785340695455145200,277236,25298777993,4096,4110,8.8305
1785340695463005100,277237,25298785056,4096,4110,7.8599
1785340695471823900,277238,25298788851,4096,4110,8.8188
1785340695480429900,277239,25298871450,4096,4110,8.606
1785340695488462200,277240,25298877070,4096,4110,8.0323
1785340695639948700,277241,25298881198,4096,4110,151.4865
1785340737701496800,277565,25332155336,4096,4110,42061.5481
1785340737711020900,277566,25332254549,4096,4110,9.5241
1785340741380266900,277570,25332568505,4096,4110,3669.246
1785340741389653600,277571,25332573448,4096,4110,9.3867
1785340741400787200,277572,25332577776,4096,4110,11.1336
1785340741411467600,277573,25332581886,4096,4110,10.6804
1785340741421019000,277574,25332658558,4096,4110,9.5514
1785340741429991800,277575,25332674544,4096,4110,8.9728
1785340741439694600,277576,25332681332,4096,4110,9.7028
1785340741453245700,277577,25332684702,4096,4110,13.5511
1785340741462852500,277578,25332766357,4096,4110,9.6068
1785340741471879900,277579,25332778265,4096,4110,9.0274
1785340741481104100,277580,25332782031,4096,4110,9.2242
1785340741490936800,277581,25332786216,4096,4110,9.8327
1785340741657593600,277582,25332883630,4096,4110,166.6568
1785340771804303500,277913,25366880330,4096,4110,30146.7099
1785340771813291000,277914,25366968423,4096,4110,8.9875
1785340771821719600,277915,25366972581,4096,4110,8.4286
1785340771830562900,277916,25366976857,4096,4110,8.8433
1785340771838469000,277917,25366984702,4096,4110,7.9061
1785340771846520100,277918,25366988115,4096,4110,8.0511
1785340771854577600,277919,25367061976,4096,4110,8.0575
1785340771863493300,277920,25367067271,4096,4110,8.9157
1785340771872070000,277921,25367075262,4096,4110,8.5767
1785340771881396800,277922,25367078530,4096,4110,9.3268
1785340771890314900,277923,25367082730,4096,4110,8.9181
1785340771898963500,277924,25367089614,4096,4110,8.6486
1785340771907154600,277925,25367155041,4096,4110,8.1911
1785340771915832100,277926,25367159272,4096,4110,8.6775
1785340772063106300,277927,25367173626,4096,4110,147.2742
1785340805834411000,278507,25426818330,4096,4110,33771.3047
1785340805842035900,278508,25426872810,4096,4110,7.6249
1785340805850506400,278509,25426877033,4096,4110,8.4705
1785340805859944200,278510,25426959769,4096,4110,9.4378
1785340805869738400,278511,25426974507,4096,4110,9.7942
1785340805878575700,278512,25426978663,4096,4110,8.8373
1785340805887054700,278513,25426983041,4096,4110,8.479
1785340805894430200,278514,25426987112,4096,4110,7.3755
1785340805902913400,278515,25426991685,4096,4110,8.4832
1785340805910834600,278516,25426995766,4096,4110,7.9212
1785340805919345400,278517,25427074398,4096,4110,8.5108
1785340805927956600,278518,25427078870,4096,4110,8.6112
1785340805936943700,278519,25427086395,4096,4110,8.9871
1785340805944909100,278520,25427089789,4096,4110,7.9654
1785340806091088700,278521,25427093873,4096,4110,146.1796
1785340838905178100,278964,25472626328,4096,4110,32814.0894
1785340838913211800,278965,25472646207,4096,4110,8.0337
1785340838922064000,278966,25472650329,4096,4110,8.8522
1785340838930845100,278967,25472657431,4096,4110,8.7811
1785340838938472100,278968,25472660847,4096,4110,7.627
1785340838946918600,278969,25472665404,4096,4110,8.4465
1785340838955795800,278970,25472734279,4096,4110,8.8772
1785340838963425000,278971,25472745225,4096,4110,7.6292
1785340838971004500,278972,25472749493,4096,4110,7.5795
1785340838979436000,278973,25472753623,4096,4110,8.4315
1785340838986982000,278974,25472758378,4096,4110,7.546
1785340838994515300,278975,25472765778,4096,4110,7.5333
1785340839002386300,278976,25472769161,4096,4110,7.871
1785340839010206200,278977,25472849095,4096,4110,7.8199
1785340839158400800,278978,25472853307,4096,4110,148.1946
1785340872964034200,279272,25503039329,4096,4110,33805.6334
1785340872972985300,279273,25503058754,4096,4110,8.9511
1785340872981110700,279274,25503063408,4096,4110,8.1254
1785340872987706200,279275,25503069666,4096,4110,6.5955
1785340872996573200,279276,25503073850,4096,4110,8.867
1785340873004398600,279277,25503080818,4096,4110,7.8254
1785340873014376300,279278,25503156371,4096,4110,9.9777
1785340873023756300,279279,25503160692,4096,4110,9.38
1785340873032775600,279280,25503167163,4096,4110,9.0193
1785340873041593100,279281,25503171688,4096,4110,8.8175
1785340873050822800,279282,25503175914,4096,4110,9.2297
1785340873060049900,279283,25503180650,4096,4110,9.2271
1785340873069618300,279284,25503246673,4096,4110,9.5684
1785340873077819700,279285,25503250911,4096,4110,8.2014
1785340873223480800,279286,25503262623,4096,4110,145.6611
1785340907227854900,279615,25537061330,4096,4110,34004.3741
1785340907237303300,279616,25537161630,4096,4110,9.4484
1785340907246261800,279617,25537166014,4096,4110,8.9585
1785340907255613600,279618,25537170611,4096,4110,9.3518
1785340907264471400,279619,25537177846,4096,4110,8.8578
1785340907273409200,279620,25537181198,4096,4110,8.9378
1785340907281930900,279621,25537245568,4096,4110,8.5217
1785340907290918000,279622,25537258804,4096,4110,8.9871
1785340907299432000,279623,25537262826,4096,4110,8.514
1785340907307777900,279624,25537267217,4096,4110,8.3459
1785340907316947300,279625,25537271450,4096,4110,9.1694
1785340933557187400,279627,25537379904,4096,4110,26240.2401
1785340933564922000,279628,25537461277,4096,4110,7.7346
1785340935219259500,279629,25537465557,4096,4110,1654.3375
1785340976821014500,279949,25570332469,4096,4110,41601.755
1785340976828387000,279950,25570336780,4096,4110,7.3725
1785340976839001200,279951,25570344259,4096,4110,10.6142
1785340976848473500,279952,25570347615,4096,4110,9.4723
1785340976857502200,279953,25570351844,4096,4110,9.0287
1785340976866042800,279954,25570356530,4096,4110,8.5406
1785340976874783400,279955,25570429594,4096,4110,8.7406
1785340976883101500,279956,25570436587,4096,4110,8.3181
1785340976890850100,279957,25570440659,4096,4110,7.7486
1785340976898763400,279958,25570445073,4096,4110,7.9133
1785340976906633400,279959,25570449686,4096,4110,7.87
1785340976914467400,279960,25570453988,4096,4110,7.834
1785340976922399500,279961,25570460680,4096,4110,7.9321
1785340976931882700,279962,25570538437,4096,4110,9.4832
1785340977078354400,279963,25570547705,4096,4110,146.4717
1785341010950086200,280292,25604338556,4096,4110,33871.7318
1785341010959465200,280293,25604434624,4096,4110,9.379
1785341010968449100,280294,25604441343,4096,4110,8.9839
1785341010975981700,280295,25604451734,4096,4110,7.5326
1785341010983568100,280296,25604538591,4096,4110,7.5864
1785341010991751600,280297,25604541882,4096,4110,8.1835
1785341010998631300,280298,25604548675,4096,4110,6.8797
1785341011007622700,280299,25604552071,4096,4110,8.9914
1785341011016196100,280300,25604558210,4096,4110,8.5734
1785341011024752000,280301,25604623755,4096,4110,8.5559
1785341011034008900,280302,25604643116,4096,4110,9.2569
1785341011043677400,280303,25604646659,4096,4110,9.6685
1785341011052979000,280304,25604651343,4096,4110,9.3016
1785341011061962200,280305,25604655932,4096,4110,8.9832
1785341011222085400,280306,25604661083,4096,4110,160.1232
1785341044865207700,280903,25666114580,4096,4110,33643.1223
1785341044874991400,280904,25666185785,4096,4110,9.7837
1785341044885126100,280905,25666189953,4096,4110,10.1347
1785341044894473800,280906,25666194204,4096,4110,9.3477
1785341044903096900,280907,25666198956,4096,4110,8.6231
1785341044912150700,280908,25666204680,4096,4110,9.0538
1785341044920524700,280909,25666288348,4096,4110,8.374
1785341044928653700,280910,25666292649,4096,4110,8.129
1785341044937572500,280911,25666306734,4096,4110,8.9188
1785341044946814300,280912,25666310153,4096,4110,9.2418
1785341044956317200,280913,25666381315,4096,4110,9.5029
1785341044965413500,280914,25666385639,4096,4110,9.0963
1785341044974462800,280915,25666390155,4096,4110,9.0493
1785341044983169600,280916,25666397059,4096,4110,8.7068
1785341045128073700,280917,25666400843,4096,4110,144.9041
1785341078225780400,281324,25708226364,4096,4110,33097.7067
1785341078234219600,281325,25708269939,4096,4110,8.4392
1785341078244084500,281326,25708274090,4096,4110,9.8649
1785341078251416400,281327,25708278563,4096,4110,7.3319
1785341078258473500,281328,25708284344,4096,4110,7.0571
1785341078265264800,281329,25708288317,4096,4110,6.7913
1785341078277865800,281330,25708352495,4096,4110,12.601
1785341078287867600,281331,25708357470,4096,4110,10.0018
1785341078296847500,281332,25708368682,4096,4110,8.9799
1785341078304853100,281333,25708375469,4096,4110,8.0056
1785341078313234100,281334,25708378865,4096,4110,8.381
1785341078320894500,281335,25708383438,4096,4110,7.6604
1785341078330038800,281336,25708387742,4096,4110,9.1443
1785341078337971500,281337,25708392289,4096,4110,7.9327
1785341078479838400,281338,25708459188,4096,4110,141.8669
1785341112985647300,281668,25742351813,4096,4110,34505.8089
1785341112996028100,281669,25742369679,4096,4110,10.3808
1785341113005351700,281670,25742374839,4096,4110,9.3236
1785341113014624000,281671,25742379417,4096,4110,9.2723
1785341113024762000,281672,25742386124,4096,4110,10.138
1785341113034643900,281673,25742389884,4096,4110,9.8819
1785341113044037800,281674,25742477343,4096,4110,9.3939
1785341113054020900,281675,25742481536,4096,4110,9.9831
1785341113064060600,281676,25742485793,4096,4110,10.0397
1785341113074165600,281677,25742490671,4096,4110,10.105
1785341113084116500,281678,25742556971,4096,4110,9.9509
1785341113093558300,281679,25742569487,4096,4110,9.4418
1785341113103264300,281680,25742573715,4096,4110,9.706
1785341113113005700,281681,25742579888,4096,4110,9.7414
1785341113257546000,281682,25742584209,4096,4110,144.5403
1785341147485950500,282008,25776071350,4096,4110,34228.4045
1785341147494517300,282009,25776161932,4096,4110,8.5668
1785341147502589700,282010,25776170312,4096,4110,8.0724
1785341147510705100,282011,25776173647,4096,4110,8.1154
1785341147519172300,282012,25776177939,4096,4110,8.4672
1785341147527800800,282013,25776251092,4096,4110,8.6285
1785341147536403400,282014,25776267451,4096,4110,8.6026
1785341147544786300,282015,25776271798,4096,4110,8.3829
1785341174266050300,282017,25776379912,4096,4110,26721.264
1785341174277278600,282018,25776465118,4096,4110,11.2283
1785341174286248200,282019,25776469386,4096,4110,8.9696
1785341174294656400,282020,25776477096,4096,4110,8.4082
1785341174303791000,282021,25776480469,4096,4110,9.1346
1785341175783919800,282022,25776484788,4096,4110,1480.1288
1785341175795261500,282023,25776489540,4096,4110,11.3417
1785341183837799300,282345,25809614330,4096,4110,8042.5378
1785341183845571800,282346,25809646572,4096,4110,7.7725
1785341183857611000,282347,25809654544,4096,4110,12.0392
1785341183870950200,282348,25809657872,4096,4110,13.3392
1785341183886845100,282349,25809662489,4096,4110,15.8949
1785341183905342800,282350,25809666720,4096,4110,18.4977
1785341183926742600,282351,25809745585,4096,4110,21.3998
1785341183936012800,282352,25809752682,4096,4110,9.2702
1785341183947122300,282353,25809756065,4096,4110,11.1095
1785341183956222200,282354,25809760391,4096,4110,9.0999
1785341183964616200,282355,25809765152,4096,4110,8.394
1785341183976709100,282356,25809770102,4096,4110,12.0929
1785341183984570500,282357,25809830278,4096,4110,7.8614
1785341183992534000,282358,25809834778,4096,4110,7.9635
1785341184139937300,282359,25809850363,4096,4110,147.4033
1785341218669575100,282694,25844259391,4096,4110,34529.6378
1785341218678308500,282695,25844360401,4096,4110,8.7334
1785341218686622500,282696,25844366482,4096,4110,8.314
1785341218694771800,282697,25844370708,4096,4110,8.1493
1785341218703422700,282698,25844374897,4096,4110,8.6509
1785341218712505700,282699,25844379794,4096,4110,9.083
1785341218721093100,282700,25844464168,4096,4110,8.5874
1785341218730729500,282701,25844468489,4096,4110,9.6364
1785341218740553800,282702,25844473123,4096,4110,9.8243
1785341218750853300,282703,25844477561,4096,4110,10.2995
1785341218760203000,282704,25844482155,4096,4110,9.3497
1785341218769251000,282705,25844549198,4096,4110,9.048
1785341218778011800,282706,25844574669,4096,4110,8.7608
1785341218786659700,282707,25844584314,4096,4110,8.6479
1785341218926263700,282708,25844651249,4096,4110,139.604
1785341252914169900,283314,25906983331,4096,4110,33987.9062
1785341252923565500,283315,25907034488,4096,4110,9.3956
1785341252933052200,283316,25907038761,4096,4110,9.4867
1785341252942135100,283317,25907043668,4096,4110,9.0829
1785341252951274200,283318,25907049228,4096,4110,9.1391
1785341252960327800,283319,25907113810,4096,4110,9.0536
1785341252969552500,283320,25907128750,4096,4110,9.2247
1785341252979011800,283321,25907132141,4096,4110,9.4593
1785341252987572200,283322,25907136411,4096,4110,8.5604
1785341252996390900,283323,25907140969,4096,4110,8.8187
1785341253004910700,283324,25907147864,4096,4110,8.5198
1785341253013781900,283325,25907151394,4096,4110,8.8712
1785341253022724000,283326,25907211124,4096,4110,8.9421
1785341253032298100,283327,25907215469,4096,4110,9.5741
1785341253184134500,283328,25907219663,4096,4110,151.8364
1785341287026903700,283407,25915267364,4096,4110,33842.7692
1785341287036058800,283408,25915327166,4096,4110,9.1551
1785341287046458500,283409,25915331852,4096,4110,10.3997
1785341287057421900,283410,25915338734,4096,4110,10.9634
1785341287066761900,283411,25915342453,4096,4110,9.34
1785341287075893800,283412,25915420446,4096,4110,9.1319
1785341287084539700,283413,25915427287,4096,4110,8.6459
1785341287093087800,283414,25915430798,4096,4110,8.5481
1785341287101091400,283415,25915435443,4096,4110,8.0036
1785341315401819400,283417,25915545529,4096,4110,28300.728
1785341315411372100,283418,25915628696,4096,4110,9.5527
1785341315422950400,283419,25915635055,4096,4110,11.5783
1785341315430359000,283420,25915642244,4096,4110,7.4086
1785341317319925200,283421,25915645789,4096,4110,1889.5662
1785341317331970700,283422,25915650061,4096,4110,12.0455
1785341322345045800,283756,25950013328,4096,4110,5013.0751
1785341322353352400,283757,25950037900,4096,4110,8.3066
1785341322362773400,283758,25950045933,4096,4110,9.421
1785341322370465500,283759,25950050175,4096,4110,7.6921
1785341322379087800,283760,25950054381,4096,4110,8.6223
1785341322387071800,283761,25950059732,4096,4110,7.984
1785341322395231100,283762,25950141888,4096,4110,8.1593
1785341322404436800,283763,25950147009,4096,4110,9.2057
1785341322413405500,283764,25950151416,4096,4110,8.9687
1785341322421935300,283765,25950156953,4096,4110,8.5298
1785341322431410300,283766,25950161929,4096,4110,9.475
1785341322439783900,283767,25950222456,4096,4110,8.3736
1785341322447774800,283768,25950227095,4096,4110,7.9909
1785341322456504900,283769,25950237151,4096,4110,8.7301
1785341322639427100,283770,25950243588,4096,4110,182.9222
1785341356648290300,284102,25984344330,4096,4110,34008.8632
1785341356657427100,284103,25984444751,4096,4110,9.1368
1785341356665875900,284104,25984448843,4096,4110,8.4488
1785341356675346000,284105,25984453196,4096,4110,9.4701
1785341356684247600,284106,25984459798,4096,4110,8.9016
1785341356693475800,284107,25984464001,4096,4110,9.2282
1785341356703481700,284108,25984528508,4096,4110,10.0059
1785341356712616300,284109,25984546204,4096,4110,9.1346
1785341356721137200,284110,25984549542,4096,4110,8.5209
1785341356730346300,284111,25984556809,4096,4110,9.2091
1785341356738986000,284112,25984562847,4096,4110,8.6397
1785341356746631100,284113,25984566711,4096,4110,7.6451
1785341356756785800,284114,25984643933,4096,4110,10.1547
1785341356765658800,284115,25984660376,4096,4110,8.873
1785341356918306200,284116,25984664606,4096,4110,152.6474
1785341390834482100,284735,26048327488,4096,4110,33916.1759
1785341390843944600,284736,26048341441,4096,4110,9.4625
1785341390853123500,284737,26048345710,4096,4110,9.1789
1785341390861034800,284738,26048351980,4096,4110,7.9113
1785341390870170700,284739,26048356389,4096,4110,9.1359
1785341390878277900,284740,26048361115,4096,4110,8.1072
1785341390887211100,284741,26048365617,4096,4110,8.9332
1785341390895514700,284742,26048430328,4096,4110,8.3036
1785341390903891600,284743,26048441704,4096,4110,8.3769
1785341390912707900,284744,26048528151,4096,4110,8.8163
1785341390920443600,284745,26048546531,4096,4110,7.7357
1785341390927824500,284746,26048550797,4096,4110,7.3809
1785341390935502400,284747,26048557077,4096,4110,7.6779
1785341390944061200,284748,26048561378,4096,4110,8.5588
1785341391096774600,284749,26048565574,4096,4110,152.7134
1785341424329401900,284801,26053823349,4096,4110,33232.6273
1785341424337016700,284802,26053872752,4096,4110,7.6148
1785341424345196700,284803,26053877216,4096,4110,8.18
1785341424353946300,284804,26053883872,4096,4110,8.7496
1785341424362428300,284805,26053887403,4096,4110,8.482
1785341424370348800,284806,26053891969,4096,4110,7.9205
1785341424377858900,284807,26053953437,4096,4110,7.5101
1785341424386105500,284808,26053978642,4096,4110,8.2466
1785341424396165500,284809,26053982057,4096,4110,10.06
1785341424406728200,284810,26053986181,4096,4110,10.5627
1785341424419710000,284811,26053990531,4096,4110,12.9818
1785341424432542800,284812,26054056331,4096,4110,12.8328
1785341424444551700,284813,26054059719,4096,4110,12.0089
1785341424459489500,284814,26054063988,4096,4110,14.9378
1785341424611510800,284815,26054070127,4096,4110,152.0213
1785341457930662800,285145,26087963621,4096,4110,33319.152
1785341457939873400,285146,26087973691,4096,4110,9.2106
1785341457948984900,285147,26087977898,4096,4110,9.1115
1785341457957502400,285148,26087983840,4096,4110,8.5175
1785341457966618000,285149,26087992677,4096,4110,9.1156
1785341457975862900,285150,26088074337,4096,4110,9.2449
1785341457985506300,285151,26088077759,4096,4110,9.6434
1785341457994501800,285152,26088082441,4096,4110,8.9955
1785341458002669000,285153,26088087019,4096,4110,8.1672
1785341458011300000,285154,26088091358,4096,4110,8.631
1785341458019899300,285155,26088096156,4096,4110,8.5993
1785341458028689200,285156,26088154994,4096,4110,8.7899
1785341458038042500,285157,26088161260,4096,4110,9.3533
1785341458047552600,285158,26088165131,4096,4110,9.5101
1785341458266017200,285159,26088176427,4096,4110,218.4646
1785341522171913800,285489,26122073447,4096,4110,63905.8966
1785341522180416900,285490,26122078647,4096,4110,8.5031
1785341522189004800,285491,26122082965,4096,4110,8.5879
1785341522197734100,285492,26122087177,4096,4110,8.7293
1785341522205924700,285493,26122157254,4096,4110,8.1906
1785341522213843000,285494,26122172307,4096,4110,7.9183
1785341522222092800,285495,26122175692,4096,4110,8.2498
1785341522229607500,285496,26122182013,4096,4110,7.5147
1785341522239091500,285497,26122186707,4096,4110,9.484
1785341522247727900,285498,26122190974,4096,4110,8.6364
1785341522256883400,285499,26122195145,4096,4110,9.1555
1785341522265284200,285500,26122259116,4096,4110,8.4008
1785341522273821600,285501,26122263538,4096,4110,8.5374
1785341524790096500,285502,26122274323,4096,4110,2516.2749
1785341562723213900,285828,26155766597,4096,4110,37933.1174
1785341562731744800,285829,26155867615,4096,4110,8.5309
1785341562739606800,285830,26155871006,4096,4110,7.862
1785341562748053400,285831,26155875296,4096,4110,8.4466
1785341562756522500,285832,26155879865,4096,4110,8.4691
1785341562766460900,285833,26155944199,4096,4110,9.9384
1785341562775769900,285834,26155949857,4096,4110,9.309
1785341562784757500,285835,26155963315,4096,4110,8.9876
1785341562793542100,285836,26155966683,4096,4110,8.7846
1785341562802276300,285837,26155970970,4096,4110,8.7342
1785341562810950100,285838,26155975421,4096,4110,8.6738
1785341562819651700,285839,26155979647,4096,4110,8.7016
1785341562828313000,285840,26155983908,4096,4110,8.6613
1785341562837082600,285841,26156050392,4096,4110,8.7696
1785341562982156000,285842,26156053944,4096,4110,145.0734
1785341597107975100,286166,26189343540,4096,4110,34125.8191
1785341597117301500,286167,26189349224,4096,4110,9.3264
1785341597126764200,286168,26189353483,4096,4110,9.4627
1785341597136415100,286169,26189358141,4096,4110,9.6509
1785341597146047600,286170,26189366444,4096,4110,9.6325
1785341597155841200,286171,26189369814,4096,4110,9.7936
1785341597164567900,286172,26189436432,4096,4110,8.7267
1785341597172643800,286173,26189450906,4096,4110,8.0759
1785341597182415400,286174,26189454980,4096,4110,9.7716
1785341597191960500,286175,26189459289,4096,4110,9.5451
1785341597204391900,286176,26189463784,4096,4110,12.4314
1785341597213750500,286177,26189469413,4096,4110,9.3586
1785341597223144300,286178,26189534916,4096,4110,9.3938
1785341597231898700,286179,26189539116,4096,4110,8.7544
1785341597374535100,286180,26189558886,4096,4110,142.6364
1785341631090659400,286826,26256000460,4096,4110,33716.1243
1785341631100094000,286827,26256013182,4096,4110,9.4346
1785341631108738600,286828,26256018313,4096,4110,8.6446
1785341631117253400,286829,26256022855,4096,4110,8.5148
1785341631126129500,286830,26256030579,4096,4110,8.8761
1785341631134804700,286831,26256034054,4096,4110,8.6752
1785341631145074400,286832,26256111283,4096,4110,10.2697
1785341631152895400,286833,26256115584,4096,4110,7.821
1785341631161511500,286834,26256119930,4096,4110,8.6161
1785341631170004900,286835,26256127417,4096,4110,8.4934
1785341631178888400,286836,26256130792,4096,4110,8.8835
1785341631186502300,286837,26256207581,4096,4110,7.6139
1785341631195380400,286838,26256212257,4096,4110,8.8781
1785341631203462900,286839,26256219690,4096,4110,8.0825
1785341631350392400,286840,26256223074,4096,4110,146.9295
1785341664676736600,287208,26294031335,4096,4110,33326.3442
1785341664684928400,287209,26294105982,4096,4110,8.1918
1785341664693654400,287210,26294112589,4096,4110,8.726
1785341664701823300,287211,26294116795,4096,4110,8.1689
1785341664710989500,287212,26294121673,4096,4110,9.1662
1785341664720207600,287213,26294125732,4096,4110,9.2181
1785341664727929600,287214,26294197446,4096,4110,7.722
1785341664736794600,287215,26294202080,4096,4110,8.865
1785341664744660400,287216,26294208627,4096,4110,7.8658
1785341664753826200,287217,26294214862,4096,4110,9.1658
1785341664763251600,287218,26294219531,4096,4110,9.4254
1785341664772370900,287219,26294226624,4096,4110,9.1193
1785341664782348400,287220,26294230014,4096,4110,9.9775
1785341664792065000,287221,26294309571,4096,4110,9.7166
1785341664936279500,287222,26294313811,4096,4110,144.2145
1785341698342141000,287554,26328416328,4096,4110,33405.8615
1785341698350701800,287555,26328511355,4096,4110,8.5608
1785341698360472400,287556,26328515613,4096,4110,9.7706
1785341698369865100,287557,26328529852,4096,4110,9.3927
1785341698378354000,287558,26328596647,4096,4110,8.4889
1785341698387029100,287559,26328610345,4096,4110,8.6751
1785341698396183100,287560,26328613724,4096,4110,9.154
1785341698404038600,287561,26328625615,4096,4110,7.8555
1785341698411321200,287562,26328630036,4096,4110,7.2826
1785341698419604600,287563,26328634614,4096,4110,8.2834
1785341698428767700,287564,26328735316,4096,4110,9.1631
1785341698438070900,287565,26328800156,4096,4110,9.3032
1785341698447060900,287566,26328804533,4096,4110,8.99
1785341698456394000,287567,26328812884,4096,4110,9.3331
1785341698602698500,287568,26328831734,4096,4110,146.3045
1785341732723711600,287896,26362516332,4096,4110,34121.0131
1785341732733060000,287897,26362609975,4096,4110,9.3484
1785341732741722900,287898,26362614226,4096,4110,8.6629
1785341732750361800,287899,26362618806,4096,4110,8.6389
1785341732759377300,287900,26362629039,4096,4110,9.0155
1785341732767880100,287901,26362633768,4096,4110,8.5028
1785341732777067200,287902,26362704692,4096,4110,9.1871
1785341732785987700,287903,26362709010,4096,4110,8.9205
1785341732795071300,287904,26362714859,4096,4110,9.0836
1785341732804437400,287905,26362721277,4096,4110,9.3661
1785341732813760900,287906,26362725067,4096,4110,9.3235
1785341732822092300,287907,26362731647,4096,4110,8.3314
1785341732831224900,287908,26362735907,4096,4110,9.1326
1785341732839902500,287909,26362801423,4096,4110,8.6776
1785341732985898600,287910,26362816358,4096,4110,145.9961
1785341766521369100,288234,26396092566,4096,4110,33535.4705
1785341766529407400,288235,26396097011,4096,4110,8.0383
1785341766537876300,288236,26396104630,4096,4110,8.4689
1785341766546106900,288237,26396108003,4096,4110,8.2306
1785341766554868100,288238,26396112135,4096,4110,8.7612
1785341766562217400,288239,26396116408,4096,4110,7.3493
1785341766569969000,288240,26396188733,4096,4110,7.7516
1785341766577649200,288241,26396192952,4096,4110,7.6802
1785341766587227500,288242,26396199312,4096,4110,9.5783
1785341766596008900,288243,26396204375,4096,4110,8.7814
1785341766605295200,288244,26396208875,4096,4110,9.2863
1785341766613729500,288245,26396216401,4096,4110,8.4343
1785341766622201900,288246,26396219818,4096,4110,8.4724
1785341766630073800,288247,26396299543,4096,4110,7.8719
1785341766833473200,288248,26396304085,4096,4110,203.3994
1785341800390880000,288571,26429481336,4096,4110,33557.4068
1785341800398982100,288572,26429581322,4096,4110,8.1021
1785341800407412900,288573,26429589178,4096,4110,8.4308
1785341800417688600,288574,26429593567,4096,4110,10.2757
1785341800426407000,288575,26429598508,4096,4110,8.7184
1785341800435572700,288576,26429681883,4096,4110,9.1657
1785341800444718900,288577,26429686170,4096,4110,9.1462
1785341800453084500,288578,26429690349,4096,4110,8.3656
1785341800462158200,288579,26429696800,4096,4110,9.0737
1785341800472097900,288580,26429769638,4096,4110,9.9397
1785341800481300200,288581,26429773102,4096,4110,9.2023
1785341800490375200,288582,26429783989,4096,4110,9.075
1785341800499985100,288583,26429789168,4096,4110,9.6099
1785341800509753000,288584,26429793614,4096,4110,9.7679
1785341800650534200,288585,26429800629,4096,4110,140.7812
1785341835044136900,288917,26463900353,4096,4110,34393.6027
1785341835051814400,288918,26463990903,4096,4110,7.6775
1785341835059481300,288919,26463998041,4096,4110,7.6669
1785341835067243400,288920,26464001914,4096,4110,7.7621
1785341835074765300,288921,26464006041,4096,4110,7.5219
1785341835083516400,288922,26464081810,4096,4110,8.7511
1785341835091633900,288923,26464087224,4096,4110,8.1175
1785341835100602100,288924,26464091920,4096,4110,8.9682
1785341835109186700,288925,26464096315,4096,4110,8.5846
1785341835117508500,288926,26464102692,4096,4110,8.3218
1785341835125777100,288927,26464107363,4096,4110,8.2686
1785341835133970800,288928,26464111905,4096,4110,8.1937
1785341835141633300,288929,26464186686,4096,4110,7.6625
1785341835149521300,288930,26464190934,4096,4110,7.888
1785341835310610300,288931,26464195474,4096,4110,161.089
1785341869427734800,289260,26497988340,4096,4110,34117.1245
1785341869435479700,289261,26498083221,4096,4110,7.7449
1785341869444636100,289262,26498087465,4096,4110,9.1564
1785341869452702700,289263,26498091887,4096,4110,8.0666
1785341869461710500,289264,26498100376,4096,4110,9.0078
1785341869470372600,289265,26498103775,4096,4110,8.6621
1785341869480395800,289266,26498108055,4096,4110,10.0232
1785341869488573600,289267,26498185352,4096,4110,8.1778
1785341869496158100,289268,26498191373,4096,4110,7.5845
1785341869504467900,289269,26498196215,4096,4110,8.3098
1785341869512323500,289270,26498204233,4096,4110,7.8556
1785341869520771000,289271,26498207529,4096,4110,8.4475
1785341869529745400,289272,26498274741,4096,4110,8.9744
1785341869538750300,289273,26498286639,4096,4110,9.0049
1785341869694862800,289274,26498291956,4096,4110,156.1125
1785341902541627100,289601,26531876564,4096,4110,32846.7643
1785341902550739600,289602,26531881037,4096,4110,9.1125
1785341902559515100,289603,26531888810,4096,4110,8.7755
1785341902568693100,289604,26531892170,4096,4110,9.178
1785341902577672000,289605,26531896386,4096,4110,8.9789
1785341902586595800,289606,26531974501,4096,4110,8.9238
1785341902595616500,289607,26531978879,4096,4110,9.0207
1785341902604412400,289608,26531984797,4096,4110,8.7959
1785341902613770000,289609,26531989809,4096,4110,9.3576
1785341902623003700,289610,26531995497,4096,4110,9.2337
1785341902631776800,289611,26532002864,4096,4110,8.7731
1785341902640368900,289612,26532006285,4096,4110,8.5921
1785341902647197900,289613,26532077354,4096,4110,6.829
1785341902656008000,289614,26532083212,4096,4110,8.8101
1785341902808367100,289615,26532087217,4096,4110,152.3591
1785341935877145000,289947,26566185327,4096,4110,33068.7779
1785341935886693400,289948,26566286255,4096,4110,9.5484
1785341935895486500,289949,26566290822,4096,4110,8.7931
1785341935904329500,289950,26566295157,4096,4110,8.843
1785341935913358200,289951,26566302598,4096,4110,9.0287
1785341935921807800,289952,26566305955,4096,4110,8.4496
1785341935929392600,289953,26566382262,4096,4110,7.5848
1785341935937730900,289954,26566386519,4096,4110,8.3383
1785341935945406000,289955,26566391258,4096,4110,7.6751
1785341935954372100,289956,26566395611,4096,4110,8.9661
1785341935963828200,289957,26566403095,4096,4110,9.4561
1785341935973009700,289958,26566406435,4096,4110,9.1815
1785341935983454500,289959,26566475111,4096,4110,10.4448
1785341935992474300,289960,26566488282,4096,4110,9.0198
1785341936137403300,289961,26566492074,4096,4110,144.929
1785341970318257900,290293,26600590327,4096,4110,34180.8546
1785341970326227300,290294,26600694497,4096,4110,7.9694
1785341970334943100,290295,26600698673,4096,4110,8.7158
1785341970343046200,290296,26600703591,4096,4110,8.1031
1785341970351841700,290297,26600710675,4096,4110,8.7955
1785341970360741300,290298,26600714171,4096,4110,8.8996
1785341970370134500,290299,26600792696,4096,4110,9.3932
1785341970382485000,290300,26600797309,4096,4110,12.3505
1785341970390963400,290301,26600801721,4096,4110,8.4784
1785341970399547500,290302,26600808527,4096,4110,8.5841
1785341970407677400,290303,26600812089,4096,4110,8.1299
1785341970416098000,290304,26600816363,4096,4110,8.4206
1785341970424806400,290305,26600891863,4096,4110,8.7084
1785341970433724100,290306,26600896890,4096,4110,8.9177
1785341970578315100,290307,26600903017,4096,4110,144.591
1785342004328006300,290627,26633767568,4096,4110,33749.6912
1785342004335548700,290628,26633871469,4096,4110,7.5424
1785342004344372700,290629,26633875724,4096,4110,8.824
1785342004352324900,290630,26633880292,4096,4110,7.9522
1785342004361456000,290631,26633887458,4096,4110,9.1311
1785342004370593500,290632,26633890885,4096,4110,9.1375
1785342004380247600,290633,26633971753,4096,4110,9.6541
1785342004395200200,290634,26633976054,4096,4110,14.9526
1785342004403548800,290635,26633981090,4096,4110,8.3486
1785342004412349200,290636,26633985566,4096,4110,8.8004
1785342004420792700,290637,26633992685,4096,4110,8.4435
1785342004429986000,290638,26633996063,4096,4110,9.1933
1785342004438241100,290639,26634075578,4096,4110,8.2551
1785342004446951000,290640,26634080529,4096,4110,8.7099
1785342004597608000,290641,26634086355,4096,4110,150.657
1785342037743468600,290964,26667259397,4096,4110,33145.8606
1785342037751732000,290965,26667355716,4096,4110,8.2634
1785342037759517500,290966,26667362291,4096,4110,7.7855
1785342037767352500,290967,26667366074,4096,4110,7.835
1785342037775032600,290968,26667372301,4096,4110,7.6801
1785342037784599900,290969,26667376632,4096,4110,9.5673
1785342037793378400,290970,26667440419,4096,4110,8.7785
1785342037801787100,290971,26667444753,4096,4110,8.4087
1785342037810347800,290972,26667456303,4096,4110,8.5607
1785342037819307800,290973,26667464219,4096,4110,8.96
1785342037828464300,290974,26667470769,4096,4110,9.1565
1785342037838701600,290975,26667550445,4096,4110,10.2373
1785342037850118500,290976,26667558322,4096,4110,11.4169
1785342037860330000,290977,26667562603,4096,4110,10.2115
1785342038059330000,290978,26667568611,4096,4110,199.0
1785342071780319200,291310,26701671330,4096,4110,33720.9892
1785342071789154200,291311,26701767734,4096,4110,8.835
1785342071798401200,291312,26701781683,4096,4110,9.247
1785342071807302700,291313,26701785116,4096,4110,8.9015
1785342071815293100,291314,26701849981,4096,4110,7.9904
1785342071823796900,291315,26701860329,4096,4110,8.5038
1785342071830549600,291316,26701865152,4096,4110,6.7527
1785342071838428200,291317,26701869721,4096,4110,7.8786
1785342071848059200,291318,26701881370,4096,4110,9.631
1785342071856206400,291319,26701949119,4096,4110,8.1472
1785342071864952300,291320,26701953026,4096,4110,8.7459
1785342071872545000,291321,26701965415,4096,4110,7.5927
1785342071881096300,291322,26701969700,4096,4110,8.5513
1785342071890602100,291323,26701974589,4096,4110,9.5058
1785342072036530500,291324,26701980675,4096,4110,145.9284
1785342106152270900,291650,26735462332,4096,4110,34115.7404
1785342106160857000,291651,26735555866,4096,4110,8.5861
1785342106168941300,291652,26735560103,4096,4110,8.0843
1785342106177434200,291653,26735564175,4096,4110,8.4929
1785342106185366300,291654,26735568352,4096,4110,7.9321
1785342106193207800,291655,26735572490,4096,4110,7.8415
1785342106201582800,291656,26735577238,4096,4110,8.375
1785342106209633200,291657,26735649911,4096,4110,8.0504
1785342106218459800,291658,26735654089,4096,4110,8.8266
1785342106227747500,291659,26735658673,4096,4110,9.2877
1785342106236767600,291660,26735666299,4096,4110,9.0201
1785342106245819800,291661,26735669751,4096,4110,9.0522
1785342106253983200,291662,26735673841,4096,4110,8.1634
1785342106263720900,291663,26735678115,4096,4110,9.7377
1785342106457231100,291664,26735752977,4096,4110,193.5102
1785342139069145400,291988,26769025497,4096,4110,32611.9143
1785342139077994100,291989,26769044212,4096,4110,8.8487
1785342139086580200,291990,26769048740,4096,4110,8.5861
1785342139094583600,291991,26769052944,4096,4110,8.0034
1785342139101851100,291992,26769059242,4096,4110,7.2675
1785342139109235400,291993,26769123711,4096,4110,7.3843
1785342139117036100,291994,26769137440,4096,4110,7.8007
1785342139124814400,291995,26769140985,4096,4110,7.7783
1785342139131579600,291996,26769148156,4096,4110,6.7652
1785342139139880900,291997,26769151498,4096,4110,8.3013
1785342139147500700,291998,26769160388,4096,4110,7.6198
1785342139155671200,291999,26769165019,4096,4110,8.1705
1785342139163991400,292000,26769237256,4096,4110,8.3202
1785342139172571100,292001,26769243631,4096,4110,8.5797
1785342139339081100,292002,26769247723,4096,4110,166.51
1785342172788895800,292331,26803041330,4096,4110,33449.8147
1785342172799147000,292332,26803137848,4096,4110,10.2512
1785342172808831900,292333,26803142600,4096,4110,9.6849
1785342172816458800,292334,26803147055,4096,4110,7.6269
1785342172825554900,292335,26803154083,4096,4110,9.0961
1785342172835020300,292336,26803157453,4096,4110,9.4654
1785342172843780500,292337,26803226101,4096,4110,8.7602
1785342172852123900,292338,26803243046,4096,4110,8.3434
1785342172859784900,292339,26803247724,4096,4110,7.661
1785342172867402700,292340,26803251939,4096,4110,7.6178
1785342172876157100,292341,26803259101,4096,4110,8.7544
1785342172885271300,292342,26803262445,4096,4110,9.1142
1785342172892993500,292343,26803349925,4096,4110,7.7222
1785342172901578000,292344,26803354130,4096,4110,8.5845
1785342173108148100,292345,26803358296,4096,4110,206.5701
1785342207059850800,292677,26837462332,4096,4110,33951.7027
1785342207069273900,292678,26837548399,4096,4110,9.4231
1785342207078339600,292679,26837551730,4096,4110,9.0657
1785342207086700800,292680,26837556664,4096,4110,8.3612
1785342207095284000,292681,26837560869,4096,4110,8.5832
1785342207103584700,292682,26837565545,4096,4110,8.3007
1785342207112548600,292683,26837632125,4096,4110,8.9639
1785342207121439700,292684,26837644182,4096,4110,8.8911
1785342207130724400,292685,26837648983,4096,4110,9.2847
1785342207139379500,292686,26837653376,4096,4110,8.6551
1785342207148840900,292687,26837660663,4096,4110,9.4614
1785342207158016600,292688,26837667130,4096,4110,9.1757
1785342207166378600,292689,26837670983,4096,4110,8.362
1785342207174947400,292690,26837744070,4096,4110,8.5688
1785342207329851100,292691,26837748312,4096,4110,154.9037
1785342240470553200,293009,26870405480,4096,4110,33140.7021
1785342240478897200,293010,26870417186,4096,4110,8.344
1785342240486184300,293011,26870435828,4096,4110,7.2871
1785342240495188700,293012,26870500889,4096,4110,9.0044
1785342240503017000,293013,26870517651,4096,4110,7.8283
1785342240511007900,293014,26870524380,4096,4110,7.9909
1785342240519544000,293015,26870531448,4096,4110,8.5361
1785342240528185200,293016,26870534995,4096,4110,8.6412
1785342240535981800,293017,26870540556,4096,4110,7.7966
1785342240544603200,293018,26870603670,4096,4110,8.6214
1785342240553103800,293019,26870614896,4096,4110,8.5006
1785342240562017900,293020,26870619301,4096,4110,8.9141
1785342240569695000,293021,26870624200,4096,4110,7.6771
1785342240581537000,293022,26870628639,4096,4110,11.842
1785342240731374200,293023,26870636406,4096,4110,149.8372
1785342273752996300,293349,26904119351,4096,4110,33021.6221
1785342273762648000,293350,26904211837,4096,4110,9.6517
1785342273771959100,293351,26904216017,4096,4110,9.3111
1785342302197488500,293354,26904429328,4096,4110,28425.5294
1785342302207003300,293355,26904510269,4096,4110,9.5148
1785342302216120000,293356,26904519694,4096,4110,9.1167
1785342302224794500,293357,26904527262,4096,4110,8.6745
1785342302233133300,293358,26904530595,4096,4110,8.3388
1785342302241149100,293359,26904534795,4096,4110,8.0158
1785342302248955400,293360,26904595146,4096,4110,7.8063
1785342302257315600,293361,26904599599,4096,4110,8.3602
1785342302268920800,293362,26904613768,4096,4110,11.6052
1785342302279490600,293363,26904617204,4096,4110,10.5698
1785342303909974300,293364,26904621473,4096,4110,1630.4837
1785342345103200900,293691,26938206405,4096,4110,41193.2266
1785342345111675600,293692,26938308424,4096,4110,8.4747
1785342345120104600,293693,26938313536,4096,4110,8.429
1785342345128558700,293694,26938318050,4096,4110,8.4541
1785342345136565000,293695,26938325340,4096,4110,8.0063
1785342345144831900,293696,26938328713,4096,4110,8.2669
1785342345152075900,293697,26938405839,4096,4110,7.244
1785342345164217600,293698,26938415643,4096,4110,12.1417
1785342345173210400,293699,26938419686,4096,4110,8.9928
1785342345182002500,293700,26938423908,4096,4110,8.7921
1785342345191824800,293701,26938429669,4096,4110,9.8223
1785342345201420500,293702,26938433941,4096,4110,9.5957
1785342345210575400,293703,26938505735,4096,4110,9.1549
1785342345219168600,293704,26938510078,4096,4110,8.5932
1785342345375562100,293705,26938515395,4096,4110,156.3935
1785342378242585600,294028,26971689553,4096,4110,32867.0235
1785342378251351400,294029,26971791395,4096,4110,8.7658
1785342378260129700,294030,26971795545,4096,4110,8.7783
1785342378268945600,294031,26971799779,4096,4110,8.8159
1785342378278056700,294032,26971807139,4096,4110,9.1111
1785342378285574100,294033,26971810891,4096,4110,7.5174
1785342378293536500,294034,26971875527,4096,4110,7.9624
1785342378301592400,294035,26971887409,4096,4110,8.0559
1785342378309504800,294036,26971897776,4096,4110,7.9124
1785342378317447400,294037,26971901120,4096,4110,7.9426
1785342378325344900,294038,26971907978,4096,4110,7.8975
1785342378332608500,294039,26971912442,4096,4110,7.2636
1785342378340126200,294040,26971916694,4096,4110,7.5177
1785342378347958300,294041,26971982043,4096,4110,7.8321
1785342378494786900,294042,26971998270,4096,4110,146.8286
1785342411316781400,294655,27035040327,4096,4110,32821.9945
1785342411325536500,294656,27035075914,4096,4110,8.7551
1785342411332918200,294657,27035083520,4096,4110,7.3817
1785342411340249600,294658,27035086895,4096,4110,7.3314
1785342411347667100,294659,27035094712,4096,4110,7.4175
1785342411356152500,294660,27035160540,4096,4110,8.4854
1785342411365020300,294661,27035164952,4096,4110,8.8678
1785342411374570700,294662,27035176704,4096,4110,9.5504
1785342411383371500,294663,27035183636,4096,4110,8.8008
1785342411392145800,294664,27035187022,4096,4110,8.7743
1785342411400871300,294665,27035191697,4096,4110,8.7255
1785342411409644500,294666,27035196162,4096,4110,8.7732
1785342411418870500,294667,27035263682,4096,4110,9.226
1785342411428508300,294668,27035274546,4096,4110,9.6378
1785342411569082100,294669,27035279955,4096,4110,140.5738
1785342445979547100,295070,27076490332,4096,4110,34410.465
1785342445988481100,295071,27076548804,4096,4110,8.934
1785342445997945800,295072,27076552931,4096,4110,9.4647
1785342446007011900,295073,27076557593,4096,4110,9.0661
1785342446017861500,295074,27076565318,4096,4110,10.8496
1785342446031447900,295075,27076568682,4096,4110,13.5864
1785342446040675300,295076,27076651348,4096,4110,9.2274
1785342446050316700,295077,27076655504,4096,4110,9.6414
1785342446059071400,295078,27076660045,4096,4110,8.7547
1785342446067735200,295079,27076665752,4096,4110,8.6638
1785342446076978200,295080,27076740418,4096,4110,9.243
1785342446086377800,295081,27076743982,4096,4110,9.3996
1785342446094836100,295082,27076749863,4096,4110,8.4583
1785342446104140300,295083,27076755073,4096,4110,9.3042
1785342446254889000,295084,27076759589,4096,4110,150.7487
1785342479991878300,295405,27109727076,4096,4110,33736.9893
1785342480000313600,295406,27109730816,4096,4110,8.4353
1785342480011514500,295407,27109740790,4096,4110,11.2009
1785342480021390200,295408,27109744386,4096,4110,9.8757
1785342480030362000,295409,27109748777,4096,4110,8.9718
1785342480038654300,295410,27109812204,4096,4110,8.2923
1785342480046744000,295411,27109816470,4096,4110,8.0897
1785342480056132100,295412,27109825528,4096,4110,9.3881
1785342480065542300,295413,27109831538,4096,4110,9.4102
1785342480074870300,295414,27109835089,4096,4110,9.328
1785342480083708500,295415,27109839308,4096,4110,8.8382
1785342480091853100,295416,27109843916,4096,4110,8.1446
1785342480099562100,295417,27109850487,4096,4110,7.709
1785342480108925700,295418,27109911402,4096,4110,9.3636
1785342480258977100,295419,27109923810,4096,4110,150.0514
1785342513515101800,295737,27142582472,4096,4110,33256.1247
1785342513524307200,295738,27142601763,4096,4110,9.2054
1785342513533232000,295739,27142607855,4096,4110,8.9248
1785342513541827400,295740,27142612329,4096,4110,8.5954
1785342513550286400,295741,27142619683,4096,4110,8.459
1785342513558846000,295742,27142679668,4096,4110,8.5596
1785342513570343200,295743,27142685064,4096,4110,11.4972
1785342513579720200,295744,27142694897,4096,4110,9.377
1785342513591072300,295745,27142699199,4096,4110,11.3521
1785342513600117000,295746,27142704322,4096,4110,9.0447
1785342513609136100,295747,27142711260,4096,4110,9.0191
1785342513617763200,295748,27142717801,4096,4110,8.6271
1785342513626360700,295749,27142721237,4096,4110,8.5975
1785342513634246900,295750,27142806918,4096,4110,7.8862
1785342513819240700,295751,27142811357,4096,4110,184.9938
1785342547912495800,296086,27177220405,4096,4110,34093.2551
1785342547922305100,296087,27177315053,4096,4110,9.8093
1785342551757191500,296090,27177525329,4096,4110,3834.8864
1785342551766083000,296091,27177622771,4096,4110,8.8915
1785342555582795200,296094,27177833699,4096,4110,3816.7122
1785342555591757900,296095,27177919856,4096,4110,8.9627
1785342555600492900,296096,27177924143,4096,4110,8.735
1785342555609068100,296097,27177930132,4096,4110,8.5752
1785342555617724300,296098,27177937662,4096,4110,8.6562
1785342555626158100,296099,27177941006,4096,4110,8.4338
1785342555634377500,296100,27177946030,4096,4110,8.2194
1785342555643026400,296101,27178007430,4096,4110,8.6489
1785342555652252700,296102,27178010937,4096,4110,9.2263
1785342555661125800,296103,27178024037,4096,4110,8.8731
1785342555815008200,296104,27178030423,4096,4110,153.8824
1785342575192710700,296429,27211407548,4096,4110,19377.7025
1785342575195241400,296430,27211411953,4096,4110,2.5307
1785342575197752800,296431,27211421022,4096,4110,2.5114
1785342575200300100,296432,27211424529,4096,4110,2.5473
1785342575202971400,296433,27211431305,4096,4110,2.6713
1785342575205993500,296434,27211434723,4096,4110,3.0221
1785342575208776600,296435,27211494228,4096,4110,2.7831
1785342575211478000,296436,27211498727,4096,4110,2.7014
1785342575214031100,296437,27211509693,4096,4110,2.5531
1785342575216663400,296438,27211514870,4096,4110,2.6323
1785342575219712600,296439,27211519954,4096,4110,3.0492
1785342575222472400,296440,27211528804,4096,4110,2.7598
1785342575225074500,296441,27211532184,4096,4110,2.6021
1785342575227632900,296442,27211596512,4096,4110,2.5584
1785342575374287400,296443,27211600824,4096,4110,146.6545
1785342585722976500,296767,27244879274,4096,4110,10348.6891
1785342585725635300,296768,27244893242,4096,4110,2.6588
1785342585728136000,296769,27244898462,4096,4110,2.5007
1785342585730677000,296770,27244903016,4096,4110,2.541
1785342585733230300,296771,27244910080,4096,4110,2.5533
1785342585735699300,296772,27244913426,4096,4110,2.469
1785342585738142300,296773,27244917728,4096,4110,2.443
1785342585740720200,296774,27244992466,4096,4110,2.5779
1785342585743240600,296775,27244996729,4096,4110,2.5204
1785342585745837500,296776,27245002981,4096,4110,2.5969
1785342585748402600,296777,27245007603,4096,4110,2.5651
1785342585750892000,296778,27245011878,4096,4110,2.4894
1785342585753466700,296779,27245016073,4096,4110,2.5747
1785342585756033200,296780,27245020858,4096,4110,2.5665
1785342585896927700,296781,27245092378,4096,4110,140.8945
1785342596553959900,297188,27286918330,4096,4110,10657.0322
1785342596556484600,297189,27286982967,4096,4110,2.5247
1785342596559196200,297190,27286987070,4096,4110,2.7116
1785342596561741300,297191,27287000372,4096,4110,2.5451
1785342596564162500,297192,27287004501,4096,4110,2.4212
1785342596566688500,297193,27287079958,4096,4110,2.526
1785342596569166600,297194,27287085176,4096,4110,2.4781
1785342596571699000,297195,27287089169,4096,4110,2.5324
1785342596574205000,297196,27287096888,4096,4110,2.506
1785342596576714900,297197,27287100269,4096,4110,2.5099
1785342596579232700,297198,27287104383,4096,4110,2.5178
1785342596581765400,297199,27287165040,4096,4110,2.5327
1785342596584209600,297200,27287169444,4096,4110,2.4442
1785342596586708700,297201,27287181664,4096,4110,2.4991
1785342596731501700,297202,27287186003,4096,4110,144.793
1785342607021439000,297388,27306248400,4096,4110,10289.9373
1785342611385726700,297391,27306557884,4096,4110,4364.2877
1785342611388399400,297392,27306638529,4096,4110,2.6727
1785342611391100900,297393,27306642735,4096,4110,2.7015
1785342611393694800,297394,27306648882,4096,4110,2.5939
1785342611396175700,297395,27306654786,4096,4110,2.4809
1785342611400464600,297396,27306658941,4096,4110,4.2889
1785342611403138400,297397,27306721187,4096,4110,2.6738
1785342611406188200,297398,27306740293,4096,4110,3.0498
1785342611408741800,297399,27306743721,4096,4110,2.5536
1785342611411557900,297400,27306748949,4096,4110,2.8161
1785342611414689400,297401,27306753685,4096,4110,3.1315
1785342611417257300,297402,27306758256,4096,4110,2.5679
1785342611420689800,297403,27306762441,4096,4110,3.4325
1785342611557676700,297404,27306767416,4096,4110,136.9869
1785342617535360100,297504,27317028346,4096,4110,5977.6834
1785342617537948600,297505,27317086571,4096,4110,2.5885
1785342617540393700,297506,27317093436,4096,4110,2.4451
1785342617542896400,297507,27317097439,4096,4110,2.5027
1785342617545423300,297508,27317101670,4096,4110,2.5269
1785342617547859100,297509,27317106398,4096,4110,2.4358
1785342617550346500,297510,27317156765,4096,4110,2.4874
1785342617552818400,297511,27317163921,4096,4110,2.4719
1785342617555343300,297512,27317168221,4096,4110,2.5249
1785342617557855600,297513,27317174211,4096,4110,2.5123
1785342617560412900,297514,27317184474,4096,4110,2.5573
1785342617562963300,297515,27317189057,4096,4110,2.5504
1785342617565433100,297516,27317195727,4096,4110,2.4698
1785342617567893500,297517,27317199983,4096,4110,2.4604
1785342617713580100,297518,27317204309,4096,4110,145.6866
1785342628030372800,297622,27327818337,4096,4110,10316.7927
1785342628032917700,297623,27327845830,4096,4110,2.5449
1785342628035559000,297624,27327851478,4096,4110,2.6413
1785342628038146000,297625,27327856181,4096,4110,2.587
1785342628040651700,297626,27327860987,4096,4110,2.5057
1785342628043218900,297627,27327918345,4096,4110,2.5672
1785342628045770700,297628,27327923146,4096,4110,2.5518
1785342628048338100,297629,27327927404,4096,4110,2.5674
1785342628051141700,297630,27327938375,4096,4110,2.8036
1785342628053757400,297631,27327942638,4096,4110,2.6157
1785342628056463800,297632,27327947634,4096,4110,2.7064
1785342628059145800,297633,27327952135,4096,4110,2.682
1785342628061629600,297634,27327956294,4096,4110,2.4838
1785342628064288300,297635,27327960923,4096,4110,2.6587
1785342628303263600,297636,27328006100,4096,4110,238.9753
1785342638878196500,297778,27342534332,4096,4110,10574.9329
1785342638880743300,297779,27342596009,4096,4110,2.5468
1785342638883207700,297780,27342603527,4096,4110,2.4644
1785342638886096400,297781,27342657384,4096,4110,2.8887
1785342638888674000,297782,27342661688,4096,4110,2.5776
1785342638891265900,297783,27342682370,4096,4110,2.5919
1785342638893893600,297784,27342710160,4096,4110,2.6277
1785342638896425600,297785,27342713593,4096,4110,2.532
1785342638899105900,297786,27342757259,4096,4110,2.6803
1785342638901558000,297787,27342767490,4096,4110,2.4521
1785342638904048900,297788,27342777727,4096,4110,2.4909
1785342638906785900,297789,27342784435,4096,4110,2.737
1785342638909335600,297790,27342794451,4096,4110,2.5497
1785342638911896700,297791,27342797849,4096,4110,2.5611
1785342639062110100,297792,27342801908,4096,4110,150.2134
1785342649662788200,297850,27348677330,4096,4110,10600.6781
1785342649665859300,297851,27348723682,4096,4110,3.0711
1785342649668501700,297852,27348727864,4096,4110,2.6424
1785342649670934500,297853,27348735355,4096,4110,2.4328
1785342649673620700,297854,27348740206,4096,4110,2.6862
1785342649676168700,297855,27348744814,4096,4110,2.548
1785342649678962600,297856,27348748942,4096,4110,2.7939
1785342649682002200,297857,27348794665,4096,4110,3.0396
1785342649684492800,297858,27348799245,4096,4110,2.4906
1785342649688028200,297859,27348807023,4096,4110,3.5354
1785342649690582500,297860,27348810384,4096,4110,2.5543
1785342649693267900,297861,27348814572,4096,4110,2.6854
1785342649695822800,297862,27348825267,4096,4110,2.5549
1785342649698658300,297863,27348835208,4096,4110,2.8355
1785342649845166900,297864,27348838967,4096,4110,146.5086
1785342660382478500,297968,27359452330,4096,4110,10537.3116
1785342660385233800,297969,27359485585,4096,4110,2.7553
1785342660387702100,297970,27359489788,4096,4110,2.4683
1785342660390240600,297971,27359494595,4096,4110,2.5385
1785342660392723400,297972,27359498818,4096,4110,2.4828
1785342660395276500,297973,27359503266,4096,4110,2.5531
1785342660397787700,297974,27359556876,4096,4110,2.5112
1785342660400529000,297975,27359563527,4096,4110,2.7413
1785342660403104600,297976,27359567613,4096,4110,2.5756
1785342660406016800,297977,27359578014,4096,4110,2.9122
1785342660408633400,297978,27359587509,4096,4110,2.6166
1785342660411477400,297979,27359591015,4096,4110,2.844
1785342660414521800,297980,27359598278,4096,4110,3.0444
1785342660417055000,297981,27359602781,4096,4110,2.5332
1785342660565310700,297982,27359607429,4096,4110,148.2557
1785342672304884900,298085,27370161347,4096,4110,11739.5742
1785342672307440400,298086,27370231746,4096,4110,2.5555
1785342672310857900,298087,27370237542,4096,4110,3.4175
1785342672313496800,298088,27370242068,4096,4110,2.6389
1785342672316380000,298089,27370248116,4096,4110,2.8832
1785342672319027500,298090,27370256509,4096,4110,2.6475
1785342672321530000,298091,27370301408,4096,4110,2.5025
1785342672325633000,298092,27370304789,4096,4110,4.103
1785342672328194600,298093,27370309081,4096,4110,2.5616
1785342672331146400,298094,27370314213,4096,4110,2.9518
1785342672333862100,298095,27370319558,4096,4110,2.7157
1785342672336570800,298096,27370330703,4096,4110,2.7087
1785342672339359500,298097,27370339756,4096,4110,2.7887
1785342672341935700,298098,27370343414,4096,4110,2.5762
1785342672488703400,298099,27370352484,4096,4110,146.7677
1785342683140137400,298203,27380965346,4096,4110,10651.434
1785342683142721100,298204,27380987550,4096,4110,2.5837
1785342683145738200,298205,27380997258,4096,4110,3.0171
1785342683148213100,298206,27381000758,4096,4110,2.4749
1785342683150745800,298207,27381050375,4096,4110,2.5327
1785342683153949900,298208,27381053942,4096,4110,3.2041
1785342683156461000,298209,27381058617,4096,4110,2.5111
1785342683159369200,298210,27381065186,4096,4110,2.9082
1785342683161952000,298211,27381069480,4096,4110,2.5828
1785342683164670100,298212,27381074013,4096,4110,2.7181
1785342683168192200,298213,27381085190,4096,4110,3.5221
1785342683170889100,298214,27381090625,4096,4110,2.6969
1785342683173702900,298215,27381096175,4096,4110,2.8138
1785342683176198200,298216,27381103404,4096,4110,2.4953
1785342683319520400,298217,27381106778,4096,4110,143.3222
1785342693777744900,298321,27391719333,4096,4110,10458.2245
1785342693780786900,298322,27391736518,4096,4110,3.042
1785342693783692800,298323,27391741394,4096,4110,2.9059
1785342693786909800,298324,27391745995,4096,4110,3.217
1785342693789555400,298325,27391750202,4096,4110,2.6456
1785342693792451400,298326,27391757469,4096,4110,2.896
1785342693795421200,298327,27391815029,4096,4110,2.9698
1785342693798225300,298328,27391820080,4096,4110,2.8041
1785342693800976200,298329,27391824322,4096,4110,2.7509
1785342693803523200,298330,27391836393,4096,4110,2.547
1785342693806033400,298331,27391843912,4096,4110,2.5102
1785342693808858300,298332,27391848402,4096,4110,2.8249
1785342693811448200,298333,27391853388,4096,4110,2.5899
1785342693813970900,298334,27391859796,4096,4110,2.5227
1785342693955026000,298335,27391917315,4096,4110,141.0551
1785342704762588700,298450,27403664347,4096,4110,10807.5627
1785342704765098300,298451,27403717798,4096,4110,2.5096
1785342704768066300,298452,27403722456,4096,4110,2.968
1785342704771020000,298453,27403814487,4096,4110,2.9537
1785342704773528800,298454,27403824116,4096,4110,2.5088
1785342704776559300,298455,27403827487,4096,4110,3.0305
1785342704779225400,298456,27403929596,4096,4110,2.6661
1785342704781974500,298457,27404023227,4096,4110,2.7491
1785342704784508300,298458,27404026681,4096,4110,2.5338
1785342704787069900,298459,27404031308,4096,4110,2.5616
1785342704789733600,298460,27404120511,4096,4110,2.6637
1785342704792303600,298461,27404124960,4096,4110,2.57
1785342704794745500,298462,27404131303,4096,4110,2.4419
1785342704797563100,298463,27404136030,4096,4110,2.8176
1785342704936206500,298464,27404224179,4096,4110,138.6434
1785342715492854400,298564,27414425330,4096,4110,10556.6479
1785342715495424800,298565,27414468219,4096,4110,2.5704
1785342715497927200,298566,27414472440,4096,4110,2.5024
1785342715500808200,298567,27414477006,4096,4110,2.881
1785342715503527000,298568,27414568438,4096,4110,2.7188
1785342715505987300,298569,27414573603,4096,4110,2.4603
1785342715508746300,298570,27414668525,4096,4110,2.759
1785342715511309000,298571,27414675516,4096,4110,2.5627
1785342715513800000,298572,27414678916,4096,4110,2.491
1785342715516339700,298573,27414773686,4096,4110,2.5397
1785342715519040300,298574,27414777902,4096,4110,2.7006
1785342715521997300,298575,27414784065,4096,4110,2.957
1785342715524586500,298576,27414874580,4096,4110,2.5892
1785342715527066900,298577,27414878872,4096,4110,2.4804
1785342722451889400,298579,27414988920,4096,4110,6924.8225
1785342726253320600,298678,27425175330,4096,4110,3801.4312
1785342726256315600,298679,27425219786,4096,4110,2.995
1785342726258904500,298680,27425223992,4096,4110,2.5889
1785342726261786800,298681,27425229005,4096,4110,2.8823
1785342726264311800,298682,27425236373,4096,4110,2.525
1785342726266955800,298683,27425239712,4096,4110,2.644
1785342726269602100,298684,27425243937,4096,4110,2.6463
1785342726272167100,298685,27425310039,4096,4110,2.565
1785342726274750400,298686,27425327251,4096,4110,2.5833
1785342726277460300,298687,27425330545,4096,4110,2.7099
1785342726280028400,298688,27425334824,4096,4110,2.5681
1785342726282879400,298689,27425339109,4096,4110,2.851
1785342726285623300,298690,27425343686,4096,4110,2.7439
1785342726288380100,298691,27425348126,4096,4110,2.7568
1785342726436644700,298692,27425412518,4096,4110,148.2646
1785342736969235000,298795,27435927332,4096,4110,10532.5903
1785342736972205000,298796,27435973797,4096,4110,2.97
1785342736974758400,298797,27435978033,4096,4110,2.5534
1785342736977805200,298798,27435985099,4096,4110,3.0468
1785342736980679100,298799,27435989486,4096,4110,2.8739
1785342736983294700,298800,27436048662,4096,4110,2.6156
1785342736985904200,298801,27436052378,4096,4110,2.6095
1785342736988475700,298802,27436059521,4096,4110,2.5715
1785342736991021600,298803,27436062832,4096,4110,2.5459
1785342736993640900,298804,27436073328,4096,4110,2.6193
1785342736996377000,298805,27436077651,4096,4110,2.7361
1785342736999779300,298806,27436084092,4096,4110,3.4023
1785342737002354300,298807,27436090353,4096,4110,2.575
1785342737004884000,298808,27436094602,4096,4110,2.5297
1785342737143162900,298809,27436099350,4096,4110,138.2789
1785342747613084200,298912,27446661332,4096,4110,10469.9213
1785342747615766500,298913,27446725990,4096,4110,2.6823
1785342747618352000,298914,27446735318,4096,4110,2.5855
1785342747621811500,298915,27446739487,4096,4110,3.4595
1785342747624746500,298916,27446743739,4096,4110,2.935
1785342747627850900,298917,27446800492,4096,4110,3.1044
1785342747631088600,298918,27446807309,4096,4110,3.2377
1785342747635230000,298919,27446810723,4096,4110,4.1414
1785342747638329100,298920,27446814990,4096,4110,3.0991
1785342747641261100,298921,27446826798,4096,4110,2.932
1785342747643766900,298922,27446831035,4096,4110,2.5058
1785342747646299500,298923,27446837892,4096,4110,2.5326
1785342747649075000,298924,27446842768,4096,4110,2.7755
1785342747651702600,298925,27446847020,4096,4110,2.6276
1785342747805087700,298926,27446851288,4096,4110,153.3851
1785342758286610800,299029,27457404361,4096,4110,10481.5231
1785342758289504100,299030,27457490957,4096,4110,2.8933
1785342758292844600,299031,27457498264,4096,4110,3.3405
1785342758296205400,299032,27457501789,4096,4110,3.3608
1785342758298730100,299033,27457553886,4096,4110,2.5247
1785342758301315000,299034,27457558141,4096,4110,2.5849
1785342758304008400,299035,27457568019,4096,4110,2.6934
1785342758306600100,299036,27457583618,4096,4110,2.5917
1785342758309452800,299037,27457589793,4096,4110,2.8527
1785342758312171600,299038,27457595893,4096,4110,2.7188
1785342758314692100,299039,27457599652,4096,4110,2.5205
1785342758317369400,299040,27457604426,4096,4110,2.6773
1785342758320018000,299041,27457652670,4096,4110,2.6486
1785342758322666800,299042,27457656969,4096,4110,2.6488
1785342758477125600,299043,27457676707,4096,4110,154.4588
1785342768910878000,299146,27468191330,4096,4110,10433.7524
1785342768913570300,299147,27468230760,4096,4110,2.6923
1785342768916154200,299148,27468235257,4096,4110,2.5839
1785342768918683300,299149,27468239756,4096,4110,2.5291
1785342768921181800,299150,27468244481,4096,4110,2.4985
1785342768923750400,299151,27468248620,4096,4110,2.5686
1785342768926304500,299152,27468253112,4096,4110,2.5541
1785342768928748000,299153,27468296759,4096,4110,2.4435
1785342768931275300,299154,27468301199,4096,4110,2.5273
1785342768933882700,299155,27468305765,4096,4110,2.6074
1785342768936881000,299156,27468310274,4096,4110,2.9983
1785342768940363200,299157,27468314958,4096,4110,3.4822
1785342768943160300,299158,27468319265,4096,4110,2.7971
1785342768945961700,299159,27468331975,4096,4110,2.8014
1785342769102341700,299160,27468338151,4096,4110,156.38
1785342779760672400,299264,27478953549,4096,4110,10658.3307
1785342779763216800,299265,27478981953,4096,4110,2.5444
1785342779765743300,299266,27478987240,4096,4110,2.5265
1785342779768616200,299267,27478991904,4096,4110,2.8729
1785342779771170300,299268,27478999418,4096,4110,2.5541
1785342779773850100,299269,27479002752,4096,4110,2.6798
1785342779776446100,299270,27479007134,4096,4110,2.596
1785342779778989700,299271,27479049761,4096,4110,2.5436
1785342779781993000,299272,27479054013,4096,4110,3.0033
1785342779784596800,299273,27479061005,4096,4110,2.6038
1785342779787235000,299274,27479064490,4096,4110,2.6382
1785342779790034700,299275,27479069423,4096,4110,2.7997
1785342779792552100,299276,27479078935,4096,4110,2.5174
1785342779795756200,299277,27479086341,4096,4110,3.2041
1785342779924129200,299278,27479089735,4096,4110,128.373
1785342790273579300,299382,27489705330,4096,4110,10349.4501
1785342790276098000,299383,27489733821,4096,4110,2.5187
1785342790279096900,299384,27489740729,4096,4110,2.9989
1785342790281621100,299385,27489745374,4096,4110,2.5242
1785342790284161600,299386,27489749970,4096,4110,2.5405
1785342790286794900,299387,27489754189,4096,4110,2.6333
1785342790289447500,299388,27489758405,4096,4110,2.6526
1785342790292337700,299389,27489802829,4096,4110,2.8902
1785342790294996800,299390,27489807064,4096,4110,2.6591
1785342790297682800,299391,27489811248,4096,4110,2.686
1785342790300240000,299392,27489815493,4096,4110,2.5572
1785342790302835800,299393,27489822444,4096,4110,2.5958
1785342790305923700,299394,27489825957,4096,4110,3.0879
1785342790308520000,299395,27489832897,4096,4110,2.5963
1785342790441039600,299396,27489837143,4096,4110,132.5196
1785342800719050700,299497,27500142343,4096,4110,10278.0111
1785342800721572500,299498,27500180586,4096,4110,2.5218
1785342800724222700,299499,27500187407,4096,4110,2.6502
1785342800726885700,299500,27500191246,4096,4110,2.663
1785342800729514900,299501,27500198290,4096,4110,2.6292
1785342800732162200,299502,27500201669,4096,4110,2.6473
1785342800734712200,299503,27500245557,4096,4110,2.55
1785342800737282500,299504,27500250791,4096,4110,2.5703
1785342800739775400,299505,27500255066,4096,4110,2.4929
1785342800742287000,299506,27500259786,4096,4110,2.5116
1785342800744872800,299507,27500264279,4096,4110,2.5858
1785342800747759500,299508,27500279585,4096,4110,2.8867
1785342800750290700,299509,27500285198,4096,4110,2.5312
1785342800752804600,299510,27500289837,4096,4110,2.5139
1785342800890519800,299511,27500294540,4096,4110,137.7152
1785342811176498500,299615,27510908337,4096,4110,10285.9787
1785342811179263000,299616,27510930726,4096,4110,2.7645
1785342811181889400,299617,27510936514,4096,4110,2.6264
1785342811184676900,299618,27510941385,4096,4110,2.7875
1785342811188055000,299619,27510946766,4096,4110,3.3781
1785342811191078100,299620,27510952421,4096,4110,3.0231
1785342811193891100,299621,27510996099,4096,4110,2.813
1785342811196507000,299622,27511002123,4096,4110,2.6159
1785342811199047800,299623,27511006013,4096,4110,2.5408
1785342811201822300,299624,27511010274,4096,4110,2.7745
1785342811204390100,299625,27511015435,4096,4110,2.5678
1785342811207220200,299626,27511031799,4096,4110,2.8301
1785342811209832600,299627,27511036963,4096,4110,2.6124
1785342811212612100,299628,27511042448,4096,4110,2.7795
1785342811378868700,299629,27511049506,4096,4110,166.2566
1785342821630625400,299733,27521662328,4096,4110,10251.7567
1785342821633598700,299734,27521684538,4096,4110,2.9733
1785342821636816500,299735,27521690408,4096,4110,3.2178
1785342821639378100,299736,27521697445,4096,4110,2.5616
1785342821642053300,299737,27521700853,4096,4110,2.6752
1785342821644530400,299738,27521705312,4096,4110,2.4771
1785342821647191700,299739,27521749581,4096,4110,2.6613
1785342821649679600,299740,27521753866,4096,4110,2.4879
1785342821652166300,299741,27521761376,4096,4110,2.4867
1785342821655379700,299742,27521764711,4096,4110,3.2134
1785342821659610900,299743,27521768993,4096,4110,4.2312
1785342821662486200,299744,27521773584,4096,4110,2.8753
1785342821664980700,299745,27521786300,4096,4110,2.4945
1785342821667565900,299746,27521792806,4096,4110,2.5852
1785342821802399100,299747,27521796985,4096,4110,134.8332
1785342832020738400,299848,27532101358,4096,4110,10218.3393
1785342832023270000,299849,27532131551,4096,4110,2.5316
1785342832025916500,299850,27532137442,4096,4110,2.6465
1785342832028437100,299851,27532141405,4096,4110,2.5206
1785342832030874800,299852,27532145632,4096,4110,2.4377
1785342832033519100,299853,27532151200,4096,4110,2.6443
1785342832035944300,299854,27532202592,4096,4110,2.4252
1785342832038425000,299855,27532206780,4096,4110,2.4807
1785342832041008400,299856,27532211244,4096,4110,2.5834
1785342832043566900,299857,27532215730,4096,4110,2.5585
1785342832046089200,299858,27532228780,4096,4110,2.5223
1785342832048565600,299859,27532234510,4096,4110,2.4764
1785342832051090100,299860,27532238683,4096,4110,2.5245
1785342832053948400,299861,27532245675,4096,4110,2.8583
1785342832185985100,299862,27532249195,4096,4110,132.0367
1785342842358834300,299963,27542553330,4096,4110,10172.8492
1785342842361474700,299964,27542574465,4096,4110,2.6404
1785342842364137500,299965,27542580126,4096,4110,2.6628
1785342842366732700,299966,27542586895,4096,4110,2.5952
1785342842369566600,299967,27542590407,4096,4110,2.8339
1785342842372387900,299968,27542594945,4096,4110,2.8213
1785342842374926200,299969,27542636715,4096,4110,2.5383
1785342842377515900,299970,27542642138,4096,4110,2.5897
1785342842380048900,299971,27542646353,4096,4110,2.533
1785342842382576800,299972,27542651101,4096,4110,2.5279
1785342842385245200,299973,27542655630,4096,4110,2.6684
1785342842387871800,299974,27542661271,4096,4110,2.6266
1785342842390536200,299975,27542697286,4096,4110,2.6644
1785342842393011000,299976,27542700890,4096,4110,2.4748
1785342842526039100,299977,27542742597,4096,4110,133.0281
1785342852913250900,300077,27552946330,4096,4110,10387.2118
1785342852915955700,300078,27553017028,4096,4110,2.7048
1785342852918500100,300079,27553022806,4096,4110,2.5444
1785342852921187200,300080,27553027042,4096,4110,2.6871
1785342852923692300,300081,27553031269,4096,4110,2.5051
1785342852926239700,300082,27553035940,4096,4110,2.5474
1785342852929361800,300083,27553040752,4096,4110,3.1221
1785342852932028100,300084,27553084414,4096,4110,2.6663
1785342852934625100,300085,27553096273,4096,4110,2.597
1785342852937155300,300086,27553099840,4096,4110,2.5302
1785342852939654300,300087,27553104491,4096,4110,2.499
1785342852942398300,300088,27553109058,4096,4110,2.744
1785342852944910400,300089,27553115275,4096,4110,2.5121
1785342852947649000,300090,27553120059,4096,4110,2.7386
1785342853088574600,300091,27553124465,4096,4110,140.9256
1785342863760363800,300189,27563121343,4096,4110,10671.7892
1785342863763039300,300190,27563160909,4096,4110,2.6755
1785342863765722700,300191,27563165146,4096,4110,2.6834
1785342863768327300,300192,27563169410,4096,4110,2.6046
1785342863771095700,300193,27563174184,4096,4110,2.7684
1785342863773720500,300194,27563178685,4096,4110,2.6248
1785342863776699600,300195,27563222627,4096,4110,2.9791
1785342863780308200,300196,27563231158,4096,4110,3.6086
1785342863782929100,300197,27563234522,4096,4110,2.6209
1785342863785534500,300198,27563240481,4096,4110,2.6054
1785342863788320900,300199,27563244805,4096,4110,2.7864
1785342863791018700,300200,27563251299,4096,4110,2.6978
1785342863793585000,300201,27563261341,4096,4110,2.5663
1785342863796152800,300202,27563264899,4096,4110,2.5678
1785342863964984600,300203,27563269587,4096,4110,168.8318
1785342874566871500,300304,27573575330,4096,4110,10601.8869
1785342874569356800,300305,27573608497,4096,4110,2.4853
1785342874572226600,300306,27573612725,4096,4110,2.8698
1785342874574771900,300307,27573617007,4096,4110,2.5453
1785342874577341700,300308,27573622971,4096,4110,2.5698
1785342874580181900,300309,27573666590,4096,4110,2.8402
1785342874582710400,300310,27573673595,4096,4110,2.5285
1785342874585551200,300311,27573676951,4096,4110,2.8408
1785342874588310600,300312,27573681725,4096,4110,2.7594
1785342874590825900,300313,27573686287,4096,4110,2.5153
1785342874593612800,300314,27573690949,4096,4110,2.7869
1785342874596172300,300315,27573698995,4096,4110,2.5595
1785342874598711200,300316,27573703275,4096,4110,2.5389
1785342874601354600,300317,27573707945,4096,4110,2.6434
1785342874733023400,300318,27573712164,4096,4110,131.6688
1785342885232604700,300422,27584325554,4096,4110,10499.5813
1785342885236268300,300423,27584352003,4096,4110,3.6636
1785342885238747800,300424,27584357420,4096,4110,2.4795
1785342885241347100,300425,27584361766,4096,4110,2.5993
1785342885243912800,300426,27584368039,4096,4110,2.5657
1785342885246564000,300427,27584372154,4096,4110,2.6512
1785342885249841700,300428,27584376885,4096,4110,3.2777
1785342885252446000,300429,27584419650,4096,4110,2.6043
1785342885255078700,300430,27584423890,4096,4110,2.6327
1785342885257611600,300431,27584430528,4096,4110,2.5329
1785342885260066500,300432,27584434720,4096,4110,2.4549
1785342885263052200,300433,27584439427,4096,4110,2.9857
1785342885265613300,300434,27584449520,4096,4110,2.5611
1785342885268083800,300435,27584458518,4096,4110,2.4705
1785342885391363400,300436,27584462096,4096,4110,123.2796
1785342896816592700,300540,27595076342,4096,4110,11425.2293
1785342896819222400,300541,27595105603,4096,4110,2.6297
1785342896822637500,300542,27595111842,4096,4110,3.4151
1785342896825182600,300543,27595116047,4096,4110,2.5451
1785342896828164900,300544,27595122105,4096,4110,2.9823
1785342896830656800,300545,27595125975,4096,4110,2.4919
1785342896833181900,300546,27595171523,4096,4110,2.5251
1785342896835669100,300547,27595174933,4096,4110,2.4872
1785342896838205700,300548,27595179188,4096,4110,2.5366
1785342896840781500,300549,27595183920,4096,4110,2.5758
1785342896843267900,300550,27595188182,4096,4110,2.4864
1785342896845775700,300551,27595192791,4096,4110,2.5078
1785342896849017300,300552,27595205735,4096,4110,3.2416
1785342896851570900,300553,27595215194,4096,4110,2.5536
1785342896998637200,300554,27595219391,4096,4110,147.0663
1785342920050293400,300658,27605833337,4096,4110,23051.6562
1785342920060779400,300659,27605854370,4096,4110,10.486
1785342920070535700,300660,27605861675,4096,4110,9.7563
1785342920080334300,300661,27605865900,4096,4110,9.7986
1785342920089061000,300662,27605870258,4096,4110,8.7267
1785342920098920600,300663,27605876672,4096,4110,9.8596
1785342920108497200,300664,27605880689,4096,4110,9.5766
1785342920118614600,300665,27605922849,4096,4110,10.1174
1785342920130282500,300666,27605927122,4096,4110,11.6679
1785342920141913500,300667,27605931360,4096,4110,11.631
1785342920152839000,300668,27605935648,4096,4110,10.9255
1785342920163472900,300669,27605942486,4096,4110,10.6339
1785342920173797200,300670,27605945837,4096,4110,10.3243
1785342920184593900,300671,27605957042,4096,4110,10.7967
1785342920326995100,300672,27605963235,4096,4110,142.4012
1785342957542046100,300776,27616576328,4096,4110,37215.051
1785342957552167400,300777,27616608842,4096,4110,10.1213
1785342957561801900,300778,27616613077,4096,4110,9.6345
1785342957572105000,300779,27616620015,4096,4110,10.3031
1785342957582273300,300780,27616625796,4096,4110,10.1683
1785342957592434400,300781,27616630523,4096,4110,10.1611
1785342957602664700,300782,27616676357,4096,4110,10.2303
1785342957613254000,300783,27616680899,4096,4110,10.5893
1785342957623823800,300784,27616685342,4096,4110,10.5698
1785342957632691500,300785,27616692778,4096,4110,8.8677
1785342957643009500,300786,27616706110,4096,4110,10.318
1785342957652635800,300787,27616710313,4096,4110,9.6263
1785342957661143000,300788,27616723946,4096,4110,8.5072
1785342957669449400,300789,27616731343,4096,4110,8.3064
1785342957825847800,300790,27616734866,4096,4110,156.3984
1785342984311671100,300899,27627905330,4096,4110,26485.8233
1785342984314206500,300900,27627974565,4096,4110,2.5354
1785342984316677100,300901,27627982696,4096,4110,2.4706
1785342984319366200,300902,27627987535,4096,4110,2.6891
1785342984321847700,300903,27627992259,4096,4110,2.4815
1785342984324384900,300904,27627996592,4096,4110,2.5372
1785342984327225800,300905,27628044887,4096,4110,2.8409
1785342984329844100,300906,27628049160,4096,4110,2.6183
1785342984332405100,300907,27628053404,4096,4110,2.561
1785342984335151700,300908,27628057937,4096,4110,2.7466
1785342984338530600,300909,27628072362,4096,4110,3.3789
1785342984341947700,300910,27628076092,4096,4110,3.4171
1785342984344573500,300911,27628082582,4096,4110,2.6258
1785342984347401800,300912,27628087429,4096,4110,2.8283
1785342984484023400,300913,27628091901,4096,4110,136.6216
1785342999675537800,301139,27651274375,4096,4110,15191.5144
1785342999678170500,301140,27651325124,4096,4110,2.6327
1785342999680715300,301141,27651328594,4096,4110,2.5448
1785342999683233300,301142,27651332825,4096,4110,2.518
1785342999686124600,301143,27651337291,4096,4110,2.8913
1785342999689833900,301144,27651344301,4096,4110,3.7093
1785342999692834700,301145,27651348476,4096,4110,3.0008
1785342999696987600,301146,27651424563,4096,4110,4.1529
1785342999699921400,301147,27651428852,4096,4110,2.9338
1785342999702994400,301148,27651435047,4096,4110,3.073
1785342999705449400,301149,27651442022,4096,4110,2.455
1785342999708729400,301150,27651445402,4096,4110,3.28
1785342999711353400,301151,27651449631,4096,4110,2.624
1785342999715140800,301152,27651508474,4096,4110,3.7874
1785342999864784800,301153,27651512793,4096,4110,149.644
1785343010579372100,301515,27688713328,4096,4110,10714.5873
1785343010582041700,301516,27688802183,4096,4110,2.6696
1785343010584566900,301517,27688806950,4096,4110,2.5252
1785343010587560900,301518,27688811298,4096,4110,2.994
1785343010590548500,301519,27688815883,4096,4110,2.9876
1785343010593063500,301520,27688820247,4096,4110,2.515
1785343010595755600,301521,27688824753,4096,4110,2.6921
1785343010598261400,301522,27688889060,4096,4110,2.5058
1785343010600992800,301523,27688903242,4096,4110,2.7314
1785343010603727000,301524,27688906725,4096,4110,2.7342
1785343010606344300,301525,27688911073,4096,4110,2.6173
1785343010609192600,301526,27688915380,4096,4110,2.8483
1785343010611796100,301527,27688919642,4096,4110,2.6035
1785343010614473800,301528,27688926034,4096,4110,2.6777
1785343010761889200,301529,27688983174,4096,4110,147.4154
1785343021822668200,301787,27715461328,4096,4110,11060.779
1785343021825166300,301788,27715527861,4096,4110,2.4981
1785343021827630100,301789,27715548758,4096,4110,2.4638
1785343021830143300,301790,27715600122,4096,4110,2.5132
1785343021832577300,301791,27715607746,4096,4110,2.434
1785343021835207100,301792,27715611410,4096,4110,2.6298
1785343021837737400,301793,27715624784,4096,4110,2.5303
1785343021840293700,301794,27715629122,4096,4110,2.5563
1785343021842760900,301795,27715636239,4096,4110,2.4672
1785343021845282500,301796,27715643138,4096,4110,2.5216
1785343021847679600,301797,27715646487,4096,4110,2.3971
1785343021850349800,301798,27715650701,4096,4110,2.6702
1785343021852867900,301799,27715707625,4096,4110,2.5181
1785343021855388600,301800,27715710965,4096,4110,2.5207
1785343021991642400,301801,27715715282,4096,4110,136.2538
1785343031928549800,301949,27730869351,4096,4110,9936.9074
1785343031931235300,301950,27730887321,4096,4110,2.6855
1785343031933771300,301951,27730894129,4096,4110,2.536
1785343031936359000,301952,27730898360,4096,4110,2.5877
1785343031938985300,301953,27730905454,4096,4110,2.6263
1785343031941534800,301954,27730908863,4096,4110,2.5495
1785343031943987400,301955,27730954850,4096,4110,2.4526
1785343031946666000,301956,27730959082,4096,4110,2.6786
1785343031949253800,301957,27730966523,4096,4110,2.5878
1785343031951755500,301958,27730969896,4096,4110,2.5017
1785343031954229800,301959,27730974155,4096,4110,2.4743
1785343031956711500,301960,27730997278,4096,4110,2.4817
1785343031959128000,301961,27731001749,4096,4110,2.4165
1785343031961711200,301962,27731008322,4096,4110,2.5832
1785343032101255000,301963,27731012543,4096,4110,139.5438
1785343042515005600,302069,27741877328,4096,4110,10413.7506
1785343042517769300,302070,27741944618,4096,4110,2.7637
1785343042520244800,302071,27741948795,4096,4110,2.4755
1785343042523142100,302072,27741955025,4096,4110,2.8973
1785343042525829600,302073,27741959224,4096,4110,2.6875
1785343042528382000,302074,27741966546,4096,4110,2.5524
1785343042531069700,302075,27741969913,4096,4110,2.6877
1785343042533667500,302076,27742016742,4096,4110,2.5978
1785343042536346900,302077,27742021294,4096,4110,2.6794
1785343042539987700,302078,27742025520,4096,4110,3.6408
1785343042542521800,302079,27742030273,4096,4110,2.5341
1785343042545385900,302080,27742036714,4096,4110,2.8641
1785343042548063200,302081,27742045431,4096,4110,2.6773
1785343042550658200,302082,27742056568,4096,4110,2.595
1785343042692241700,302083,27742059955,4096,4110,141.5835
1785343053605771800,302190,27752982328,4096,4110,10913.5301
1785343053608313200,302191,27753006249,4096,4110,2.5414
1785343053610939800,302192,27753011426,4096,4110,2.6266
1785343053613517300,302193,27753016243,4096,4110,2.5775
1785343053616083700,302194,27753020481,4096,4110,2.5664
1785343053618797600,302195,27753024771,4096,4110,2.7139
1785343053621507500,302196,27753072784,4096,4110,2.7099
1785343053624085100,302197,27753081207,4096,4110,2.5776
1785343053626636300,302198,27753088413,4096,4110,2.5512
1785343053629125800,302199,27753091799,4096,4110,2.4895
1785343053631725800,302200,27753096098,4096,4110,2.6
1785343053634155600,302201,27753108389,4096,4110,2.4298
1785343053636817400,302202,27753113720,4096,4110,2.6618
1785343053639451000,302203,27753121382,4096,4110,2.6336
1785343053776793300,302204,27753124672,4096,4110,137.3423
1785343064015596300,302302,27763120361,4096,4110,10238.803
1785343064018171700,302303,27763146578,4096,4110,2.5754
1785343064021357100,302304,27763152690,4096,4110,3.1854
1785343064023829500,302305,27763156871,4096,4110,2.4724
1785343064026320000,302306,27763161451,4096,4110,2.4905
1785343064028912200,302307,27763165873,4096,4110,2.5922
1785343064031429100,302308,27763211983,4096,4110,2.5169
1785343064034616900,302309,27763219117,4096,4110,3.1878
1785343064037158700,302310,27763222505,4096,4110,2.5418
1785343064040265400,302311,27763226738,4096,4110,3.1067
1785343064042716600,302312,27763231613,4096,4110,2.4512
1785343064045542500,302313,27763243464,4096,4110,2.8259
1785343064048065900,302314,27763247755,4096,4110,2.5234
1785343064050619000,302315,27763254605,4096,4110,2.5531
1785343064201650400,302316,27763261849,4096,4110,151.0314
1785343075847215500,302420,27773875337,4096,4110,11645.5651
1785343075849771600,302421,27773907687,4096,4110,2.5561
1785343075852322300,302422,27773913420,4096,4110,2.5507
1785343075854747500,302423,27773964615,4096,4110,2.4252
1785343075857289500,302424,27773973683,4096,4110,2.542
1785343075859772000,302425,27773992690,4096,4110,2.4825
1785343075862292500,302426,27773996187,4096,4110,2.5205
1785343075865242500,302427,27774006748,4096,4110,2.95
1785343075867989400,302428,27774011635,4096,4110,2.7469
1785343075870584600,302429,27774067366,4096,4110,2.5952
1785343075873123800,302430,27774078377,4096,4110,2.5392
1785343075875529000,302431,27774096298,4096,4110,2.4052
1785343075877946600,302432,27774099783,4096,4110,2.4176
1785343075880504100,302433,27774118589,4096,4110,2.5575
1785343076033194000,302434,27774171575,4096,4110,152.6899
1785343086367208400,302539,27784886330,4096,4110,10334.0144
1785343086369737500,302540,27784955959,4096,4110,2.5291
1785343086373373700,302541,27784963326,4096,4110,3.6362
1785343086376002200,302542,27784967468,4096,4110,2.6285
1785343086378480600,302543,27784972807,4096,4110,2.4784
1785343086381032700,302544,27784977993,4096,4110,2.5521
1785343086383571000,302545,27785018233,4096,4110,2.5383
1785343086386561500,302546,27785024688,4096,4110,2.9905
1785343086389707700,302547,27785028728,4096,4110,3.1462
1785343086392271300,302548,27785036362,4096,4110,2.5636
1785343086394840700,302549,27785039755,4096,4110,2.5694
1785343086397400800,302550,27785044069,4096,4110,2.5601
1785343086399968100,302551,27785056412,4096,4110,2.5673
1785343086402675900,302552,27785062153,4096,4110,2.7078
1785343086552871200,302553,27785069257,4096,4110,150.1953
1785343096767991000,302654,27795372337,4096,4110,10215.1198
1785343096770471200,302655,27795399235,4096,4110,2.4802
1785343096773067500,302656,27795404436,4096,4110,2.5963
1785343096775757300,302657,27795409083,4096,4110,2.6898
1785343096778365800,302658,27795416603,4096,4110,2.6085
1785343096780937400,302659,27795419994,4096,4110,2.5716
1785343096783501500,302660,27795424090,4096,4110,2.5641
1785343096786074000,302661,27795468673,4096,4110,2.5725
1785343096788701600,302662,27795473067,4096,4110,2.6276
1785343096791327500,302663,27795477249,4096,4110,2.6259
1785343096793839700,302664,27795481408,4096,4110,2.5122
1785343096796563400,302665,27795485767,4096,4110,2.7237
1785343096799015600,302666,27795501121,4096,4110,2.4522
1785343096801541100,302667,27795504537,4096,4110,2.5255
1785343096937066600,302668,27795508631,4096,4110,135.5255
1785343107473747800,302781,27807049550,4096,4110,10536.6812
1785343107476405900,302782,27807087336,4096,4110,2.6581
1785343107479146000,302783,27807095098,4096,4110,2.7401
1785343107481951800,302784,27807152598,4096,4110,2.8058
1785343107484424500,302785,27807158272,4096,4110,2.4727
1785343107487192000,302786,27807163450,4096,4110,2.7675
1785343107490137800,302787,27807174672,4096,4110,2.9458
1785343107492966100,302788,27807187215,4096,4110,2.8283
1785343107495610400,302789,27807190708,4096,4110,2.6443
1785343107498264500,302790,27807199629,4096,4110,2.6541
1785343107501294800,302791,27807255391,4096,4110,3.0303
1785343107503840700,302792,27807259549,4096,4110,2.5459
1785343107506578800,302793,27807274938,4096,4110,2.7381
1785343107509271400,302794,27807287354,4096,4110,2.6926
1785343107654424200,302795,27807291131,4096,4110,145.1528
1785343118317500500,302895,27817493341,4096,4110,10663.0763
1785343118320052600,302896,27817518997,4096,4110,2.5521
1785343118322975100,302897,27817524466,4096,4110,2.9225
1785343118325585200,302898,27817529267,4096,4110,2.6101
1785343118328136500,302899,27817535369,4096,4110,2.5513
1785343118330860900,302900,27817539353,4096,4110,2.7244
1785343118333903800,302901,27817587160,4096,4110,3.0429
1785343118337349600,302902,27817590523,4096,4110,3.4458
1785343118342253100,302903,27817594801,4096,4110,4.9035
1785343118344892400,302904,27817599502,4096,4110,2.6393
1785343118347369300,302905,27817606273,4096,4110,2.4769
1785343118350059100,302906,27817610066,4096,4110,2.6898
1785343118353135200,302907,27817620642,4096,4110,3.0761
1785343118355586200,302908,27817629578,4096,4110,2.451
1785343118488629100,302909,27817632968,4096,4110,133.0429
1785343129039120900,303010,27827938330,4096,4110,10550.4918
1785343129041856500,303011,27827963503,4096,4110,2.7356
1785343129044568600,303012,27827970751,4096,4110,2.7121
1785343129047518600,303013,27827975031,4096,4110,2.95
1785343129050023200,303014,27827979166,4096,4110,2.5046
1785343129052545500,303015,27827986741,4096,4110,2.5223
1785343129055217200,303016,27828030572,4096,4110,2.6717
1785343129057705900,303017,27828037348,4096,4110,2.4887
1785343129060200400,303018,27828041074,4096,4110,2.4945
1785343129063161600,303019,27828045401,4096,4110,2.9612
1785343129065657000,303020,27828049995,4096,4110,2.4954
1785343129068381900,303021,27828063361,4096,4110,2.7249
1785343129070885500,303022,27828067531,4096,4110,2.5036
1785343129073322200,303023,27828073479,4096,4110,2.4367
1785343129230950200,303024,27828083253,4096,4110,157.628
1785343139877886400,303128,27838697328,4096,4110,10646.9362
1785343139880526200,303129,27838715692,4096,4110,2.6398
1785343139883164900,303130,27838721899,4096,4110,2.6387
1785343139885707900,303131,27838726315,4096,4110,2.543
1785343139888324000,303132,27838733092,4096,4110,2.6161
1785343139890997300,303133,27838736849,4096,4110,2.6733
1785343139893516100,303134,27838778657,4096,4110,2.5188
1785343139896094400,303135,27838784907,4096,4110,2.5783
1785343139898717900,303136,27838789208,4096,4110,2.6235
1785343139901206000,303137,27838794001,4096,4110,2.4881
1785343139904138900,303138,27838798638,4096,4110,2.9329
1785343139906753400,303139,27838803126,4096,4110,2.6145
1785343139909354400,303140,27838816821,4096,4110,2.601
1785343139912276400,303141,27838825603,4096,4110,2.922
1785343140054035000,303142,27838829800,4096,4110,141.7586
1785343150542844800,303246,27849443539,4096,4110,10488.8098
1785343150545675200,303247,27849471797,4096,4110,2.8304
1785343150548170500,303248,27849476030,4096,4110,2.4953
1785343150550578500,303249,27849480771,4096,4110,2.408
1785343150553120800,303250,27849485003,4096,4110,2.5423
1785343150555849000,303251,27849489668,4096,4110,2.7282
1785343150558413000,303252,27849532912,4096,4110,2.564
1785343150561300100,303253,27849537951,4096,4110,2.8871
1785343150563846100,303254,27849542226,4096,4110,2.546
1785343150566472800,303255,27849548111,4096,4110,2.6267
1785343150568944300,303256,27849555352,4096,4110,2.4715
1785343150571471500,303257,27849563947,4096,4110,2.5272
1785343150574156300,303258,27849571306,4096,4110,2.6848
1785343150576971400,303259,27849574826,4096,4110,2.8151
1785343150717400800,303260,27849579532,4096,4110,140.4294
1785343161342196800,303364,27860194328,4096,4110,10624.796
1785343161344708200,303365,27860225815,4096,4110,2.5114
1785343161347240300,303366,27860232886,4096,4110,2.5321
1785343161349789900,303367,27860237149,4096,4110,2.5496
1785343161352295600,303368,27860241458,4096,4110,2.5057
1785343161354765300,303369,27860282864,4096,4110,2.4697
1785343161357336600,303370,27860287993,4096,4110,2.5713
1785343161359845300,303371,27860292222,4096,4110,2.5087
1785343161362334700,303372,27860300560,4096,4110,2.4894
1785343161364839400,303373,27860304990,4096,4110,2.5047
1785343161367311800,303374,27860317924,4096,4110,2.4724
1785343161369781100,303375,27860322890,4096,4110,2.4693
1785343161372246000,303376,27860329518,4096,4110,2.4649
1785343161374761400,303377,27860334064,4096,4110,2.5154
1785343161543706400,303378,27860338225,4096,4110,168.945
1785343172229576100,303485,27871261395,4096,4110,10685.8697
1785343172232317000,303486,27871278606,4096,4110,2.7409
1785343172234866300,303487,27871283867,4096,4110,2.5493
1785343172237473400,303488,27871289660,4096,4110,2.6071
1785343172240298000,303489,27871293924,4096,4110,2.8246
1785343172242868800,303490,27871298668,4096,4110,2.5708
1785343172245435800,303491,27871349427,4096,4110,2.567
1785343172248130500,303492,27871352842,4096,4110,2.6947
1785343172250683400,303493,27871357001,4096,4110,2.5529
1785343172253407700,303494,27871361522,4096,4110,2.7243
1785343172255912400,303495,27871370311,4096,4110,2.5047
1785343172258443500,303496,27871373707,4096,4110,2.5311
1785343172261295500,303497,27871379639,4096,4110,2.852
1785343172263896600,303498,27871383913,4096,4110,2.6011
1785343172436473800,303499,27871390176,4096,4110,172.5772
1785343184275320400,303600,27881695330,4096,4110,11838.8466
1785343184278867400,303601,27881721882,4096,4110,3.547
1785343184281837200,303602,27881726212,4096,4110,2.9698
1785343184284449600,303603,27881732014,4096,4110,2.6124
1785343184287022900,303604,27881737639,4096,4110,2.5733
1785343184289680000,303605,27881743896,4096,4110,2.6571
1785343184292201400,303606,27881787195,4096,4110,2.5214
1785343184294731200,303607,27881792601,4096,4110,2.5298
1785343184297384900,303608,27881796800,4096,4110,2.6537
1785343184299816500,303609,27881803618,4096,4110,2.4316
1785343184302737800,303610,27881806979,4096,4110,2.9213
1785343184306850100,303611,27881811929,4096,4110,4.1123
1785343184309943100,303612,27881820524,4096,4110,3.093
1785343184313127200,303613,27881827114,4096,4110,3.1841
1785343184447017100,303614,27881831639,4096,4110,133.8899
1785343195642441200,303721,27892755333,4096,4110,11195.4241
1785343195645118900,303722,27892783560,4096,4110,2.6777
1785343195647742500,303723,27892791464,4096,4110,2.6236
1785343195650281600,303724,27892795752,4096,4110,2.5391
1785343195653962000,303725,27892799869,4096,4110,3.6804
1785343195656524200,303726,27892806250,4096,4110,2.5622
1785343195659358200,303727,27892907112,4096,4110,2.834
1785343195662023100,303728,27892910510,4096,4110,2.6649
1785343195664621300,303729,27892955242,4096,4110,2.5982
1785343195667256500,303730,27892962799,4096,4110,2.6352
1785343195669791200,303731,27892966805,4096,4110,2.5347
1785343195672545200,303732,27892983385,4096,4110,2.754
1785343195675251200,303733,27892988476,4096,4110,2.706
1785343195677801800,303734,27892996225,4096,4110,2.5506
1785343195811059600,303735,27893003439,4096,4110,133.2578
1785343207878172100,303838,27903514326,4096,4110,12067.1125
1785343207880756900,303839,27903535456,4096,4110,2.5848
1785343207883564900,303840,27903540876,4096,4110,2.808
1785343207886110800,303841,27903547977,4096,4110,2.5459
1785343207889573700,303842,27903554056,4096,4110,3.4629
1785343207892146100,303843,27903558242,4096,4110,2.5724
1785343207894642700,303844,27903605134,4096,4110,2.4966
1785343207897499500,303845,27903609372,4096,4110,2.8568
1785343207900088200,303846,27903613473,4096,4110,2.5887
1785343207902862700,303847,27903618091,4096,4110,2.7745
1785343207905597000,303848,27903622343,4096,4110,2.7343
1785343207908184200,303849,27903632821,4096,4110,2.5872
1785343207910746600,303850,27903637625,4096,4110,2.5624
1785343207913289200,303851,27903644661,4096,4110,2.5426
1785343208044818200,303852,27903651286,4096,4110,131.529
1785343218726119900,303968,27915500331,4096,4110,10681.3017
1785343218728686100,303969,27915516689,4096,4110,2.5662
1785343218731136000,303970,27915520929,4096,4110,2.4499
1785343218734106900,303971,27915525583,4096,4110,2.9709
1785343218736780200,303972,27915530071,4096,4110,2.6733
1785343218739322100,303973,27915534282,4096,4110,2.5419
1785343218741871900,303974,27915538855,4096,4110,2.5498
1785343218744418800,303975,27915583727,4096,4110,2.5469
1785343218747201700,303976,27915587756,4096,4110,2.7829
1785343218750103900,303977,27915592052,4096,4110,2.9022
1785343218752795000,303978,27915596213,4096,4110,2.6911
1785343218755691600,303979,27915601091,4096,4110,2.8966
1785343218758283600,303980,27915605363,4096,4110,2.592
1785343218761085500,303981,27915618334,4096,4110,2.8019
1785343218898597500,303982,27915623521,4096,4110,137.512
1785343229273803000,304092,27926856337,4096,4110,10375.2055
1785343229276313700,304093,27926882327,4096,4110,2.5107
1785343229278879000,304094,27926887494,4096,4110,2.5653
1785343229281411800,304095,27926892004,4096,4110,2.5328
1785343229284082100,304096,27926896659,4096,4110,2.6703
1785343229286651200,304097,27926901151,4096,4110,2.5691
1785343229289173100,304098,27926945641,4096,4110,2.5219
1785343229291780900,304099,27926952690,4096,4110,2.6078
1785343229294321300,304100,27926959526,4096,4110,2.5404
1785343229296804700,304101,27926962934,4096,4110,2.4834
1785343229299403600,304102,27926970433,4096,4110,2.5989
1785343229301975200,304103,27926974433,4096,4110,2.5716
1785343229304722500,304104,27926983777,4096,4110,2.7473
1785343229307517300,304105,27926992122,4096,4110,2.7948
1785343229447829400,304106,27926995465,4096,4110,140.3121
1785343240134652400,304225,27939154356,4096,4110,10686.823
1785343240137328900,304226,27939256008,4096,4110,2.6765
1785343240141209000,304227,27939283364,4096,4110,3.8801
1785343240143796100,304228,27939288261,4096,4110,2.5871
1785343240146388800,304229,27939293265,4096,4110,2.5927
1785343240149908200,304230,27939345368,4096,4110,3.5194
1785343240152639100,304231,27939353320,4096,4110,2.7309
1785343240155864400,304232,27939356677,4096,4110,3.2253
1785343240158470000,304233,27939370837,4096,4110,2.6056
1785343240161425600,304234,27939380786,4096,4110,2.9556
1785343240164736000,304235,27939384803,4096,4110,3.3104
1785343240167327400,304236,27939391921,4096,4110,2.5914
1785343240170511300,304237,27939395802,4096,4110,3.1839
1785343240173086800,304238,27939442406,4096,4110,2.5755
1785343240307401500,304239,27939455814,4096,4110,134.3147
1785343252568742100,304341,27949867334,4096,4110,12261.3406
1785343252571644500,304342,27949923816,4096,4110,2.9024
1785343252574581200,304343,27949930896,4096,4110,2.9367
1785343252577368700,304344,27949937228,4096,4110,2.7875
1785343252580860400,304345,27949941367,4096,4110,3.4917
1785343252583460400,304346,27949945931,4096,4110,2.6
1785343252586352800,304347,27949991667,4096,4110,2.8924
1785343252589614500,304348,27949998018,4096,4110,3.2617
1785343252592175900,304349,27950001912,4096,4110,2.5614
1785343252594959200,304350,27950009527,4096,4110,2.7833
1785343252597563400,304351,27950025197,4096,4110,2.6042
1785343252600371300,304352,27950032436,4096,4110,2.8079
1785343252603357100,304353,27950035766,4096,4110,2.9858
1785343252605837000,304354,27950042121,4096,4110,2.4799
1785343252747194000,304355,27950046048,4096,4110,141.357
1785343265423601700,304458,27960603327,4096,4110,12676.4077
1785343265426134300,304459,27960683008,4096,4110,2.5326
1785343265429292500,304460,27960693238,4096,4110,3.1582
1785343273774369200,304475,27962139387,4096,4110,8345.0767
1785343279434984000,304493,27963986331,4096,4110,5660.6148
1785343279437540800,304494,27964054647,4096,4110,2.5568
1785343279440328500,304495,27964065448,4096,4110,2.7877
1785343284250509400,304507,27965202403,4096,4110,4810.1809
1785343284253017200,304508,27965290806,4096,4110,2.5078
1785343294752851100,304522,27966634334,4096,4110,10499.8339
1785343300196646800,304537,27968174551,4096,4110,5443.7957
1785343300199330300,304538,27968253378,4096,4110,2.6835
1785343300341954200,304539,27968260734,4096,4110,142.6239
1785343305791033100,304570,27971354526,4096,4110,5449.0789
1785343305793669200,304571,27971428404,4096,4110,2.6361
1785343305796180500,304572,27971434923,4096,4110,2.5113
1785343305799698200,304573,27971438781,4096,4110,3.5177
1785343308027769800,304578,27971935328,4096,4110,2228.0716
1785343308030397300,304579,27972038894,4096,4110,2.6275
1785343308034056500,304580,27972043137,4096,4110,3.6592
1785343308038612500,304581,27972049939,4096,4110,4.556
1785343324639629600,304597,27973684330,4096,4110,16601.0171
1785343324642252000,304598,27973778068,4096,4110,2.6224
1785343324644806200,304599,27973788443,4096,4110,2.5542
1785343324647545600,304600,27973792958,4096,4110,2.7394
