window_end_ns,elapsed_s,fps,rate_kib_s,missing_frames,loss_rate,crc_errors,old_frames,avg_interval_ms,interval_jitter_ms,bandwidth_jitter_kib_s
1785504966962668100,8.771858699999939,5.35804344408789,21.505428276563702,10,0.17543859649122806,3090,0,190.50162826086955,1237.9892942386086,0.0
1785504975849615300,8.886948800000027,3.825835026752927,15.355646445268096,71,0.6761904761904762,2865,0,261.3796911764706,1430.7081419971648,4.348552435726948
1785504989241065400,13.391452400000048,2.837630965256604,11.389319596879533,80,0.6779661016949152,4515,0,352.4068394736843,2119.1102412938053,5.097176016514158
1785504991394829900,2.1537645999999313,15.786312023143608,63.36107657726585,128,0.7901234567901234,615,0,63.34582941176471,303.8503896734702,24.00237377239747
1785505001837183500,10.442353600000047,3.3517348043069375,13.452763716505384,18,0.33962264150943394,3510,0,298.3539342857143,1699.450996434944,21.768016933056963
1785505012283922500,10.446737699999971,3.063157218927789,12.294507978313684,0,0.0,3496,0,11.6863625,37.0048100961409,20.15035003520956
1785505016031349500,3.747428099999979,4.269594925650498,17.136753070726122,98,0.8596491228070176,1229,0,863.76275,3441.6528654262734,18.522891918084696
1785505028836759200,12.805408900000089,2.4208520198054577,9.716505665430109,99,0.7615384615384615,4305,0,413.0705322580646,2253.2035563218633,17.69638721296949
1785505040519905300,11.683147200000008,1.2839006256807233,5.153155831589622,34,0.6938775510204082,3885,0,778.8911066666666,2934.7930948122607,17.328497447532307
1785505054331528900,13.811623499999996,2.244486319801579,9.008631615609854,123,0.7987012987012987,4305,0,445.5362419354839,2420.9611984221524,16.629365330511845
1785505065147285900,10.815756399999941,1.386865554775261,5.5664232716077375,112,0.8818897637795275,3885,0,721.0506733333334,2738.6513478782394,16.20404182269021
1785505077569338100,12.422052000000008,2.495561924873602,10.01636671018604,132,0.8098159509202454,4305,0,400.7113387096774,2188.942087062837,15.570736267534473
1785505089050768300,11.481430300000056,1.3064574367533222,5.2436914697814005,103,0.8728813559322034,3885,0,765.4274066666668,2908.2219020611187,15.212348985022478
1785505101861052000,12.8102836999999,2.4199307935701877,9.712808165599094,117,0.7905405405405406,4305,0,413.23461935483874,2246.1938902269435,14.692263399165512
1785505107342494800,1.0261364000000412,19.490586241750314,78.22881782577518,0,0.0,0,0,53.36871578947368,29.547706055937237,0.0
1785505111433631800,1.0056824000000688,19.886994144472084,79.81986907595729,0,0.0,0,0,50.014794736842106,30.362586500265124,0.0
1785505112463855600,1.030228999999963,19.41315959849773,77.91805268537664,0,0.0,0,0,53.627840000000006,55.41182249475192,1.3447872663513005
1785505113480913800,1.017054900000062,20.647852933011503,82.87370659636453,0,0.0,0,0,46.386833333333335,39.760470658247165,2.5000444952712955
1785505114512295000,1.0313834999999472,19.391429085302434,77.83083353573537,0,0.0,0,0,53.71431,47.75276326018268,2.3610691987594525
1785505115531542900,1.0192424000000528,20.603538471318412,82.69584288781121,0,0.0,0,0,46.661609523809524,42.23872335241567,2.4667207910049567
1785505116554582300,1.0230436999999029,19.549507024970584,78.46530651623935,0,0.0,0,0,49.931644999999996,50.24271903667629,2.320650346488642
1785505117580989200,1.026402800000028,20.459803889856328,82.11893944073194,0,0.0,0,0,50.081695238095236,59.48461369990123,2.273737702336526
1785505118603892000,1.0229036000000633,19.552184585134672,78.47605336416358,0,0.0,0,0,49.86734,46.74875275287989,2.19612206077909
1785505119636320400,1.0324325999999928,20.3403108348188,81.63933352647,0,0.0,0,0,52.21092857142857,53.52123663652721,2.1236076212088677
1785505120656011800,1.0196910999999318,19.613783036844527,78.72328933733498,0,0.0,0,0,50.984320000000004,48.7244692865872,2.0561966547212918
1785505121684605800,1.028593399999977,20.416230553297805,81.94405036528708,0,0.0,0,0,48.980404761904765,44.88533198090971,2.0320371158632913
1785505122696762100,1.012153900000044,19.75984087004865,79.30951755458979,0,0.0,0,0,47.782555,39.73244266838233,1.9555199457478272
1785505123721519600,1.0247589000000517,19.516785850797678,78.33397445974458,0,0.0,0,0,50.08376,52.13664190244303,1.9389222986343273
1785505124753093700,1.0315755999999965,20.357208914208588,81.7071568724583,0,0.0,0,0,52.912557142857146,56.62395145767003,1.9171912593844305
1785505125769736000,1.0166388000000097,19.67267037221067,78.95964377908774,0,0.0,0,0,46.775845,46.14679264838599,1.8721095944958939
1785505126793536300,1.0237993999999162,20.511830735593044,82.32775812821036,0,0.0,0,0,50.04143333333334,51.25387331343197,1.895826824425668
1785505127817225100,1.0236902000000327,19.537160754297894,78.41575263687923,0,0.0,0,0,49.95994,57.76772173767521,1.8857488172563486
1785505128852555700,1.035333000000037,20.283329131785862,81.41062766761708,0,0.0,0,0,53.04162857142857,51.96263194096449,1.8556698258278879
1785505129874514500,1.0219597999999905,19.570241412627176,78.54852754482197,0,0.0,0,0,51.097565,51.43734063782719,1.8411211363568916
1785505130889657400,1.0151393999999527,20.686814047411595,83.03008372545084,0,0.0,0,0,46.08480952380952,40.35419728651413,1.90958043608236
1785505131911791600,1.022060500000066,19.568313226074885,78.54078843668728,0,0.0,0,0,49.990905,59.147877923285364,1.897270425939778
1785505132937678700,1.0259588000000122,20.468658195631004,82.1544777187924,0,0.0,0,0,50.027319047619045,58.237049964242,1.9003646660643554
1785505133961407400,1.0237306999999873,19.536387841060396,78.41265041675608,0,0.0,0,0,49.9261,56.073485569450455,1.8952973281614374
1785505134986103500,1.0246971999999914,20.493859063926568,82.25562573509589,0,0.0,0,0,49.94509047619048,50.06118376445871,1.902403012446617
1785505136014681200,1.0285734999999931,19.444405285572817,78.04346262080496,0,0.0,0,0,50.32454,53.012709679029356,1.9137513943319262
1785505137033828100,1.0191433999999617,20.605539907338642,82.70387599527521,0,0.0,0,0,49.83547619047619,58.122482061874344,1.940410467756853
1785505138071387700,1.0375697000000628,19.275813470650494,77.36679039489601,0,0.0,0,0,53.915705,57.81914260862305,1.9823147781103563
1785505139081289700,1.0098950999999943,20.794238926399505,83.46125194091988,0,0.0,0,0,46.310680952380956,44.87394528889364,2.043484245523379
1785505140105564200,1.0242766000000074,19.525975698361023,78.37085949244512,0,0.0,0,0,49.801505000000006,53.42771331333655,2.037331885467429
1785505141130950500,1.0253892999999152,20.48002646409684,82.20010621820119,0,0.0,0,0,50.03830476190476,57.27713693944973,2.0348644603378623
1785505142162143800,1.0311949000000595,19.394975673365767,77.84506837649737,0,0.0,0,0,53.570280000000004,52.895657761638816,2.081293586086674
1785505143181268900,1.0191244999999753,20.605922043872468,82.70540976593344,0,0.0,0,0,46.389700000000005,45.44031552053749,2.083605309259177
1785505144209456100,1.0281863999999814,19.451725873830235,78.07284506000221,0,0.0,0,0,53.65588,54.86199797119275,2.0683797714540706
1785505145232982900,1.0235281000000214,20.517267674428833,82.34958021670167,0,0.0,0,0,48.73813333333334,42.73448192640615,2.0542110048855204
1785505146248827200,1.0158403000000362,19.688134050203843,79.021709908533,0,0.0,0,0,47.94288,43.96011461338203,2.0189346585291674
1785505147281623800,1.0328003999999282,20.33306726062602,81.61026019645796,0,0.0,0,0,51.89592857142857,58.76642717976943,2.00572506256909
1785505148296649200,1.0150234000000182,19.7039792383108,79.085307294392,0,0.0,0,0,47.970330000000004,41.64734314278327,1.9891039481803376
1785505149321502000,1.0248513999999886,19.515024324502285,78.3269042711957,0,0.0,0,0,52.174125000000004,55.09992950345929,1.9938306163049269
1785505150351488800,1.029990200000043,20.38854350264607,81.83292362878451,0,0.0,0,0,50.80796190476191,44.210301699405726,1.998858726491482
1785505151371879400,1.0203120999999555,19.601845356926447,78.675375407195,0,0.0,0,0,49.134355,48.823843421669075,2.0001275652643056
1785505152393644800,1.0218376999999919,20.551208866143973,82.48580902329272,0,0.0,0,0,47.90763333333333,49.59133888422789,2.0184604990976167
1785505153419303200,1.0256550999999945,19.49973241492204,78.26552756379843,0,0.0,0,0,50.024405,59.64347827740991,2.0441089192943056
1785505154453409100,1.0341144000000213,20.30723099881364,81.50656191906646,0,0.0,0,0,52.985033333333334,68.44539302968705,2.025293404235692
1785505155478427100,1.0250178999999662,19.511854378348573,78.31418114747328,0,0.0,0,0,51.248990000000006,48.4325965291526,2.040021328926346
1785505156498993500,1.0205673000000388,20.576790967140727,82.5884871825668,0,0.0,0,0,48.60005714285714,43.16191909625395,2.0706807600771167
1785505157519248500,1.0202563999999938,19.602915502416963,78.67967062005245,0,0.0,0,0,51.01442,48.63237391033175,2.05644261052966
1785505158543319400,1.0240708999999697,20.506392672617316,82.30593152779021,0,0.0,0,0,48.765438095238096,44.78383672859524,2.0620875129849083
1785505159567421900,1.0241029000000026,19.529287535461474,78.38415211986978,0,0.0,0,0,51.205510000000004,47.97147452134994,2.0817913848605105
1785505160596245900,1.0288230000001022,20.41167431132266,81.92576310501576,0,0.0,0,0,48.99008571428571,43.43325041573893,2.07858452607447
1785505161609883900,1.013634599999932,19.730976034165902,79.19366357463072,0,0.0,0,0,47.134055000000004,49.018468256120464,2.025390896993456
1785505162633518300,1.0236333999999943,20.515157086511753,82.34110900933916,0,0.0,0,0,50.04976666666667,52.53821990416437,2.0353804799780795
1785505163656880300,1.0233614999999645,19.543436019432715,78.44093949205904,0,0.0,0,0,50.05391,51.76316377251196,2.034745612821839
1785505164681655100,1.024775800000043,20.49228719101204,82.24931675298778,0,0.0,0,0,49.927438095238095,51.47030865714209,2.0374299660490816
1785505165705464600,1.0238119000000552,19.53483838193219,78.40643139623174,0,0.0,0,0,49.964745,62.07492567904044,2.0347202868980228
1785505166732412900,1.0269490999999107,20.448920009766624,82.07525511732503,0,0.0,0,0,52.075004761904765,57.91747458711814,2.018727093969801
1785505167758449800,1.0260382000000163,19.492451645562205,78.23630494459049,0,0.0,0,0,51.303655000000006,45.401039337703025,2.004571263662386
1785505168781890700,1.0234411999999793,20.519009787763505,82.35657248799609,0,0.0,0,0,48.73600952380952,43.93493891109791,1.9671181275827723
1785505169801394300,1.019501400000081,19.617432599894823,78.73793748590597,0,0.0,0,0,47.906355000000005,45.90836794545453,1.8996220113256732
1785505170835095300,1.0337032999999565,20.31530710988432,81.53897677893023,0,0.0,0,0,52.146657142857144,63.542849348928094,1.8812714241077029
1785505171849367000,1.0142660000000205,19.71869312389412,79.14436400312972,0,0.0,0,0,47.579764999999995,42.69220070518582,1.858851660032126
1785505172881172800,1.031811800000014,20.35254878845126,81.68845265677214,0,0.0,0,0,52.11840952380952,51.39556615846259,1.8213484923509435
1785505173909421800,1.0282472999999754,19.45057380651569,78.06822103982371,0,0.0,0,0,51.410105,38.89843234889489,1.8114379023761107
1785505174921617600,1.012191199999961,19.759112705189267,79.30659493977332,0,0.0,0,0,46.33386,52.708440624343034,1.775193825803119
1785505175945839100,1.0242219000000432,20.50336943586064,82.29379724744847,0,0.0,0,0,50.21041904761904,53.9147665337857,1.7729336349017963
1785505176978278400,1.0324429999999438,19.371529469424548,77.75096300716298,0,0.0,0,0,54.388234999999995,50.195597384749476,1.817568944689077
1785505177993885400,1.0156043000000636,20.677344513014255,82.99207612157089,0,0.0,0,0,45.863747619047615,39.41234434162245,1.8714122466882452
1785505179018554100,1.024671000000012,19.518460071573962,78.3406942325869,0,0.0,0,0,50.06311,57.10768742370026,1.8920776307579117
1785505180044855400,1.026303799999937,20.46177749707376,82.12686085251285,0,0.0,0,0,52.486533333333334,53.570132846048956,1.8885043330817488
1785505181066396200,1.0215375000000222,19.57833168141117,78.58099922910148,0,0.0,0,0,47.060719999999996,48.43511766695948,1.8932843546445284
1785505182097248300,1.030853499999921,20.371468884765495,81.76439171522088,0,0.0,0,0,52.91129047619047,84.05478523847351,1.8896257555394227
1785505183115408500,1.0181621000001542,19.64323755519575,78.84151010923294,0,0.0,0,0,50.909605,46.542583743984,1.8636396951810137
1785505184138237600,1.0228236999998899,20.531397541924637,82.40629286846705,0,0.0,0,0,46.28843809523809,39.62084384585311,1.8676225887345121
1785505185161934200,1.0236962000001313,19.537046244772068,78.41529303321602,0,0.0,0,0,50.135755,55.99535111509352,1.8869529780802325
1785505186185643500,1.0237088999999742,20.513644064245735,82.3350362344238,0,0.0,0,0,50.05564761904762,55.73023945666857,1.887522666133047
1785505187210109900,1.0244665000000168,19.52235627031208,78.3563322958815,0,0.0,0,0,50.037099999999995,54.90478700502688,1.87518307544668
1785505188236643600,1.0265397999999095,20.45707336432728,82.10798000721202,0,0.0,0,0,52.12197142857143,53.14234446010209,1.881092891501357
1785505189261308300,1.0246635999999398,19.518601031598248,78.34125999987188,0,0.0,0,0,51.232485,44.84630774404927,1.8787221279537498
1785505190283534400,1.0222269000000779,20.543384252555278,82.45440359179902,0,0.0,0,0,48.67785714285714,41.21506914358596,1.888150555565724
1785505191305328300,1.0217924000000949,19.573447600508814,78.56139613094847,0,0.0,0,0,47.71229,47.448578922282856,1.8918911986563438
1785505192331012700,1.02568169999995,20.474188044888606,82.17667271923064,0,0.0,0,0,49.92727142857143,52.169299356874085,1.9128169204561745
1785505193353579200,1.0225642000000335,19.558674164418573,78.50210040601596,0,0.0,0,0,50.35982,48.091683497260014,1.9032628231073099
1785505194389761000,1.0361871000000065,20.26661015177652,81.34352316777489,0,0.0,0,0,52.20294761904762,59.43810492342113,1.8833827298120869
1785505195408762600,1.0190030999999635,19.627025668519277,78.7764409156389,0,0.0,0,0,50.952890000000004,44.354521907086436,1.8671563965998068
1785505196438122100,1.0293581999999333,20.401061554667134,81.88316698211125,0,0.0,0,0,49.01526190476191,43.85317129075703,1.8598189350154266
1785505197448854800,1.0107282999999825,19.787711494770996,79.42138109717655,0,0.0,0,0,47.72811,44.037423967586335,1.836260133747734
1785505198481116400,1.0322658000000047,20.343597550165768,81.65252532341924,0,0.0,0,0,51.829838095238095,77.97460936211529,1.8142616521155661
1785505199506162800,1.0250467000000754,19.51130616780536,78.3119808102344,0,0.0,0,0,51.253184999999995,44.79349544001926,1.8096834936019923
1785505200527937200,1.0217731999998705,19.57381540248123,78.56287236738072,0,0.0,0,0,48.606139999999996,43.921603329933205,1.8148601271056695
1785505201548714600,1.0207710000001953,20.572684764747414,82.5720062335077,0,0.0,0,0,48.40766666666667,44.06242600244944,1.8505598195646127
1785505202603968800,1.0552566999999726,18.952734438928953,76.07005717187305,0,0.0,0,0,50.034405,63.425519682624795,1.9927528926376745
1785505203605109300,1.001146800000015,21.974799300162246,88.19963390983088,0,0.0,0,0,50.43650909090909,63.45100297272436,2.4662703363587193
1785505204631243400,1.026126799999929,18.51623015791159,74.31807221583655,0,0.0,0,0,49.142257894736844,50.71099190567088,2.672369207502826
1785505205664645200,1.0334069000000454,20.321133911529987,81.56236364881664,0,0.0,0,0,53.60921428571429,63.75787338124825,2.677351766714155
1785505206692843700,1.0281987999999274,20.424065851858106,81.9754986827508,0,0.0,0,0,48.96183333333333,58.9996241010935,2.669801244386884
1785505207698408900,1.005564800000002,19.8893199125506,79.8292039458818,0,0.0,0,0,50.277175,52.38041343996794,2.628284166063922
1785505208715402200,1.0169929999999567,19.665818742116073,78.93214358407916,0,0.0,0,0,47.12122,52.07299556777663,2.592330208282552
1785505209746546700,1.0311354000000392,20.3658995705115,81.74203831523657,0,0.0,0,0,52.653819047619045,51.307887960737766,2.5814763772650067
1785505210763395600,1.016850599999998,19.66857274805172,78.94319726024665,0,0.0,0,0,47.462415,48.88182811095255,2.570795311180663
1785505211791227300,1.027841800000033,20.431159736838225,82.00397120937998,0,0.0,0,0,52.165461904761905,60.31993848619605,2.5709840024503756
1785505212815915700,1.0246878999998899,19.51813815699605,78.33940217309937,0,0.0,0,0,51.23429,44.38382378297063,2.5818226999034946
1785505213834457800,1.0185304999999971,20.617939276241664,82.75364299350902,0,0.0,0,0,46.67162857142857,45.124326414619674,2.6078747343854216
1785505220402202500,1.0040797999999995,19.91873554273277,79.94726863342937,0,0.0,0,0,52.08467894736842,36.46392908000665,0.0
1785505221411919400,1.009710099999893,19.8076655863917,79.50147027350575,0,0.0,0,0,47.919574999999995,32.20160976289809,0.315227043343839
1785505222443423500,1.031510100000105,19.389049123220378,77.82128114886304,0,0.0,0,0,54.1388,58.49733391248204,1.1211299699269879
1785505223459539900,1.0161123000000316,20.667006983381018,82.95058466962497,0,0.0,0,0,46.09203333333333,43.55826250512449,2.136345134329858
1785505224483746200,1.0242092999999386,19.527258735105413,78.37600918094067,0,0.0,0,0,49.88832,59.06646702590851,1.9967176743953452
1785505225507413900,1.0236641999999847,20.514539826634863,82.33863153073172,0,0.0,0,0,50.13686190476191,58.17272416930014,2.0815783029133397
1785505226530126000,1.022713000000067,19.555828468004893,78.49067871435558,0,0.0,0,0,49.962,56.014503017146325,2.0017322552554884
1785505227563485600,1.033363399999871,20.321989340828814,81.5657970613344,0,0.0,0,0,52.488257142857144,57.3520760135374,1.9426584927862771
1785505228580245500,1.0167504000000918,19.670511071348677,78.9509770539483,0,0.0,0,0,47.408325,50.84192958358262,1.858779079023414
1785505229613697300,1.033460899999909,20.320072099488087,81.55810188368753,0,0.0,0,0,52.47786190476191,63.59083692596346,1.820966883578056
1785505230635760200,1.0220633000001271,19.568259617577024,78.54057326976717,0,0.0,0,0,51.102475,49.240893153127956,1.7943883190470276
1785505231652393600,1.0166251999999076,20.656580222487015,82.90873507267739,0,0.0,0,0,46.48564761904762,43.87663129761239,1.9053495994232075
1785505232684720800,1.0323350999999548,19.373554187977213,77.7590895630726,0,0.0,0,0,53.637969999999996,52.60953780147014,1.9502602378407836
1785505233701752600,1.01702790000013,20.648401091058872,82.87590672290231,0,0.0,0,0,46.534171428571426,44.02549385425611,2.019779863559033
1785505234731745300,1.0299963999998454,19.417543595300916,77.93564861004567,0,0.0,0,0,53.4913,46.138069476403906,2.036437296357371
1785505235751304800,1.0195581000000402,20.597158710228648,82.670236620156,0,0.0,0,0,46.67126666666667,44.70551320074889,2.0695513883993293
1785505236779378400,1.0280764000001454,19.4538071295063,78.08119853737392,0,0.0,0,0,53.378575,56.3773661005799,2.0724611215105915
1785505237802339500,1.0229600999998638,20.52865991547744,82.39530493419169,0,0.0,0,0,48.71011428571429,52.50861779757953,2.080050883824543
1785505238825546000,1.023207500000126,19.54637744543266,78.45274541086741,0,0.0,0,0,51.16239,44.6345266378996,2.06349602628793
1785505239857382600,1.0318355999997948,20.35207934287611,81.68656845627032,0,0.0,0,0,49.134057142857145,52.57564020700624,2.0371024820482675
1785505240869172400,1.0117860000000292,19.76702583352549,79.3383556404197,0,0.0,0,0,47.645095,45.38482143065101,1.9952541020764232
1785505241892842000,1.02367130000016,19.537521468069755,78.41720042360028,0,0.0,0,0,49.96441,64.13221898833116,1.98381307122886
1785505242924247900,1.0314077999998972,20.36052083375954,81.72044983081221,0,0.0,0,0,53.07946666666666,61.607488203596915,1.9668466873438262
1785505243939840300,1.0155887999999322,19.693009611765444,79.04127881284764,0,0.0,0,0,46.70688,49.89124519827418,1.9377590818289179
1785505244964953900,1.0251160000000255,20.48548652054936,82.22202109322058,0,0.0,0,0,49.982190476190475,63.91364632809573,1.9421888249039199
1785505245987271600,1.0223152000000937,19.563437969031632,78.52122075460939,0,0.0,0,0,50.076260000000005,61.741972179252414,1.931954700694382
1785505247013255600,1.0259848000000602,20.468139489004873,82.15239580059574,0,0.0,0,0,50.094119047619046,51.79249427587572,1.9329882184499276
1785505248043774500,1.030522099999871,19.40763812828711,77.89589131568363,0,0.0,0,0,54.11342499999999,55.40974102415638,1.9474831022879964
1785505249060027600,1.0162490000000162,20.664226975868775,82.93942663166081,0,0.0,0,0,46.121338095238094,51.97810146943111,1.9814449708110726
1785505250084182500,1.0241539999999532,19.528313124784862,78.38024115514236,0,0.0,0,0,49.82983,55.81676368472015,1.9764709446195523
1785505251107497200,1.02331560000016,20.521528255795882,82.36668079230574,0,0.0,0,0,50.06899047619048,61.47703230813037,2.0155711355122534
1785505252134119600,1.0266275999999834,19.481260780442998,78.19138848400462,0,0.0,0,0,53.689385,59.06354296753781,2.0465668170639835
1785505253155011600,1.020888899999818,20.570308874945887,82.56247019143319,0,0.0,0,0,46.447185714285716,52.38634160620767,2.0381377553302262
1785505254184617900,1.0296092000000954,19.424845854133924,77.96495748094769,0,0.0,0,0,53.75538,58.222636019304566,2.0241999766125898
1785505255203334000,1.0187106999999287,20.614292163615705,82.73900468013726,0,0.0,0,0,46.45706666666666,42.5744216154293,2.0445212421828645
1785505256235077300,1.0317469999999958,19.38459719291656,77.80341256141315,0,0.0,0,0,53.741020000000006,54.66429630056918,2.0604328926556503
1785505257264525200,1.029449300000124,20.399256184833455,81.87592081998585,0,0.0,0,0,49.02189047619048,46.84427210134559,2.056043954100666
1785505258275138400,1.0106077999998888,19.790070886057084,79.43085091962365,0,0.0,0,0,47.41547,49.3643160038344,2.0482664985786543
1785505259306684500,1.0315497999999934,20.357718066544276,81.70920044286814,0,0.0,0,0,52.08729523809524,57.579165404853484,2.050038459421122
1785505260324890700,1.018203400000175,19.642440793260526,78.83831216826246,0,0.0,0,0,47.603075000000004,48.17804217405614,2.054350084720172
1785505261354466600,1.0295790999998644,20.39668443153398,81.86559864609829,0,0.0,0,0,52.176676190476186,55.88520775612187,2.048786305480437
1785505262371278100,1.016807100000051,19.669414188786643,78.94657452725889,0,0.0,0,0,47.776945,47.263623933182934,2.005950361409546
1785505263406652000,1.035379599999942,20.282416226861315,81.40696356679688,0,0.0,0,0,52.223928571428566,52.84206072971741,1.9613229116387358
1785505264425967600,1.0193157999999585,19.621004599360486,78.75227431969883,0,0.0,0,0,50.965575,38.67901091772581,1.922127047603913
1785505265451865500,1.0258980000000975,20.469871273750417,82.15934661632248,0,0.0,0,0,48.85227142857143,44.43839805473576,1.9043883518156002
1785505266475114300,1.0232487000000674,19.545590431728556,78.44958659609802,0,0.0,0,0,51.162535,49.80148704820893,1.882919296687565
1785505267499518000,1.0244036999999935,19.523553067994705,78.36113584908031,0,0.0,0,0,51.220065,48.51863666065557,1.872670326435384
1785505268516134800,1.016612799999848,20.656832178389983,82.90974634099885,0,0.0,0,0,45.76813333333333,47.0176790021087,1.8954968958395975
1785505269539675600,1.023539400000118,19.540039201224396,78.42730577835182,0,0.0,0,0,50.012575,58.66014702586124,1.8963280148424366
1785505270563941300,1.0242676000000301,20.502454631972526,82.2901255248116,0,0.0,0,0,49.862995238095245,53.90183434774253,1.915355806956007
1785505271588634500,1.0246921000000384,19.51805815620053,78.33908107615643,0,0.0,0,0,50.183840000000004,58.03742572117989,1.9403894564149542
1785505272611148500,1.022512499999948,20.537646239044577,82.43137308835274,0,0.0,0,0,50.080085714285715,55.207649365140384,1.9499758214011014
1785505273637203400,1.0260576999999103,19.492081195825293,78.23481808090034,0,0.0,0,0,49.91968,55.39580918160545,1.9696470474383894
1785505274661346900,1.0241433000001052,20.504943009438076,82.30011305545946,0,0.0,0,0,49.7958238095238,50.88237032102479,1.9909886580376455
1785505275683296000,1.0219489999999496,19.570448231762043,78.54935764896679,0,0.0,0,0,50.1316,55.12674245421803,1.984746152478482
1785505276714784300,1.0314918999999918,20.358860791829937,81.71378696720805,0,0.0,0,0,52.60316666666667,61.49933421727697,1.9757289813766532
1785505277737192300,1.0224072999999407,19.561675664875594,78.51414744398309,0,0.0,0,0,51.120095,47.972641136243645,1.9718518819785533
1785505278760349700,1.0231584000000566,20.524681222378508,82.37933576560124,0,0.0,0,0,48.72226190476191,50.74134896259141,1.9601547971258086
1785505279783233700,1.0228835000000345,19.55256879204653,78.47759544463987,0,0.0,0,0,51.143604999999994,46.703448309818285,1.9267632645253694
1785505280804371800,1.0211340000000746,20.565371439985807,82.54265294759928,0,0.0,0,0,46.693514285714286,43.07813390248336,1.940104805965718
1785505281827644300,1.0232723999999962,19.545137736540216,78.44776962615262,0,0.0,0,0,49.986869999999996,48.22174050668214,1.9316278254575534
1785505282855746600,1.028106600000001,20.42589747016504,81.98285019763507,0,0.0,0,0,52.009971428571426,53.59508518043556,1.9182787552130591
1785505283883346800,1.027599599999803,19.462833578374138,78.11742774132588,0,0.0,0,0,51.379200000000004,46.1939110899398,1.9129035103315406
1785505284903938600,1.0205926000001,20.576280878381777,82.58643985366123,0,0.0,0,0,48.601,47.373351538982334,1.9129023798603428
1785505285929772900,1.0258335999999417,19.4963393673215,78.2519089840736,0,0.0,0,0,51.290535,45.8068746886118,1.895227582305355
1785505286950898500,1.021123100000068,20.56559096547576,82.54353405088416,0,0.0,0,0,46.841680952380955,46.56594852279527,1.8858298953159578
1785505287978889700,1.0279931000000033,19.455383504033183,78.08752558747695,0,0.0,0,0,53.271545,51.88894908727245,1.907615201541835
1785505289001234800,1.022345200000018,20.541007088407742,82.4448624349178,0,0.0,0,0,48.68395238095238,41.162447827948945,1.9428521481988534
1785505290020090100,1.0188493000000562,19.629988458547203,78.78833258264551,0,0.0,0,0,47.856385,44.049138671897765,1.944816487441441
1785505291052560900,1.0324772999999823,20.339430222824618,81.63579903887616,0,0.0,0,0,52.10323333333333,63.79984814697707,1.942455764701222
1785505292067527900,1.014963299999863,19.70514598902512,79.08999024891918,0,0.0,0,0,48.068275,45.305866162676935,1.9329321420135228
1785505293105161600,1.0376338999999462,19.274620846525,77.36200359298608,0,0.0,0,0,52.118875,54.48491257788589,1.9902586226981127
1785505294119925500,1.0147683000000143,20.69437919966529,83.06044776428158,0,0.0,0,0,50.650771428571424,51.20997179069857,2.0473163777743757
1785505295147460600,1.0275335000001178,19.464085599153417,78.12245294191459,0,0.0,0,0,51.374685,49.695388108844774,2.0662507230779625
1785505296175472700,1.0280129999998735,20.427757236535516,81.99031468961032,0,0.0,0,0,48.954676190476185,48.36692636777641,2.0610039024184643
1785505297189933600,1.0144506999999976,19.715102961632386,79.1299542698331,0,0.0,0,0,46.620825,56.38167086530007,2.0445926142972204
1785505298221430900,1.0315064000001257,20.35857460506056,81.7126383074208,0,0.0,0,0,53.02425714285714,59.9370675365885,2.030068318268765
1785505299247415400,1.0259848000000602,19.493466180004642,78.24037695294832,0,0.0,0,0,51.298235,56.281711624294886,2.0058043560751475
1785505300260109600,1.0126904999999624,20.736839142858337,83.2308680440896,0,0.0,0,0,45.891309523809525,45.38968676548567,2.0511958176264544
1785505301284968800,1.0248532999999043,19.5149881451344,78.32675905908435,0,0.0,0,0,49.99504,60.39448645185733,2.0497804360579135
1785505302307159800,1.0221963999999844,20.543997220104004,82.45686384240963,0,0.0,0,0,50.023042857142855,65.80758798895133,2.0572614781816387
1785505303331381200,1.024219500000072,19.527064266984365,78.37522864971264,0,0.0,0,0,50.050405,60.184787945988965,2.0495991282812738
1785505304356083400,1.0247041000000081,20.49372106542741,82.25507185440102,0,0.0,0,0,49.963742857142854,57.30099473266211,2.0465352707208946
1785505305388369700,1.032290299999886,19.374394973974095,77.76246420218118,0,0.0,0,0,53.830415,52.53286144939511,2.0655834654964624
1785505306412488300,1.0241182000002027,20.505445562822576,82.30213013984452,0,0.0,0,0,48.767971428571435,49.03076865580574,2.075410893137171
1785505307439099500,1.0266110000000026,19.481575786739036,78.19265281591547,0,0.0,0,0,51.330909999999996,53.658359888914944,2.0939987333061536
1785505308451541200,1.0124316999999792,20.74213993892174,83.2521437001644,0,0.0,0,0,46.371609523809525,53.80707819525146,2.139575000072994
1785505309484444100,1.0329133999998703,19.362707464151896,77.71555437271903,0,0.0,0,0,53.577245000000005,52.27348827731314,2.1580189196552384
1785505310501788600,1.0173403999999664,20.642058449660205,82.85044944150727,0,0.0,0,0,46.61988095238095,42.97279642807318,2.1840634179144836
1785505311533830500,1.0320458000001054,19.37898492489186,77.78088675908744,0,0.0,0,0,53.516795,53.277969559150456,2.1931251356716523
1785505312554091800,1.0202503000000434,20.583184342115956,82.6141480918912,0,0.0,0,0,46.681014285714284,51.95292528699694,2.2099830866637267
1785505313580024200,1.0259437999998227,19.494245201348708,78.24350368900701,0,0.0,0,0,53.2953,56.62225866585647,2.2196804493401796
1785505314601496500,1.021465500000204,20.558697283457743,82.51586507325325,0,0.0,0,0,46.9993,53.51876102947451,2.221450486449328
1785505315619416000,1.0179184999999507,19.647938415502782,78.86037782003558,0,0.0,0,0,49.75371,53.16358527744838,2.196938094072388
1785505316656489900,1.037081599999965,20.249129865963017,81.27336303623828,0,0.0,0,0,52.11551428571428,55.79587881195426,2.171774937579972
1785505317668928100,1.012434100000064,19.754372161110272,79.28756795133127,0,0.0,0,0,47.792545000000004,42.82077191260132,2.138996332346834
1785505318696118900,1.027186299999812,19.47066466910984,78.14885916996234,0,0.0,0,0,49.919485,52.54915911522402,2.136904233257527
1785505319723823100,1.0277132000001075,20.4337163325311,82.01423254560824,0,0.0,0,0,53.00468571428572,61.990576353073905,2.12294217270932
1785505320740487500,1.0166521000001012,19.67241301129266,78.95861081680941,0,0.0,0,0,49.20576,47.222252431247085,2.1192075937246613
1785505321772713700,1.0322383999998692,20.344137555823014,81.65469272893809,0,0.0,0,0,50.7029,51.69276688244691,2.119643958563934
1785505322793805900,1.0210931999999957,19.586850642037458,78.61519154177144,0,0.0,0,0,51.05526,46.837971922883696,2.1301652117714855
1785505323820281700,1.0264756999999918,20.458350840648414,82.11310737799315,0,0.0,0,0,48.88058571428571,53.8479888064567,2.087293373332111
1785505324841234200,1.02095230000009,19.58955379208043,78.62604109907282,0,0.0,0,0,51.0481,51.8076306851251,2.0467101906086955
1785505325864355700,1.0231157000000621,20.52553782529065,82.38277388861776,0,0.0,0,0,46.0033619047619,38.36340341338964,2.0438990609370356
1785505326883798500,1.0194448999998258,19.61851984349857,78.74230132497962,0,0.0,0,0,50.02514,54.64937244977389,2.0407356127200362
1785505327909332200,1.0255343999999695,20.477128802310897,82.18847595458767,0,0.0,0,0,50.02562857142857,50.52389367297559,2.058936454007001
1785505328940517100,1.0311869000001934,19.39512614056312,77.8456723024555,0,0.0,0,0,54.10693,51.96502185826134,2.0918857475085235
1785505329968429000,1.0279128999998193,20.429746528138416,81.99829905336806,0,0.0,0,0,48.94942380952381,41.306806380642705,2.081276323357868
1785505330980581900,1.0121482000001834,19.759952149296296,79.30996419297634,0,0.0,0,0,47.185195,43.50038697775209,2.0164106471995917
1785505332004268300,1.0236868999998023,20.514084921868253,82.33680569226418,0,0.0,0,0,50.09961428571428,54.60986304787155,2.019346297668089
1785505333036270500,1.0320058000002064,19.37973604411526,77.78390150518916,0,0.0,0,0,53.60114,57.722471614326565,2.031876260333866
1785505334051147400,1.0148752000000059,20.692199395551174,83.05169874581576,0,0.0,0,0,46.59131428571428,41.20438024079826,2.0661510455923047
1785505335076945400,1.025797399999874,19.49702738572203,78.2546704641773,0,0.0,0,0,49.73383,48.99905405847514,2.0684430601944133
1785505336101457900,1.0245104000000538,20.497595729627438,82.27062348512575,0,0.0,0,0,50.09511904761904,57.029706476314765,2.0472050363987373
1785505337124109700,1.0225605999999061,19.558743022175737,78.50237677845926,0,0.0,0,0,50.04017,52.219640929968506,2.0412592954343305
1785505338153934500,1.0299199000000954,20.38993517845228,81.83850935882703,0,0.0,0,0,51.990095238095236,57.79249220509941,2.0232361591089694
1785505339173702100,1.0197665999999117,19.612330900033136,78.71746093665644,0,0.0,0,0,47.762575,44.414758146943086,1.9689729539870053
1785505340207620300,1.033920500000022,20.3110393884245,81.52184754533661,0,0.0,0,0,52.30660476190476,57.718356559646395,1.9243879866799172
1785505341223967700,1.0163371000001007,19.678510210832624,78.98308297511923,0,0.0,0,0,47.672005,41.923218140165105,1.8796688177891954
1785505342259371300,1.035412999999835,20.281761963586845,81.40433756869331,0,0.0,0,0,52.299285714285716,65.93583616087906,1.8337553879375885
1785505343267997500,1.0086186000000907,19.829100910887625,79.58750463256654,0,0.0,0,0,47.794635,50.34112836699625,1.78671027120033
1785505344292518700,1.0245198000000073,19.52134063197203,78.35225585684086,0,0.0,0,0,49.5197,61.28347340546999,1.7826373377342744
1785505345324565100,1.0320552999999109,20.34774686976736,81.66917933080454,0,0.0,0,0,53.28116190476191,67.59950414067012,1.7517657708515333
1785505346349759600,1.0251943000000665,19.508497072212265,78.30070602225821,0,0.0,0,0,51.259425,57.056210011115354,1.7695223072260413
1785505347363782100,1.014016300000094,20.709726263767216,83.1220458438313,0,0.0,0,0,45.95525714285714,51.52323432760769,1.8393229518859946
1785505348396352300,1.0325769999999466,19.369015579468684,77.74087307775028,0,0.0,0,0,54.077125,69.13801008916398,1.8883343913131898
1785505349422503800,1.0261513000000377,20.464818394713554,82.13906601784444,0,0.0,0,0,48.864219047619045,45.60641016157289,1.8792961461390039
1785505350448297400,1.0257927000000109,19.497116717636796,78.25502901317113,0,0.0,0,0,51.289135,57.584326381762445,1.8887172478643162
1785505351461510000,1.013207599999987,20.72625590254186,83.18839039008499,0,0.0,0,0,45.88410476190476,50.05459019261346,1.9490764823282127
1785505352482503800,1.0209950999999364,19.588732600187058,78.62274510426641,0,0.0,0,0,49.986225000000005,72.32883505278168,1.957674623402248
1785505353516437100,1.0339384999999766,20.31068579030617,81.52042831851402,0,0.0,0,0,52.61160952380952,59.83523314363289,1.9458979117074937
1785505354538910800,1.0224729999999909,19.560418710323088,78.50910244084756,0,0.0,0,0,51.123305,60.01382707223635,1.944268706959822
1785505355556497700,1.0175813999999264,20.637169665248912,82.83082746501273,0,0.0,0,0,46.58710476190476,46.36330105957163,1.9762820993348427
1785505356589465000,1.0329729000000043,19.361592157935526,77.71107789952637,0,0.0,0,0,53.61253000000001,58.305284869285444,1.9958229069349478
1785505357604057600,1.0145893000001251,20.698030227597915,83.0751017924096,0,0.0,0,0,46.216947619047616,49.30034044326285,2.0421850539088675
1785505358636042000,1.031988100000035,19.380068432958986,77.7852356049428,0,0.0,0,0,53.801355,56.88515950205453,2.063939808644427
1785505359653504300,1.0174603999998908,20.639623910672352,82.84067800084313,0,0.0,0,0,46.31321428571429,46.801749747795604,2.0682995974912304
1785505360676707000,1.0231992999999875,19.546534091647878,78.45337413737576,0,0.0,0,0,50.374695,53.74949222416187,2.0735652348145392
1785505361702022000,1.0253141000000596,20.481528538424254,82.20613505168328,0,0.0,0,0,49.91509047619047,55.47275726398413,2.0953081618952627
1785505362725039100,1.0230214000000615,19.54993316855229,78.46701691674795,0,0.0,0,0,49.900345,56.96079771525672,2.0880414243864354
1785505363760686700,1.0356486000000587,20.277148059678552,81.38581887234264,0,0.0,0,0,52.3014619047619,52.91338278831241,2.046059366277825
1785505364781290200,1.0206031999998686,19.59625445031191,78.6529353425605,0,0.0,0,0,51.030335,53.83053459809898,2.0024446420800084
1785505365802745300,1.0214553000000706,20.558902577526936,82.51668905628487,0,0.0,0,0,48.64084761904762,43.73634531580821,2.0110643603819565
1785505366822259500,1.0195109999999659,19.61724787667879,78.73719606752913,0,0.0,0,0,48.077395,40.618224791179834,1.9974601059224733
1785505367844505600,1.0222458999999162,19.56476421182187,78.52654385799599,0,0.0,0,0,49.92694,54.69134454031816,1.996747738603733
1785505368868149800,1.0236469999999827,20.51488452562295,82.34001503936555,0,0.0,0,0,50.025461904761904,60.67050545159877,2.012782480342004
1785505369894586100,1.0264386000001195,20.459090295315818,82.11607530639454,0,0.0,0,0,51.48838095238096,59.18997390540579,2.0198367234895986
1785505370917340300,1.022754599999871,19.555033045075056,78.48748614771335,0,0.0,0,0,51.13787,72.7752894254499,2.0351539313799156
1785505371941280500,1.0239155000001574,19.53286184260022,78.39849821590518,0,0.0,0,0,49.045425,44.33923424796213,2.0504527122657774
1785505372968550000,1.0272939999999835,20.44205456276425,82.04769946578229,0,0.0,0,0,50.96658571428571,48.3030455588184,2.066445237680188
1785505374003332000,1.0347784000000502,19.3278097030234,77.57548621037712,0,0.0,0,0,51.733985,51.1431622121387,2.1207217735136155
1785505375013640600,1.010306299999911,20.78577556133407,83.4272827705889,0,0.0,0,0,45.90519047619048,49.453122988501995,2.1712324352807206
1785505376047336200,1.0336985999999797,19.347999503917674,77.65652144638831,0,0.0,0,0,54.00018,54.14544744466276,2.2107178272810506
1785505377060121100,1.0127824000001056,20.7349574795117,83.223315664837,0,0.0,0,0,45.98079047619048,42.90629004313825,2.2456668209638586
1785505378086167100,1.026044499999898,19.49233196026292,78.23582456707089,0,0.0,0,0,50.206845,54.860721954729904,2.217346130859267
1785505379121396200,1.035235099999909,20.285247283444935,81.41832649898309,0,0.0,0,0,52.590385714285716,56.039279756294924,2.176706247484899
1785505380132606100,1.0112020000001394,19.778441893901757,79.38417596087521,0,0.0,0,0,47.7063,47.6548349924748,2.156425583870344
1785505381160687700,1.0280837000000247,20.426352445816907,81.98467632061278,0,0.0,0,0,49.405185714285714,49.91835179053176,2.1447357808235967
1785505382190615900,1.0299311999999645,19.418772826768127,77.94058234181348,0,0.0,0,0,53.876760000000004,51.90384322216369,2.1214521982236203
1785505383204709800,1.0140945999999076,20.708127229946708,83.11562784675876,0,0.0,0,0,46.37072380952381,38.75610833976891,2.164235029171508
1785505384234618000,1.0299059000001307,19.419249855736783,77.94249697956853,0,0.0,0,0,53.510445000000004,49.52172824765089,2.195996134481089
1785505385251860100,1.0172362999999223,20.644170877505655,82.85892803373851,0,0.0,0,0,46.71662380952381,48.90768878345106,2.221695676926478
1785505386277554600,1.025697399999899,19.49892824141113,78.26229987519507,0,0.0,0,0,50.098395,52.44361242956673,2.204279775851087
1785505387301940800,1.024388700000145,20.500030896472236,82.28039744580164,0,0.0,0,0,49.53534761904763,55.021829183376106,2.1822835685564623
1785505388326296100,1.024350499999855,19.524567030526008,78.3652055619745,0,0.0,0,0,50.249705,49.46950663870969,2.150756065898407
1785505389353908600,1.0276227000001654,20.435515875619153,82.0214553210886,0,0.0,0,0,51.95762380952382,52.64724384439232,2.124216571901905
1785505390372262600,1.018349100000023,19.639630456784953,78.82703239979116,0,0.0,0,0,47.882985,44.90765015151445,2.0888392499087463
1785505391402083700,1.0298206999998456,20.391899288879266,81.84639265360721,0,0.0,0,0,50.048609523809525,55.08246794588914,2.0812542505998186
1785505392419755800,1.0176713000000746,19.65271104726893,78.8795335979251,0,0.0,0,0,50.095905,43.5555907743254,2.0670590481446576
1785505393445591700,1.025837299999921,19.496269047734508,78.25162674432504,0,0.0,0,0,52.086834999999994,56.355257807453064,2.073759490783411
1785505394475498900,1.0299118000000362,20.390095540219328,81.83915299834125,0,0.0,0,0,50.916552380952375,49.343868532347756,2.084146552986961
1785505395492036800,1.0165337000000818,19.67470434083827,78.96780746176299,0,0.0,0,0,46.867765000000006,46.813988749150106,2.0766649669845356
1785505396518882700,1.0268505999999888,20.450881559596137,82.08312813470715,0,0.0,0,0,52.668619047619046,53.39033392644795,2.061795806447755
1785505397540631700,1.021746599999915,19.574324984298126,78.56491766158722,0,0.0,0,0,49.006085,46.004654595472296,2.06634543109449
1785505398564662700,1.0240274000000227,20.507263770480687,82.30942782878479,0,0.0,0,0,48.202690476190476,46.77749859836356,2.07428351488185
1785505399588878300,1.0242173999999977,19.527104304222956,78.37538934605112,0,0.0,0,0,50.140969999999996,67.3068150452921,2.0697485416878503
1785505400624356800,1.0354812000000493,20.280426143901984,81.3989760267941,0,0.0,0,0,52.868771428571435,51.77576868230102,2.0511880646980902
1785505401636997800,1.0126350000000457,19.750453026015393,79.27183782902662,0,0.0,0,0,46.9617,46.72907483459138,2.033543383696381
1785505402672707200,1.0357139000000188,20.27586961997866,81.3806876348753,0,0.0,0,0,52.814057142857145,54.78432806928978,2.0139677678423915
1785505403694783200,1.0220766999998432,19.56800306670044,78.53954355872932,0,0.0,0,0,51.10355,45.614824929523216,2.012312248994988
1785505404710380300,1.015594100000044,20.677552183494463,82.99290964273656,0,0.0,0,0,46.275442857142856,37.62714500526942,2.0110405678443213
1785505405741960500,1.0315826999999445,19.387684574393383,77.81580429761406,0,0.0,0,0,53.769355,55.316834887814785,1.9793382634002166
1785505406766476400,1.0245159000000967,20.497485690556893,82.27018182440315,0,0.0,0,0,48.78669047619048,39.9527134745552,1.953882091683028
1785505407790493000,1.0240183999999317,19.530899054158922,78.39062022714177,0,0.0,0,0,51.202575,42.9748245011067,1.9079172915144915
1785505408804382600,1.01388350000002,20.712438855154055,83.13293329558903,0,0.0,0,0,46.57980476190476,37.18533125777524,1.9437737502537966
1785505409828980100,1.024597900000117,19.51985261730257,78.34628345421245,0,0.0,0,0,49.769265000000004,55.30600643721187,1.9667218119745915
1785505410859163700,1.0301863999998204,20.384660484746895,81.81733846905249,0,0.0,0,0,52.14237142857143,60.78154367248452,1.9797133811907588
1785505411877079000,1.0179136000001563,19.648032996117674,78.8607574355895,0,0.0,0,0,47.863524999999996,48.868901742571744,1.9721350341550774
1785505412907570500,1.0304948999998942,20.37855791426251,81.79284475353411,0,0.0,0,0,51.96308095238095,49.37684839774222,1.9430150104591852
1785505413927396100,1.0198204000000715,19.611296263536794,78.71330824525022,0,0.0,0,0,47.9801,54.63487772998606,1.8933318474802086
1785505414951480300,1.0240848999999344,20.506112335023538,82.30480634467455,0,0.0,0,0,50.026380952380954,52.02312064258179,1.8803881028944067
1785505415980955600,1.0294803000001593,19.42727801590463,77.97471938024222,0,0.0,0,0,53.162305,50.67136023612793,1.8678508330508559
1785505417003271300,1.022316499999988,20.541583746325376,82.44717695058328,0,0.0,0,0,48.68376190476191,46.745687946221054,1.874720314205363
1785505418020955600,1.0176795999998376,19.652550763524385,78.8788902715676,0,0.0,0,0,47.79872,47.349110296755484,1.8557969427933976
1785505419058116500,1.037164900000107,20.247503555122076,81.26683555815599,0,0.0,0,0,52.32540952380952,54.689773248111976,1.8311358859163305
1785505420077932500,1.019815299999891,19.61139433778071,78.71370188308468,0,0.0,0,0,50.989115,50.22553596307544,1.824648542427312
1785505421095760500,1.0178280000000086,19.649685408536442,78.8673896768406,0,0.0,0,0,50.89369,61.44104359683612,1.8236095113256663
1785505422119707300,1.0239475000000766,20.50886397984118,82.31585054408912,0,0.0,0,0,48.760404761904766,52.63118247257491,1.8400771720544067
1785505423142528200,1.0228162000000793,19.553855326106927,78.48275917021432,0,0.0,0,0,49.18847,110.92349743483523,1.8514755716701432
1785505424170832700,1.0283085999999457,20.42188502556636,81.96674556159935,0,0.0,0,0,50.824485714285714,121.33831077978333,1.8400244229259701
1785505425199113100,1.0282815000000483,19.44992689258638,78.0656245395801,0,0.0,0,0,51.4149,45.12040291057507,1.862573093228583
1785505426216624000,1.0175118999998176,20.638579263794128,82.83648513104869,0,0.0,0,0,48.45427142857143,41.23295077587999,1.9069771912297395
1785505427240638900,1.0240145000000211,19.530973438363993,78.39091878093362,0,0.0,0,0,51.200685,52.77993695349613,1.9096927030356703
1785505428260684700,1.0200406000001294,20.58741583422987,82.63113191277809,0,0.0,0,0,46.30495714285714,50.07062277032882,1.9326146062834473
1785505429285504800,1.024820200000022,19.515618447020824,78.32928888403866,0,0.0,0,0,49.736005,64.90013800194941,1.93020106987771
1785505430319060800,1.033560800000032,20.318108039700565,81.55021879215755,0,0.0,0,0,52.918,59.82560184034089,1.9125853509600317
1785505431337454500,1.0183939999999438,19.638764564599853,78.82355699268105,0,0.0,0,0,50.91987,49.51690813309286,1.9204949428675004
1785505432357806100,1.0203449999999066,20.5812739808613,82.60648052865228,0,0.0,0,0,46.35863809523809,77.5727226537813,1.958706188427996
1785505433389894700,1.0320937000001322,19.37808553622354,77.77727690808472,0,0.0,0,0,53.94411,89.72849471695973,2.0033121540053056
1785505434404018200,1.0141228999998475,20.707549351270107,83.11330843136732,0,0.0,0,0,46.349852380952385,68.4615119439866,2.0438496054008586
1785505435430718200,1.0266999000000396,19.479888913984727,78.18588226218479,0,0.0,0,0,49.91042,66.99052403775673,2.0204414293405533
1785505436459578100,1.0288602000000537,20.410936296300413,81.92280095487764,0,0.0,0,0,52.29124761904762,56.337906414408224,1.9906810917707944
1785505437477477400,1.017892800000027,19.64843449133295,78.862368905643,0,0.0,0,0,47.52501,47.82980811778472,1.9750434057094224
1785505438512455600,1.034985000000006,20.290149132596007,81.43800091305624,0,0.0,0,0,52.48594285714286,83.41289125613962,1.954608651015547
1785505439526100200,1.0136417999999594,19.73083588305139,79.19310105404415,0,0.0,0,0,47.228155,58.59337328847525,1.8923484473440773
1785505440555829100,1.0297327999999197,20.39363998116952,81.85337922129563,0,0.0,0,0,52.33418571428572,66.59288470627538,1.8811647755331025
1785505441680739500,1.1249113000001216,18.668138545677095,74.92778263938756,0,0.0,0,0,53.567933333333336,49.51263939604041,2.1013322734151463
1785505442708283900,1.0275435999999445,20.437088995543483,82.02776930828487,0,0.0,0,0,48.929790476190476,61.248493580821275,2.116265776260937
1785505443723013400,1.0147253000000092,20.695256144692372,83.0639675338727,0,0.0,0,0,45.24523333333333,47.40601628017622,2.1613220280047685
1785505444751990200,1.0289817999998832,19.43668974514639,78.01249497319498,0,0.0,0,0,54.678774999999995,72.57987667824561,2.1822021716734703
1785505445778151400,1.0261602000000494,20.464640901098083,82.13835361671204,0,0.0,0,0,48.86380952380953,50.091978958031845,2.1769441012230173
1785505446797634600,1.0194834000001265,20.598667913570143,82.67629406716141,0,0.0,0,0,48.54719047619047,45.268942689860836,2.1788055070850896
1785505447826603300,1.0289677999999185,19.43695419817956,78.01355640089648,0,0.0,0,0,51.44739,69.20766072044869,2.184033861940556
1785505448843789000,1.0171823999999106,19.662156954349346,78.91744636950763,0,0.0,0,0,48.78535,57.8603367632103,2.183221919695262
1785505449868766200,1.024977200000194,20.488260616915213,82.23315540578272,0,0.0,0,0,47.97834761904762,45.96269434099376,2.206019970345205
1785505450891076200,1.022309899999982,19.56353939250745,78.52162783516174,0,0.0,0,0,52.228385,59.19930537171846,2.2109494355687294
1785505451915298900,1.0242223999998714,20.503359426627103,82.29375707366934,0,0.0,0,0,47.73977619047619,83.59413080652794,2.2250815977995972
1785505452937895400,1.0225935999999365,19.55811184423728,78.49984343731957,0,0.0,0,0,50.03929,64.62162475586881,2.2192152225405066
1785505453963083500,1.0251912000001084,20.483983865641626,82.21598992947958,0,0.0,0,0,50.22371904761905,61.591173200407695,2.221648758838819
1785505454988155600,1.0250742999999147,19.510780828279145,78.3098722697532,0,0.0,0,0,49.821175,54.003394329205435,2.231297506436716
1785505456012586900,1.0244304000000284,20.499196431499318,82.27704817720917,0,0.0,0,0,50.12874285714286,70.17891600526166,2.2217371245336697
1785505457036224600,1.0236288999999488,19.538330736852977,78.42044856295482,0,0.0,0,0,49.821275,61.431041595587615,2.200113028853195
1785505458059601700,1.0233866000000944,20.520104523547662,82.36096639822352,0,0.0,0,0,50.04767142857143,57.703798972633884,2.2043942448153504
1785505459092811000,1.0332103999999163,19.357141585103694,77.69321476052362,0,0.0,0,0,54.190515000000005,53.59221881539457,2.2143181991330185
1785505460115505400,1.0226959000001443,20.53396322406009,82.4165906746943,0,0.0,0,0,48.70126190476191,47.159253926546334,2.2204313877940782
1785505461131835100,1.0163198000000193,19.678845182392017,78.9844274410461,0,0.0,0,0,47.318715,46.47365744537182,2.221817553721136
1785505462163617600,1.0317914999998266,20.352949215033785,81.69005983768443,0,0.0,0,0,52.46259047619048,57.28745176811327,2.2195775321187146
1785505463187745000,1.0241271000002143,19.528826060745597,78.38229991178166,0,0.0,0,0,51.20599,55.13969734019508,2.2057607121451257
1785505464201720400,1.013971999999967,20.71063106279136,83.12567741022706,0,0.0,0,0,46.45921428571429,50.0586684569045,2.2181202212051017
1785505465227357000,1.0256365000000187,19.500086044129315,78.26694691540183,0,0.0,0,0,50.39566,51.81311299555254,2.1894165244352974
1785505466260953800,1.0336006999998517,20.317323701505828,81.54707071600482,0,0.0,0,0,51.88854761904762,51.93355694906348,2.1670481962857737
1785505467283590000,1.022635799999989,19.55730476089358,78.49660406960216,0,0.0,0,0,51.1315,43.64922439974103,2.171191545944774
1785505468310201500,1.0266115000001719,20.455644613367845,82.10224546966977,0,0.0,0,0,48.886490476190474,51.6796742724246,2.1814398815602862
1785505469324268400,1.0140590999999404,19.722716358446146,79.16051194649772,0,0.0,0,0,47.568325,53.86132859223694,2.1814201469218824
1785505470358679900,1.0344195000000127,20.30124142091264,81.4825217187021,0,0.0,0,0,52.243009523809526,53.18126870456275,2.182827637081008
1785505471371930200,1.013242900000023,19.738603645778863,79.22427830483508,0,0.0,0,0,47.683139999999995,37.470230976257746,2.17260397911694
1785505472408922000,1.0369991000000027,20.250740815493423,81.27982885906052,0,0.0,0,0,52.21812380952381,59.895104502011726,1.9323284815464568
1785505473429054800,1.020133099999839,19.60528483979508,78.68918036284938,0,0.0,0,0,51.00665,47.7147105845114,1.9351292463960705
1785505474444957700,1.015896800000064,19.687039077196363,79.01731504616899,0,0.0,0,0,48.735820000000004,45.710254673743904,1.8796607381428136
1785505475474592500,1.0296407999999246,20.395462184483694,81.86069294748826,0,0.0,0,0,50.992080952380945,48.013297104652366,1.8553219037800435
1785505476490211100,1.0156130000000303,19.6925403672456,79.03939541931582,0,0.0,0,0,46.752325,49.28857759991686,1.838120767104984
1785505477515897100,1.0256870000000617,20.474082249261944,82.17624809029941,0,0.0,0,0,50.13637142857143,60.61990214246591,1.8174167528574199
1785505478544169000,1.0282772000000477,19.450008227352576,78.06595099064364,0,0.0,0,0,54.083735000000004,58.61440778199482,1.8152439091737156
1785505479564191500,1.020016299999952,20.587906291302392,82.63310044653596,0,0.0,0,0,46.06540952380952,35.267665954382416,1.849388996627158
1785505480591553700,1.027366499999971,19.46724951611773,78.13515186644909,0,0.0,0,0,53.99961499999999,57.13870457984145,1.856743435410078
1785505481611341600,1.0197852000001149,20.59257184748086,82.65182645815071,0,0.0,0,0,46.29747619047619,40.52536856367755,1.8800378294404072
1785505482635084100,1.0237372999999934,19.536261890623823,78.41214489303117,0,0.0,0,0,49.87143,51.65331153493809,1.8752134918384429
1785505483663811200,1.0287372000000232,20.413376710786316,81.93259597786304,0,0.0,0,0,52.50546666666667,53.45073129921922,1.8713226259780842
1785505484686351600,1.0225405999999566,19.559125574085613,78.50391221630066,0,0.0,0,0,51.12711,51.50975286648355,1.865375026394959
1785505485705507800,1.0191514999999072,20.60537613887819,82.70321868241147,0,0.0,0,0,46.28224761904762,42.307098316436445,1.8833224425292796
1785505486740284300,1.0347802999999658,19.32777421448849,77.57534377104265,0,0.0,0,0,54.099275,54.235260668148115,1.9134829165736986
1785505487754879900,1.0145944000000782,20.697926186068425,83.07468420384886,0,0.0,0,0,46.102266666666665,43.29018210804077,1.9524237319110735
1785505488779517100,1.0246291000000838,19.519258236954588,78.34389780652671,0,0.0,0,0,50.09778,54.0761362287674,1.9479311529483854
1785505489813634300,1.0341263999998773,20.306995353761874,81.5056161171497,0,0.0,0,0,52.53537142857143,63.66876294436812,1.9010460801892641
1785505490831312200,1.0176785999999538,19.652570074678692,78.87896778020452,0,0.0,0,0,50.8849,42.253606474265666,1.8779704427523374
1785505491852457500,1.0211395000001176,20.565260672021388,82.54220836133584,0,0.0,0,0,46.8491,47.52112021113349,1.90859626927069
1785505492886651000,1.034197899999981,19.338658490797908,77.61902968474551,0,0.0,0,0,53.573645,56.16792047325567,1.9542112867032317
1785505493901762900,1.0151091000000179,20.687431528295463,83.03256209110776,0,0.0,0,0,46.42950952380952,46.43880952708526,1.9880246812452893
1785505494932295800,1.0305359999999837,19.407376355605546,77.89484064603398,0,0.0,0,0,53.53166,46.74967898516749,1.9672158234703303
1785505495951962400,1.019660199999862,20.595096287962246,82.66195873391096,0,0.0,0,0,46.49061428571429,40.76755697751934,1.9822788019322217
1785505496972959000,1.020999700000175,19.588644345337784,78.62239087826005,0,0.0,0,0,50.253285,52.24960774673488,1.9928306831585076
1785505497999840700,1.0268846999999823,20.450202442397245,82.08040238110613,0,0.0,0,0,51.72234761904762,56.90103404464298,1.9918898927774178
1785505499028684800,1.0288441000000148,19.439291142360357,78.02293612802838,0,0.0,0,0,51.44213499999999,45.22526883201092,2.0082642740599717
1785505500044851000,1.0161614999999529,19.681910798628888,78.99673181871555,0,0.0,0,0,46.727675,44.65953220668426,2.0114846476580297
1785505501069439100,1.0245895000000473,20.49601328141566,82.2642720572445,0,0.0,0,0,49.959199999999996,66.57355179437252,2.0333231573391988
1785505502090945900,1.021508299999823,19.578891331576518,78.58324548122997,0,0.0,0,0,49.87256,55.507821772055834,2.0477693671896655
1785505503115785600,1.0248372000000927,20.491059458027188,82.24438903563646,0,0.0,0,0,50.1674380952381,53.09900114122182,2.072300778318977
1785505504140675500,1.024895400000105,19.51418652088589,78.3235416023838,0,0.0,0,0,53.8682,53.77905673015531,2.082898783749275
1785505505169700900,1.0290257999999994,20.407651586578307,81.90961720784848,0,0.0,0,0,49.00112380952381,41.55383212122445,2.0909582064666608
1785505506186472700,1.0167615999998816,19.670294393496302,78.95010738014629,0,0.0,0,0,49.492665,51.312001436355025,2.0856291890891754
1785505507211177100,1.0247088000000986,20.493627067512232,82.25469457761258,0,0.0,0,0,47.833595238095235,49.73150734791251,2.104018461264469
1785505508235603600,1.0244264999998904,19.52311854486597,78.35939181581946,0,0.0,0,0,49.81545,56.807280706294016,2.1053787074547214
1785505509268482300,1.0328807999999299,20.33148452367536,81.60390760967357,0,0.0,0,0,52.76308571428571,57.29750931347091,2.079139780663623
1785505510285421100,1.0169401000000562,19.666841734335087,78.93624953917696,0,0.0,0,0,47.098565,49.1013626917911,2.048104690552607
1785505511305734600,1.0203063999999813,20.582052606942764,82.6096056782566,0,0.0,0,0,50.12623333333334,50.15884261011545,2.053907967951664
1785505512342574700,1.0368479999999636,19.289230436863168,77.42064169483166,0,0.0,0,0,53.975985,53.992208569680386,2.075434438276488
1785505513369554700,1.0269784000001891,20.448336595975274,82.07291348579919,0,0.0,0,0,48.90224285714286,43.57277585578605,2.074587585039601
1785505514388584500,1.0190315999998347,19.626476745179684,78.77423771746923,0,0.0,0,0,50.953405,48.07681526828186,2.0699314888690075
1785505515414237800,1.02565420000019,20.474737001999415,82.17887605294688,0,0.0,0,0,48.84180952380953,41.00297095393095,2.0740879352288752
1785505516428174400,1.0139334999998937,19.72515949024477,79.17031787588478,0,0.0,0,0,47.36419,49.11925894750985,2.0348948830892954
1785505517451541500,1.0233674999999494,20.520487508154243,82.36250357276752,0,0.0,0,0,50.20765238095238,57.281344494858175,2.0081285872698085
1785505518477151600,1.0256059000000732,19.50066784912077,78.26928208973278,0,0.0,0,0,49.85857,52.69878322019949,1.976894013977511
1785505519502544200,1.0253933999999845,20.479944575418877,82.19977754391756,0,0.0,0,0,50.09972857142857,50.36636401356706,1.9763062140913905
1785505520538934300,1.036395999999968,19.297642985886302,77.45440690624287,0,0.0,0,0,53.688734999999994,51.007544433701945,2.031883206130952
1785505521551760400,1.0128208000000996,20.73417133613166,83.2201603432628,0,0.0,0,0,46.381485714285716,49.58987595445552,2.087655721696506
1785505522572146800,1.0203841000000011,19.600462218100006,78.66982394178811,0,0.0,0,0,50.05908,51.034262900099,2.067341769488051
1785505523608281600,1.0361418999998477,20.267494249584043,81.34707164627972,0,0.0,0,0,52.10185238095238,54.43240776316642,2.0166946289344674
1785505524634680400,1.02639790000012,19.485620537607943,78.20888711871937,0,0.0,0,0,51.31935,41.49713680813603,1.987498426533056
1785505525643452700,1.0087687000000187,19.826150434683022,79.57566238920627,0,0.0,0,0,48.598400000000005,46.01825256053584,1.943809886775828
1785505526676369100,1.0329205999998976,20.33070112068835,81.60076328713781,0,0.0,0,0,50.939480952380954,54.80021073244718,1.9076274750533035
1785505527692424300,1.0160498000000189,19.684074540440466,79.00541636836945,0,0.0,0,0,46.764375,50.53657816314702,1.8978953904349365
1785505528727671700,1.0352528000000802,20.284900461025916,81.41693446759426,0,0.0,0,0,53.14350952380952,59.763112940357324,1.8792714238050952
1785505529738200900,1.0105246999999054,19.79169831276947,79.43738287644777,0,0.0,0,0,48.87682,51.1614165355989,1.8400980130801545
1785505530766240300,1.0280394000001252,20.42723265275382,81.98820918243963,0,0.0,0,0,47.96017142857143,53.06408909451045,1.8510113241314325
1785505531787563300,1.0213245999998435,19.582412878337667,78.59737981442169,0,0.0,0,0,50.033535,57.153584393404174,1.8410888836462607
1785505532821019800,1.0334595000001627,20.320099626542397,81.55821236825122,0,0.0,0,0,52.760442857142856,53.7994027514021,1.8297035350571749
1785505533845505300,1.0244854000000032,19.52199611629403,78.35488675582859,0,0.0,0,0,51.224869999999996,49.916289471411936,1.826736010481295
1785505534868465500,1.022960299999795,20.528655901899818,82.39528882500805,0,0.0,0,0,48.71221428571429,42.7655820893775,1.834190987045104
1785505535892732500,1.0242674000000989,19.52615108124897,78.37156342180982,0,0.0,0,0,51.213919999999995,47.69755139521922,1.8428527255333722
1785505536907368500,1.0146334999999453,20.697128569085418,83.07148283099714,0,0.0,0,0,46.1293380952381,40.76312301559433,1.898310545318874
1785505537932035000,1.024664600000051,19.51858198282541,78.34118354434808,0,0.0,0,0,50.077524999999994,50.88526731673578,1.897341130764177
1785505538953825500,1.021788400000105,20.552200436017714,82.48978885940704,0,0.0,0,0,50.02142857142857,56.14070126361216,1.9075729102926833
1785505539987948400,1.0341288999998142,19.33994882069691,77.6242086455706,0,0.0,0,0,53.724104999999994,54.30094662322559,1.9556260911382437
1785505541002209400,1.0142534000001433,20.70488499224852,83.10261456849747,0,0.0,0,0,46.519933333333334,46.45844148925288,2.0082447579321396
1785505542029364800,1.0271576000000096,19.47120870253972,78.15104274163892,0,0.0,0,0,50.03816,57.40699264244639,2.00121602288042
1785505543052731500,1.0233656999998857,20.520523601682513,82.3626484403468,0,0.0,0,0,49.8476238095238,54.19189793735688,1.966418314063677
1785505544075692300,1.02295950000007,19.5511161487807,78.47176501121942,0,0.0,0,0,50.099275,55.21471275740757,1.969367640374971
1785505545102143900,1.0264603999999053,20.45865578448222,82.11433132248236,0,0.0,0,0,51.798547619047625,51.54866082076836,1.9769300748855725
1785505546124944200,1.022793800000045,19.554283571135375,78.48447800524062,0,0.0,0,0,48.191629999999996,46.21510749616635,1.975456781354306
1785505547152192000,1.0272465000000466,20.442999805790574,82.05149336113209,0,0.0,0,0,49.87150952380952,54.208063276996945,1.9912677106522298
1785505548178314700,1.0261298000000352,19.49071160393092,78.22932098843367,0,0.0,0,0,53.25028,48.09486769656514,1.9897275298447334
1785505549205634700,1.0273200999999972,20.441535213805373,82.04561496947274,0,0.0,0,0,48.9206,44.97153800248553,1.9824493982417324
1785505550232269700,1.0266341999999895,19.481135539805905,78.1908858091819,0,0.0,0,0,51.330895,43.69717532810601,1.987272162880523
1785505551253438600,1.0211699999999837,20.56464643497198,82.53974301536604,0,0.0,0,0,48.628414285714285,49.91429121422326,1.9619229548708126
1785505552268309300,1.0148644999999306,19.707064342088394,79.09768988865557,0,0.0,0,0,48.009465,41.60533404248312,1.898561223239676
1785505553291181000,1.0228759999999966,19.552712156703322,78.47817086333072,0,0.0,0,0,49.908075000000004,55.2058150653379,1.904305326071506
1785505554333856300,1.0426735999999437,20.14053103483308,80.83748296207418,0,0.0,0,0,53.42285714285715,48.269402117527534,1.8961927411486583
1785505555343919800,1.010063700000046,19.800731379614067,79.47363864278692,0,0.0,0,0,50.51111,50.138183515496245,1.8640353750326046
1785505556370809200,1.0268926000001102,20.45004511669258,82.0797709273501,0,0.0,0,0,48.90101428571428,40.46839124331835,1.8887627531879247
1785505557390613600,1.0198038999999426,19.61161356609945,78.71458179362182,0,0.0,0,0,50.98885,47.67119908291202,1.8954080941813907
1785505558416621100,1.0260081000001264,20.467674670402126,82.1505301712429,0,0.0,0,0,48.859033333333336,46.280543002608916,1.9119094372713754
1785505559440281900,1.0236611999998786,19.537714235923342,78.41797413051263,0,0.0,0,0,51.182875,47.07884928530316,1.9319955750020936
1785505560468184700,1.0279012000000876,20.42997906802542,81.99923239217235,0,0.0,0,0,48.944980952380945,37.11676293541261,1.951776776337955
1785505561485119500,1.0169333999999708,19.666971308052794,78.93676960556346,0,0.0,0,0,47.33669,47.325052788091895,1.9416598950472104
1785505562508000600,1.0228793999999652,20.530279522689295,82.40180550610646,0,0.0,0,0,49.75910476190476,47.85848276225936,1.9559127517131603
1785505563532095100,1.0240977999999359,19.529384791180345,78.3845424724133,0,0.0,0,0,50.10406,53.80905192132639,1.9741242951347067
1785505564555719100,1.0236230000000432,20.515365520312763,82.34194559422409,0,0.0,0,0,49.95862857142858,51.85765857904831,1.9766633135610858
1785505565580373000,1.0246506999999383,19.518846764074045,78.34224628939876,0,0.0,0,0,50.145635,47.76270971611172,1.9725629786562804
1785505566603965700,1.0235962000001564,20.515902657705052,82.34410148746852,0,0.0,0,0,50.278642857142856,52.47394497750833,1.9759169870416855
1785505567634290000,1.0303268000000116,19.411316875383395,77.91065659943922,0,0.0,0,0,53.225835,49.98666529563844,1.9576957698271678
1785505568652444400,1.0181512999999995,20.625618216074574,82.78446373834619,0,0.0,0,0,46.58956666666667,46.73835118458217,1.979882540335524
1785505569675350300,1.0229051999999683,19.552154002150562,78.47593061410039,0,0.0,0,0,49.786005,58.49344442481951,1.9659940211356364
1785505570701910200,1.0265290999998342,20.45728659811338,82.10883585766211,0,0.0,0,0,50.091009523809525,53.38419572033379,1.9321780488185614
1785505571730578600,1.0287013000001934,19.441989623223222,78.03376694477289,0,0.0,0,0,53.512085,51.86430720356296,1.9062043180840513
1785505572758839000,1.0282606999999189,20.422836348799148,81.97056386090283,0,0.0,0,0,48.96496190476191,42.567712932403076,1.8922396209835215
1785505573772416900,1.0135740999999143,19.73215377149208,79.19839062581293,0,0.0,0,0,47.602675,44.01306137141655,1.8627501833595685
1785505574803307400,1.0308944000000793,20.370660661265,81.76114777128824,0,0.0,0,0,52.01980952380952,59.40279155616262,1.8530599155312188
1785505575833638600,1.030331500000102,19.41122832796825,77.91030119916944,0,0.0,0,0,51.516915,44.85344797749403,1.8723312527050464
1785505576844342500,1.0106988000000001,19.788289053078916,79.42369922671323,0,0.0,0,0,46.17079,44.69597179694809,1.8505577725896836
1785505577869740900,1.025394199999937,20.47992859721782,82.19971341266138,0,0.0,0,0,50.23818095238095,54.28255378550846,1.8558033319066058
1785505578902665000,1.032932800000026,19.362343803972045,77.71409476008311,0,0.0,0,0,54.529970000000006,53.887448613940755,1.8771804541641706
1785505579915618000,1.01295059999984,20.731514448980352,83.20949647002855,0,0.0,0,0,45.720933333333335,42.50253009901097,1.9277930062880493
1785505580943465600,1.0278516000000764,19.458061844724,78.09827556817933,0,0.0,0,0,54.03481000000001,50.37800346590187,1.9312712670544319
1785505581964443100,1.0209707999999864,20.568658770652675,82.55584721424073,0,0.0,0,0,46.24939047619048,38.441166345857724,1.9319333215064196
1785505582989352300,1.0249083999999584,19.513939001769145,78.32254814186639,0,0.0,0,0,49.851330000000004,54.57269033149224,1.9528793042202421
1785505584019469000,1.0301230000000032,20.385915080043777,81.82237400291008,0,0.0,0,0,52.74845714285714,59.05496553077963,1.945495021985614
1785505585036603000,1.0171291999999994,19.663185365241713,78.92157407338227,0,0.0,0,0,46.924805,44.98642692950462,1.9596841908871478
1785505586067376400,1.0307787000001554,20.37294717090762,81.77032507073274,0,0.0,0,0,52.8288619047619,53.493882885508285,1.972443093279868
1785505587092999600,1.025622599999906,19.500350323795352,78.26800764726455,0,0.0,0,0,51.281115,43.79244828224292,1.979500661426271
1785505588108516900,1.0155119000000923,20.67922591551915,82.99962745389034,0,0.0,0,0,46.13804285714286,43.70894666095914,2.0215443801045496
1785505589133679300,1.0251641999998355,19.50906986412831,78.30300502106188,0,0.0,0,0,50.032545,57.61409928980264,2.0260284704221925
1785505590154062600,1.0203823000001648,20.58052163389801,82.60346085480548,0,0.0,0,0,49.98680952380952,52.9279711198805,2.0409274563226023
1785505591179574200,1.025512499999877,19.502443900003556,78.2764105752096,0,0.0,0,0,49.92142,56.208008950247994,2.0516356554119968
1785505592204046700,1.0244663999999375,20.49847608472204,82.27415694160896,0,0.0,0,0,50.04114285714286,56.25949603419472,2.068582912918142
1785505593228382400,1.0243407000000389,19.524753824581257,78.36595529202047,0,0.0,0,0,50.19868,54.35043245062642,2.0622874054912304
1785505594253314500,1.0249280000000454,20.489244122513064,82.23710287453974,0,0.0,0,0,49.79593333333334,54.380117804527906,2.063796225650303
1785505595276202200,1.0228936000000886,19.552375730963874,78.47682056080227,0,0.0,0,0,50.001934999999996,52.97314666659221,2.055889326560265
1785505596302686900,1.0264886999998453,20.45809174519229,82.11206745384796,0,0.0,0,0,51.97244285714286,56.99328141729139,2.0521910414807345
1785505597325848300,1.0231532000000243,19.547414795750555,78.45690899466287,0,0.0,0,0,48.024245,45.322966061026065,2.0445434466973906
1785505598353871400,1.0280256999999438,20.427504876581537,81.98930179956066,0,0.0,0,0,49.7446380952381,55.35188189017132,2.02123897361325
1785505599378062000,1.0241955000001326,19.527521845192066,78.3770652184955,0,0.0,0,0,53.51133,53.320992760638894,1.998598797015979
1785505600406564800,1.0285036999998738,20.41801113598578,81.95119703994293,0,0.0,0,0,48.97721428571429,45.825593377907126,1.9954634191887954
1785505601428079700,1.0215142000001833,19.57877824899195,78.58279160484072,0,0.0,0,0,51.075235000000006,40.96298887094718,1.9905311841939242
1785505602444375300,1.0162894000000051,19.67943383056037,78.98679008164368,0,0.0,0,0,49.264025,44.20139976102061,1.9620664482766357
1785505603468666900,1.024294399999917,20.501918198519586,82.28797245694874,0,0.0,0,0,47.44931904761905,49.955689918723166,1.9725592483961003
1785505604492570100,1.0238945000000967,19.533262460144194,78.40010616327406,0,0.0,0,0,49.860555,58.639377896637946,1.9924977729228044
1785505605517920300,1.025355899999795,20.480693581618052,82.20278380903339,0,0.0,0,0,50.480180952380955,63.48994267592009,2.0058488246960104
1785505606541601100,1.0236825000001772,19.537307710150888,78.41634246945327,0,0.0,0,0,49.512875,52.37970940474118,1.9876561407006157
1785505607564740700,1.0231401999999434,20.52504632307592,82.38080116000198,0,0.0,0,0,50.322985714285714,55.29620271705179,2.01817370626352
1785505608589652000,1.0249062000000322,19.513980889177343,78.3227162641786,0,0.0,0,0,49.710750000000004,56.99997891119185,2.019912892318564
1785505609612253500,1.0226041999999325,20.535804566421092,82.4239812187409,0,0.0,0,0,50.37396666666667,57.44543114957301,2.001145810030575
1785505610637299000,1.025045500000033,19.51132900929701,78.31207248848702,0,0.0,0,0,49.85185,56.68007435572046,1.9617230904886107
1785505611660661000,1.0233614999999645,20.52060782040435,82.362986466662,0,0.0,0,0,49.83897142857143,49.570442759169936,1.957440923625752
1785505612698609800,1.0379537000001164,19.268682215784533,77.33816787780707,0,0.0,0,0,54.43479,52.893670661510306,1.9870710603347153
1785505613708859100,1.0102443999999196,20.787049153652,83.43239455225559,0,0.0,0,0,46.1136,43.753466082654526,2.040226017296792
1785505614732354900,1.023492699999906,19.540930775570587,78.43088426522961,0,0.0,0,0,49.76408,62.42447608622422,2.05006276577687
1785505615755888900,1.0235417000001235,20.516995057453418,82.34848602161479,0,0.0,0,0,49.79597619047619,58.43322407172058,2.0693277361811604
1785505616794470800,1.0385830999998689,19.25700504851516,77.2912995599583,0,0.0,0,0,54.325239999999994,50.510915724231545,2.124633389375826
1785505617804152600,1.009681300000011,20.798642106177237,83.47892485975433,0,0.0,0,0,46.40954285714286,44.05410643707997,2.1730960355554725
1785505618828218400,1.024066400000038,19.529983602625045,78.38694590506732,0,0.0,0,0,49.927925,51.003015599543104,2.144403928049273
1785505619852575600,1.0243513000000348,20.500779371295067,82.28340157814719,0,0.0,0,0,50.01071904761904,63.98056972392962,2.1443953957088357
1785505620877366500,1.0247959999999239,19.51607929773485,78.33113858758813,0,0.0,0,0,49.71063,113.2255469466196,2.132074353593116
1785505621907947400,1.0305798000001687,20.376879112123643,81.78610659260565,0,0.0,0,0,50.032671428571426,92.79205922750687,2.118150087099855
1785505622934082900,1.0261380999997982,19.4905539517575,78.22868822433918,0,0.0,0,0,53.56681,80.31683770567598,2.1191646374290163
1785505623952176200,1.0180873000001611,20.626914803864732,82.78966781629302,0,0.0,0,0,46.44312380952381,52.97897938774307,2.1409835377646522
1785505624979634700,1.0274641999999403,19.465398405123178,78.12772211431276,0,0.0,0,0,53.513099999999994,65.8015087260723,2.1473254452937667
1785505625998339400,1.0187054000000444,20.614399413215132,82.73943514483807,0,0.0,0,0,48.51037142857143,73.90578601201088,2.169607020350185
1785505627020580400,1.0222353999999996,19.56496517338375,78.52735045176486,0,0.0,0,0,48.13277,64.0775442155428,2.168040662101446
1785505628046067500,1.0254838999999265,19.502987808976265,78.2785936473559,0,0.0,0,0,52.160645,75.57908516236817,2.173314400621467
1785505629069265700,1.0232052000001204,20.523742451658308,82.3755678479645,0,0.0,0,0,47.87280476190476,93.67727786135481,2.1852293287634263
1785505630092265400,1.0229971999999634,19.550395641357294,78.46887313083836,0,0.0,0,0,52.00703,85.54704697117562,2.182594001009465
1785505631114388300,1.0221219999998539,20.54549261243081,82.46286585653381,0,0.0,0,0,48.055995238095235,84.52471501229374,2.198349383958251
1785505632145678400,1.0312933000000157,19.393125117752337,77.83764085347862,0,0.0,0,0,54.33819999999999,93.8829706408042,2.2220295584469887
1785505633164037700,1.0183583000000453,20.621425680921014,82.76763627791539,0,0.0,0,0,46.48387619047619,67.73915752224045,2.2557750628652595
1785505636861254600,1.0249386999998933,15.610689692955946,62.656186169969665,0,0.0,0,0,67.93148666666666,72.45375952539726,0.0
1785505639828622600,1.0547816000000694,19.909334785512584,79.909537078571,0,0.0,0,0,52.36008,40.529260820737505,0.0
1785505640845674900,1.017048799999884,20.6479767735849,82.87420365179095,0,0.0,0,0,46.393271428571424,59.57464266441002,2.0963358378809067
1785505644657033200,1.0027757000000292,19.944639663684928,80.05123927514165,0,0.0,0,0,51.48217368421052,38.185097355394234,0.0
1785505645657755500,1.0007207000001017,19.985596380686406,80.21562609826282,0,0.0,0,0,48.69801,71.97830846254563,0.11623903736668768
1785505646680980300,1.023223299999927,19.546075622008832,78.45153399067998,0,0.0,0,0,50.169065,88.00850857702862,0.974517058922568
1785505647707183000,1.0262030999999752,20.463785385174248,82.13491985650992,0,0.0,0,0,50.04741428571428,66.85149607628303,1.5080574072019468
1785505648738661300,1.0314825000000383,19.38956792771497,77.82336345987162,0,0.0,0,0,53.379425000000005,62.957148079658744,1.687621309380103
1785505649756958000,1.0182958999998846,20.62268933814069,82.77270818335766,0,0.0,0,0,46.4285,59.3474312825669,1.9534730527191977
1785505650777623200,1.0206630000000132,19.595106318147852,78.64832711678484,0,0.0,0,0,50.144915,87.62520485792271,1.8822000699354269
1785505651805359700,1.027739800000063,20.433187466320476,82.012109850173,0,0.0,0,0,51.847833333333334,155.34607578550973,1.8803339786602287
1785505652827109700,1.021746599999915,19.574324984298126,78.56491766158722,0,0.0,0,0,48.105075,58.720695297895524,1.8477989362530705
1785505653860091000,1.0329847000000427,20.329439535744463,81.5956996991306,0,0.0,0,0,52.03010476190476,63.11214134426494,1.8072766342588364
1785505654877009100,1.016918700000133,19.667255602633116,78.93791067072472,0,0.0,0,0,50.846715,47.44282198728414,1.7580394432244244
1785505655897206500,1.0201933999999255,19.60412604120107,78.68452932552383,0,0.0,0,0,46.88453,50.007796029125615,1.725985155794484
1785505656925176100,1.0279740999999376,20.4285302518821,81.99341731956585,0,0.0,0,0,52.880338095238095,62.05787326544857,1.7433262800006573
1785505657945902700,1.0207150999999612,19.594106132064432,78.64431269803204,0,0.0,0,0,47.03288,48.38652538455417,1.722290921736545
1785505658972831900,1.026937500000031,20.44915099506968,82.07618221653944,0,0.0,0,0,52.709047619047624,64.69580281245932,1.741086187054398
1785505660004336700,1.0315063000000464,19.389120551177534,77.82156783724577,0,0.0,0,0,51.579065,52.28098912536569,1.7818802779671825
1785505661018408900,1.014063999999962,20.708752110321228,83.1181359115432,0,0.0,0,0,45.85310952380952,40.82346794273981,1.8811704636665465
1785505662042740100,1.0243361000000277,19.524841504657953,78.36630721107831,0,0.0,0,0,49.83974,58.42980586069336,1.8759528316980738
1785505663076248800,1.0335119999999733,20.31906741286075,81.55406940122822,0,0.0,0,0,52.96147142857143,59.910499651422896,1.8531083820154632
1785505664087446100,1.0111971000001176,19.77853773512372,79.38456063609227,0,0.0,0,0,46.9641,49.40402335489009,1.812486143364104
1785505665113303000,1.0258506999998644,20.470815100094754,82.16313482557563,0,0.0,0,0,50.17722380952381,51.23554020775915,1.8207865849717877
1785505666139282800,1.0259762000000592,19.4936295793205,78.24103278418677,0,0.0,0,0,49.97459,55.16111693535297,1.827239604001627
1785505667163341300,1.0240651999999955,20.506506812261655,82.3063896468705,0,0.0,0,0,50.00984761904762,60.705643133951064,1.8410849811216257
1785505668187297600,1.023955899999919,19.532091176975086,78.39540501696055,0,0.0,0,0,50.108405,61.23931608719039,1.8396394155584468
1785505669209186900,1.0218896000001223,20.550165105895477,82.48161971213908,0,0.0,0,0,49.805819047619046,58.79855426773364,1.8595566527870164
1785505670234962800,1.0257762999999613,19.497428435420815,78.25628014607378,0,0.0,0,0,50.172035,54.753242652777864,1.8637800702408747
1785505671266826500,1.0318666999999095,20.3514659403214,81.68410645968844,0,0.0,0,0,52.20694761904762,67.99843083023768,1.8503507503743817
1785505672281315000,1.014483600000176,19.71446359507096,79.1273880622477,0,0.0,0,0,47.559965,55.098612164490326,1.8278145099462404
1785505673316580300,1.0352705999998761,20.2845516911255,81.41553461965411,0,0.0,0,0,52.312533333333334,57.06024956202289,1.8090926908437468
1785505674329273800,1.0126913000001423,19.749355010749266,79.26743075603466,0,0.0,0,0,47.55946,47.13565376340482,1.7864507153792302
1785505675363553300,1.0342801999997846,20.303975653797078,81.49349603233007,0,0.0,0,0,52.1787,59.91709406147798,1.8014763912358218
1785505676378088700,1.0145297000001392,19.71356777430691,79.12379253164198,0,0.0,0,0,47.692115,52.664708738178085,1.8132770187690417
1785505677408004900,1.0299141000000418,20.390050005140377,81.83897023547554,0,0.0,0,0,50.23013809523809,51.87750286111964,1.804934261080416
1785505678428227000,1.020232599999872,19.603372799499358,78.68150606049059,0,0.0,0,0,52.802655,47.189227160148306,1.796015348176288
1785505679452099400,1.0238644000000932,19.533836707280944,78.40241100285614,0,0.0,0,0,49.202995,44.739169924145365,1.7723732906531664
1785505680477670000,1.0255753999999797,20.476310176707063,82.18519026002541,0,0.0,0,0,50.729390476190474,52.23567925701651,1.7464230055492593
1785505681499114700,1.0214392000000316,19.580215836634604,78.58856160992991,0,0.0,0,0,49.08721,49.58914869146379,1.7483054619644478
1785505682528636500,1.029529299999922,20.39767105219987,81.86955861771627,0,0.0,0,0,50.917142857142856,46.387789523468044,1.743435493425156
1785505683550958600,1.0223227999999835,19.56329253343496,78.5206370238454,0,0.0,0,0,51.11729,47.91940744025491,1.7448933401789462
1785505684569612900,1.0186479000001327,20.615563041947333,82.74410556875345,0,0.0,0,0,46.05830476190476,43.083275432045276,1.7884561562933539
1785505685594071500,1.0244582999998784,19.522512531747143,78.35695947800855,0,0.0,0,0,49.81519,59.82589893753461,1.8061612093419963
1785505686618288000,1.0242207999999664,20.503391456217926,82.29388562993718,0,0.0,0,0,50.14616666666667,56.58591694026292,1.820084456005578
1785505687640747100,1.0224547000000257,19.560768804720148,78.51050760488262,0,0.0,0,0,49.89208,55.692323947329726,1.8224927216041273
1785505688675819500,1.0350780000001123,20.28832609716149,81.4306838470056,0,0.0,0,0,52.87612380952381,49.96064320778811,1.8098288325085954
1785505689699372100,1.0235523999999714,19.539791025843485,78.42630968380539,0,0.0,0,0,51.17721,47.95231055767693,1.8106100658765958
1785505690714096800,1.0147205999999187,20.695352001330892,83.06435227096676,0,0.0,0,0,46.23657619047619,37.94404329646361,1.8259148774974565
1785505691737516400,1.023417800000061,19.542360900893854,78.43662431901733,0,0.0,0,0,49.869925,64.92428914107225,1.7830635390594791
1785505692763327400,1.0258120000000872,20.47158738638095,82.16623452932197,0,0.0,0,0,50.06426666666667,59.97918714082689,1.7817828166339622
1785505693789762400,1.0264417999999296,19.48478715500613,78.20554219440938,0,0.0,0,0,53.53576,50.639934799319875,1.8082472510462992
1785505694809636400,1.0198671000000559,20.590918169630974,82.64518913787433,0,0.0,0,0,46.70590476190476,37.03816723132337,1.8527863986280018
1785505695839214100,1.029583399999865,19.425332615116584,77.96691117981364,0,0.0,0,0,53.430845,52.83696082300797,1.869047856166725
1785505696857379300,1.0181577000000743,20.62548856625891,82.78394336652745,0,0.0,0,0,46.66008095238095,41.27133568342099,1.8884383803015496
1785505697882564900,1.0251854000000549,19.508666432431568,78.30138577860717,0,0.0,0,0,50.19126,45.19113874431346,1.8873420542422896
1785505698907918300,1.0253549999999905,20.48071155843605,82.2028559620822,0,0.0,0,0,49.83921904761904,51.11178411457204,1.888282481872596
1785505699929383300,1.0214657999999872,19.579705948060376,78.58651508450014,0,0.0,0,0,50.05705,47.807760416644314,1.8704211397509323
1785505700961661000,1.0322823999999855,20.343270407400432,81.6512122797029,0,0.0,0,0,51.95074761904762,51.333935937804526,1.8501538110538605
1785505701978909000,1.0172419000000446,19.661006885382054,78.9128303700393,0,0.0,0,0,47.8021,45.59333874248922,1.8495203145442605
1785505703009164900,1.0302615999999034,20.38317258451831,81.8113665257522,0,0.0,0,0,51.97459047619048,55.72886456917012,1.8587361781711476
1785505704032980000,1.0238162000000557,19.534756336145993,78.40610209136722,0,0.0,0,0,51.191535,41.26816612415453,1.8791974118617105
1785505705060686500,1.0277059000000008,20.433861477296162,82.01481510906956,0,0.0,0,0,48.937599999999996,46.19503573954673,1.8975673340590615
1785505706076510600,1.0158157999999275,19.68860889937076,79.02361579727912,0,0.0,0,0,47.596645,36.43755720768967,1.898510893380385
1785505707098208700,1.0216967999999724,19.57527908475444,78.56874710775463,0,0.0,0,0,50.262175,55.815716115425445,1.9124015217365207
1785505708129871200,1.0316729000001033,20.355288968042,81.69945083852795,0,0.0,0,0,52.953833333333336,73.16363924072759,1.9084941360970762
1785505709145133100,1.015253600000051,19.699511530911092,79.06737538285604,0,0.0,0,0,49.14866,48.732169141396575,1.8990779570670262
1785505710169655000,1.0245234999999866,20.497333638516125,82.26957153740359,0,0.0,0,0,47.80063809523809,46.30478951747299,1.9021236478249246
1785505711194418400,1.024767699999984,19.51661825406901,78.33330178146838,0,0.0,0,0,50.346435,54.608811809578626,1.9044678013065583
1785505712222079600,1.0276627999999164,20.43471846991222,82.01825479622971,0,0.0,0,0,52.3087380952381,56.68920934663383,1.9055609404638738
1785505713241865400,1.0197783999999501,19.61210396297958,78.71655008578719,0,0.0,0,0,47.20405,45.913332122924814,1.9054101345968093
1785505714265273300,1.0234093000001394,20.51964937195425,82.35913956907419,0,0.0,0,0,50.101890476190476,45.59224676736061,1.914976112919555
1785505715287802900,1.022534399999813,19.559244168219333,78.50438821423971,0,0.0,0,0,50.06009,51.82417501488643,1.889684435308292
1785505716313615000,1.0258108000000448,20.47161133417496,82.16633064790926,0,0.0,0,0,49.8875380952381,55.247610704947924,1.8878531427531344
1785505717338333500,1.0247192000001633,19.51754197637442,78.33700929970593,0,0.0,0,0,50.053965,55.047829706999494,1.8856887941941456
1785505718362998200,1.0246645999998236,20.494511081971226,82.25824272158374,0,0.0,0,0,49.73065714285715,45.04142401502833,1.892689645919193
1785505719386920500,1.0239232999999786,19.53271304598735,78.39790099512501,0,0.0,0,0,50.69742,70.04147169899153,1.9135522004971006
1785505720409499400,1.022571599999992,20.536459256251753,82.42660892890108,0,0.0,0,0,49.62967142857143,101.51578470018416,1.9219237063842334
1785505721445856300,1.0363636000001861,19.29824629116307,77.45682837566427,0,0.0,0,0,53.853335,82.4787581889982,1.9242058286859771
1785505722458501300,1.0126424000000043,20.737824132191097,83.2348214680717,0,0.0,0,0,46.274990476190474,57.94862778735925,1.9722673077111836
1785505723492721800,1.0342227999999523,19.33819289228677,77.61716092509631,0,0.0,0,0,53.754655,66.7390730784683,2.0024390337109375
1785505724507326600,1.0146041999998943,20.69772626606729,83.07388179056305,0,0.0,0,0,46.262119047619045,163.6594458070527,2.0324318400930195
1785505725541026100,1.0337031000001389,19.34791527663728,77.65618338572189,0,0.0,0,0,53.843975,72.11394619978255,2.0431175636760885
1785505726556759800,1.0157328000000234,20.6747286294186,82.98157682315473,0,0.0,0,0,48.36662380952381,79.00750553917587,2.059685941738615
1785505727593718700,1.0369586999997864,19.28717122485603,77.41237669351396,0,0.0,0,0,51.84773,74.00602076215506,2.0752371373181324
1785505728601750000,1.00802560000011,19.840765948799135,79.63432426715278,0,0.0,0,0,48.232845,77.5032435670274,2.0476657193304977
1785505729624408100,1.0226582000000235,20.53472020270264,82.41962893858188,0,0.0,0,0,48.12939523809524,97.07460775360093,2.055248241101903
1785505730654691400,1.030289699999912,15.529612690490223,62.33076968546369,0,0.0,0,0,67.85260625,247.1793942425581,3.8573541115064662
1785505731683680900,1.028988199999958,24.2957110684078,97.5150121983946,0,0.0,0,0,41.157120000000006,65.63304871474178,5.040964718297755
1785505732698631500,1.0149486000000252,19.70543138834765,79.09113574815316,0,0.0,0,0,48.733819999999994,82.56155606358585,5.039474276336548
1785505733721294200,1.0226582000000235,20.53472020270264,82.41962893858188,0,0.0,0,0,48.12831428571429,101.04364500337113,5.047287101123145
1785505734746705200,1.0254085000001396,19.504421896246498,78.28434960309873,0,0.0,0,0,49.80192,77.52451983867054,5.048867092659425
1785505735769503200,1.02279899999985,20.53189336321514,82.40828293243577,0,0.0,0,0,50.160490476190475,98.42520425187293,5.0541369064524
1785505736793456300,1.023959800000057,19.532016784251578,78.3951064289785,0,0.0,0,0,52.050665,72.9164644299451,5.060720220763247
1785505737825292900,1.0318394999999327,20.352002418982185,81.68625970900077,0,0.0,0,0,50.755652380952384,199.5042626215932,5.0573291293610705
1785505738849142200,1.0238484999999855,19.53414006076122,78.4036285641881,0,0.0,0,0,51.19121,57.0169871333549,5.062552966356898
1785505739876815600,1.0276734999999917,20.434505706335884,82.01740083304735,0,0.0,0,0,48.93645238095238,71.31467363932627,5.067855574851943
1785505740895289600,1.0184734000001754,19.63723353010158,78.81741192257567,0,0.0,0,0,50.92449499999999,79.58075838995566,5.061427057610259
1785505741914213500,1.0189182999999957,20.61009209472446,82.72214698175542,0,0.0,0,0,46.36099047619047,80.97292973749255,5.0686616220394045
1785505742938400500,1.0241865999998936,19.527691535899883,78.3777463013169,0,0.0,0,0,49.8163,154.63380272832023,5.07113941082683
1785505743962165900,1.0237620000000334,20.512580072320826,82.33076571995957,0,0.0,0,0,50.11677619047619,145.198447885881,5.0766911913875195
1785505744986130800,1.0239687000000686,19.53184701836947,78.39442504443214,0,0.0,0,0,50.169925,97.94737775065956,5.07440184134472
1785505746009677500,1.023549199999934,20.516844720313742,82.3478826176655,0,0.0,0,0,50.463704761904765,84.43684715168182,5.077962229071808
1785505747042217200,1.032543300000043,19.369647742616863,77.74341037319854,0,0.0,0,0,53.070975,88.52149881304705,5.087721353025867
1785505748063416200,1.0211996000000454,20.564050358028997,82.53735055810466,0,0.0,0,0,48.62937142857143,54.6710695913766,5.092296370667334
1785505749081841500,1.0184217999999419,19.63822848254146,78.82140533520058,0,0.0,0,0,48.063525,62.50564981962472,5.086458636609374
1785505750234289200,1.1524517999998807,13.883443975706104,55.723588613429776,0,0.0,0,0,75.602125,266.9436732276443,6.77328340728273
1785505751244699500,1.010408600000119,15.835177966614811,63.55720844022155,0,0.0,0,0,63.14685625,205.87207394523088,7.342080919384347
1785505752257446600,1.0127422000000479,31.597379866266547,126.8215148929253,0,0.0,0,0,30.532225,101.3060123625062,11.419380454124136
1785505753280978600,1.0235342999999375,19.540136564061626,78.42769656083328,0,0.0,0,0,49.680745,89.57439659118103,11.413299105027338
1785505754307400200,1.0264173000000483,20.459514858137148,82.11777936224968,0,0.0,0,0,50.112171428571436,92.79682551614113,11.405956081587519
1785505755335380200,1.0279880999999023,19.455478132482178,78.08790539502124,0,0.0,0,0,53.385419999999996,68.5827605581952,11.403217401661642
1785505756360341800,1.0249615000000176,20.488574448893583,82.23441502436779,0,0.0,0,0,48.807966666666665,70.6886570921837,11.397025433536628
1785505757384449400,1.0241066999999475,19.529215071047798,78.38386127149067,0,0.0,0,0,51.204719999999995,69.8345127199529,11.392982096740523
1785505758413477300,1.0290268000001106,20.40763175458379,81.90953760872986,0,0.0,0,0,48.998828571428575,86.0405074027527,11.383048569403257
1785505759538934000,1.125459299999875,13.32789199929457,53.49378527060613,0,0.0,0,0,75.03528666666666,263.00093040124364,12.403613262091643
1785505760557274700,1.0183402000000115,27.495722942097036,110.35880985548712,0,0.0,0,0,36.36924285714286,73.38418315248427,13.613009139124665
1785505761574479300,1.0172019999999975,19.661778093240134,78.91592574532905,0,0.0,0,0,47.99409,77.31164322871496,13.17846389022026
1785505762598905500,1.0244264000000385,19.523120450624123,78.35939946490737,0,0.0,0,0,49.91438,136.41457068825778,12.813619426341699
1785505763631021300,1.0321185000000241,20.34650091050544,81.66417845915758,0,0.0,0,0,53.12265238095239,85.09675413363672,12.812893142985539
1785505764648402100,1.0173698999999488,19.658533243416194,78.9029019828521,0,0.0,0,0,49.14563,109.06904221213615,12.81105265054408
1785505765668770800,1.020372800000132,20.580713245195565,82.60422991968142,0,0.0,0,0,47.703223809523806,71.78440312182657,12.810635086834168
1785505766702528400,1.033762999999908,19.346794187837812,77.65168370313809,0,0.0,0,0,54.338710000000006,93.09984193042096,12.816304987708566
1785505767726108700,1.0235812999999325,20.516201302233036,82.34530014861112,0,0.0,0,0,48.7441,88.76755273147953,12.815356085710526
1785505768933778800,1.2076706000000286,13.248645781390739,53.175716954605406,0,0.0,0,0,75.48255,281.6904653851221,13.749388805296825
1785505769972473200,1.0386846999999761,27.9199260372283,112.06142188770343,0,0.0,0,0,33.962631034482754,68.76728206079287,14.969579757712843
1785505770995505700,1.023034700000153,19.54967900893001,78.46599680342025,0,0.0,0,0,49.832710000000006,141.80512101201236,14.972819017527083
1785505772027195900,1.0316957999998522,20.354837152582196,81.69763739952424,0,0.0,0,0,52.94114761904763,85.4636815716572,14.97037120608825
1785505773053094600,1.02589920000014,19.495092695264088,78.24690525149941,0,0.0,0,0,51.29602,87.3153856737782,14.971560810320396
1785505774078305200,1.025210399999878,20.48360024440105,82.21445019969562,0,0.0,0,0,48.81859047619047,52.30532060871919,14.968969708933557
1785505775093099700,1.0147898000000168,19.708515004781944,79.10351237270878,0,0.0,0,0,46.97258,90.63065745299842,14.968094732377194
1785505776121628900,1.0285334000000148,20.417421544112905,81.94883061162504,0,0.0,0,0,52.564766666666664,71.27731872086893,14.964546467374552
1785505777139754100,1.0181225000001177,19.644001581339857,78.8445766594793,0,0.0,0,0,47.284915,89.78533385086239,14.964623345768377
1785505778168688500,1.028939199999968,20.40936918333042,81.91651107762502,0,0.0,0,0,52.44855714285714,73.23547481430411,14.957054056608623
1785505779193408700,1.0247199999998884,19.517526739013757,78.33694814193998,0,0.0,0,0,51.235924999999995,108.81761659062414,14.958790379903647
1785505780211816500,1.0184046000001672,20.62048816354183,82.76387339077824,0,0.0,0,0,46.1933380952381,66.76707654403836,14.960430486067107
1785505781235111600,1.0232939999998507,19.544725171849848,78.44611372685827,0,0.0,0,0,50.140155,60.83744614731842,14.209848532371657
1785505782262792900,1.0276847000000089,20.434283005283447,82.01650698409665,0,0.0,0,0,52.20989047619047,65.53753705543797,13.802833262409624
1785505783288080000,1.0252878000001147,19.50671801614899,78.29356547497301,0,0.0,0,0,51.269175,84.86002403508768,10.916942694331713
1785505784307970100,1.0198857000000316,20.590542646101763,82.64368190964672,0,0.0,0,0,46.757442857142856,59.32147751074286,10.917374464431143
1785505785331697700,1.0237282999999024,19.536433641623375,78.41283424518757,0,0.0,0,0,50.056484999999995,68.29470199215406,10.920258384176085
1785505786360759700,1.0290661999999884,20.40685040476525,81.90640152693865,0,0.0,0,0,51.88865714285715,67.2207634480119,10.914028582864745
1785505787385567100,1.0248065999999199,19.51587743482679,78.33032837611144,0,0.0,0,0,51.23777,183.5609024252,10.916863732788771
1785505788407962700,1.0223912999999811,20.54008088683891,82.4411449657304,0,0.0,0,0,46.84428571428572,150.90123121890784,10.91555262733575
1785505789833184000,1.4252251000000342,11.226296814446796,45.0586717845472,0,0.0,0,0,91.49826875000001,349.0937559462056,12.690260848794402
1785505790861720800,1.0285346000000573,32.08448213603914,128.77658357336023,0,0.0,0,0,29.773684848484848,60.69074846642671,14.686557352913342
1785505791893554500,1.0318354000000909,19.382936464477027,77.79674694238338,0,0.0,0,0,53.887895,74.72194543573193,13.676516657974839
1785505792907805900,1.0142468999999892,20.705017683564254,83.10314714789949,0,0.0,0,0,46.46276666666667,57.578892597281985,13.678223279157129
1785505793934838000,1.027032599999984,19.473578540739904,78.1605544945713,0,0.0,0,0,50.05766,81.50728985567002,13.679553816578625
1785505794958220800,1.023379499999919,20.520246887886323,82.36153780196561,0,0.0,0,0,49.94967142857143,83.80430834366538,13.681470118296676
1785505795988204500,1.0299921999999242,19.417622774232147,77.93596640829504,0,0.0,0,0,53.443645000000004,63.752650742442604,13.687558320018436
1785505797008650600,1.0204466000000139,20.579224821759134,82.59825587639652,0,0.0,0,0,48.59322380952381,58.909679158945565,13.687532745118379
1785505798063893600,1.0552428000000873,14.214738067863395,57.05329439347515,0,0.0,0,0,70.35145333333334,259.1955005402482,14.356489340900103
1785505799104575800,1.040682600000082,25.94450988226177,104.13274962509364,0,0.0,0,0,38.54292222222222,67.42367260395744,15.00441553181894
1785505800107543700,1.0029638999999406,19.940897174864602,80.03621815302101,0,0.0,0,0,49.078289999999996,82.99368864567131,14.06226830992587
1785505801107729200,1.0001875000000382,19.996250702992427,80.25838905204968,0,0.0,0,0,50.82648,83.92993642989936,12.851842138468388
1785505802125731800,1.0180007999999816,19.646349983222372,78.85400237406635,0,0.0,0,0,48.19382,81.33647729435648,12.849631577520693
1785505803157135700,1.0314065000000028,19.390996663294196,77.82909793568277,0,0.0,0,0,54.527995,92.22338780020972,12.859612808939833
1785505804173400700,1.0162568999999166,20.66406633992027,82.93878189167219,0,0.0,0,0,45.71602857142857,74.15143273238314,12.857774976197282
1785505805404745900,1.231353899999931,12.993827363523108,52.152959437578104,0,0.0,0,0,80.47698125000001,308.7457166531194,13.876184953724723
1785505806432008400,1.0272626000000855,28.230366802020814,113.30742925420464,0,0.0,0,0,35.421175862068964,77.26734594862204,15.161364641035304
1785505807458934500,1.0269247000001087,20.4494058814612,82.0772052468804,0,0.0,0,0,48.899899999999995,153.98074362846154,15.161672870535902
1785505808480108100,1.02117219999991,19.585335362636943,78.60910970745881,0,0.0,0,0,51.056365,70.5789152385304,15.162866362996496
1785505809858845200,1.3787391000000753,11.604806159482331,46.577884097141,0,0.0,0,0,86.17866875,300.3992562647245,16.406956493015347
1785505810859332300,1.0004767999998876,31.98474967136029,128.3762901848543,0,0.0,0,0,30.6504375,59.954986223664825,18.646572025520232
1785505811866147600,1.0068252999999459,19.864419378417562,79.72926137235955,0,0.0,0,0,51.32067500000001,82.96010814503353,18.647382920158684
1785505812877520900,1.011366500000122,19.775224906102377,79.37126402742263,0,0.0,0,0,47.52239,62.07900162714485,18.64319577210723
1785505813908596600,1.0310829000000012,20.366936547972983,81.74620040250876,0,0.0,0,0,52.00018571428571,69.90503326257907,18.64293852413784
1785505815251504700,1.342906800000037,11.169799721022773,44.83191098965195,0,0.0,0,0,89.52366666666667,299.13199647655944,19.798072213126154
1785505816258037400,1.0065319999998792,31.792332484216935,127.6039907325504,0,0.0,0,0,30.044628125000003,58.5647796987467,21.6050058298047
1785505817286193900,1.0281588000000284,19.452248037948465,78.07494085543769,0,0.0,0,0,53.66648,79.67560980994715,21.606891174277195
1785505818311316600,1.0251220000000103,20.485366619777732,82.22153985086571,0,0.0,0,0,48.81475714285715,74.77995653028673,21.607054312568696
1785505819333076500,1.02176170000007,19.574035707150337,78.56375659803504,0,0.0,0,0,51.08962,79.04176886019188,21.605824300655627
1785505820354643900,1.0215673000000152,20.556648592804105,82.50764230119616,0,0.0,0,0,48.646438095238096,84.02981921310123,21.60590078323859
1785505821383121300,1.028476499999897,19.446239170269816,78.05082323223529,0,0.0,0,0,51.42269,70.60304586143948,20.484191846774063
1785505822592122600,1.2089998000001287,13.234079939465909,53.11725444453602,0,0.0,0,0,75.56060625,274.4467252136547,19.256104281944825
1785505823629477400,1.0373517999998967,27.955800529774844,112.2054103294674,0,0.0,0,0,33.76678965517242,64.27014244286903,20.10584820156817
1785505824657580100,1.0281027999999424,20.42597296690679,81.98315321678409,0,0.0,0,0,49.6067619047619,190.42498722184143,20.103769236865592
1785505825677711900,1.0201336000000083,19.605275230616694,78.68914179476036,0,0.0,0,0,50.257504999999995,86.28485633518582,20.10102534381636
1785505826712451500,1.0347415999999612,20.294921939932433,81.45715739562723,0,0.0,0,0,52.10515238095238,97.15037202749467,20.100304575568217
1785505827733800700,1.0213482000001477,19.581960393132437,78.59556368727961,0,0.0,0,0,51.067449999999994,68.93460754075865,20.096711624354455
1785505828749206600,1.0154020999998465,19.696630526963677,79.05581197834053,0,0.0,0,0,48.9504,73.29198006627867,20.100149288690133
1785505829773279000,1.024066300000186,20.50648478520989,82.30630123751236,0,0.0,0,0,47.89794761904762,68.33787373270125,19.570050489515644
1785505830798056200,1.024770799999942,19.516559214998253,78.33306481801057,0,0.0,0,0,51.756025,196.1424498912673,19.133892102901612
1785505831830709300,1.0326695999999629,20.335642687652232,81.62059711547917,0,0.0,0,0,51.28199523809524,65.72637446007101,19.13242616142742
1785505832845719000,1.0150077999999212,19.704282075469326,79.08652278337786,0,0.0,0,0,49.04592,86.48462762810631,19.135966122419394
1785505833874713700,1.028993200000059,20.408298130637593,81.91221222355519,0,0.0,0,0,47.81060476190476,73.98089649758562,19.130471020388846
1785505834893930400,1.019215900000063,19.622927782032015,78.75999334389803,0,0.0,0,0,49.958235,96.4015630161575,19.125181336518974
1785505835917637400,1.0237044000000424,20.513734238124922,82.33539816278656,0,0.0,0,0,50.30490952380952,87.00977206398662,19.12389208424878
1785505836953125200,1.035495200000014,19.314430429035045,77.52178619466214,0,0.0,0,0,54.0957,83.06592741729781,18.32846115312007
1785505837966731700,1.0135980999998537,20.718270880739645,83.1563411326562,0,0.0,0,0,46.080666666666666,73.74060274625732,17.370471741764412
1785505838989101900,1.0223685000000842,19.56241805180652,78.51712714152812,0,0.0,0,0,49.809315,75.19021380218429,17.377015364630736
1785505840014426400,1.0253287000000455,20.481236895055282,82.2049644908957,0,0.0,0,0,50.274657142857144,80.10049812028369,17.371185986163464
1785505841044899300,1.0304793000000245,19.408444206496455,77.89912664912153,0,0.0,0,0,53.606939999999994,91.11701012104335,16.108726660216078
1785505842072833000,1.027932999999848,20.429347048886555,81.99669567473022,0,0.0,0,0,48.948476190476185,84.96015250856665,13.561083793351262
1785505843092555300,1.0197200000000066,19.613227160396843,78.72105823167092,0,0.0,0,0,50.98348,172.13594491619148,13.565030875078046
1785505844112412600,1.0198614999999336,20.591031233163882,82.64564293779644,0,0.0,0,0,48.5695,68.50223317910154,13.566742556778918
1785505845133343600,1.0209281000002193,19.59001814133209,78.62790484460439,0,0.0,0,0,47.65644,61.73999252237181,13.571642571417383
1785505846157927100,1.0245825999998033,20.496151310791372,82.26482606186771,0,0.0,0,0,50.16844761904762,83.0209325960906,11.75426041116136
1785505847187154000,1.0292289999999866,19.43202144517912,77.99375794891229,0,0.0,0,0,53.401965,89.12902059081645,8.01103024916334
1785505848207651300,1.0204969000001256,20.57821047765791,82.59418463200586,0,0.0,0,0,46.57991904761904,78.40016688676509,8.009312875871085
1785505849230356800,1.0227053999999498,19.55597379264936,78.49126199979382,0,0.0,0,0,50.06037,74.57994940144577,8.01059093944501
1785505850260351600,1.0299956999999722,20.388434631329595,81.83248665504358,0,0.0,0,0,52.08636666666666,83.69468391080962,8.007351579130336
1785505851284938600,1.02458630000001,19.520073614101424,78.3471704628485,0,0.0,0,0,51.228895,71.97690117504784,8.007101211747457
1785505852308254100,1.0233166000000438,20.52150820185962,82.36660030238579,0,0.0,0,0,48.72776666666667,71.13313789106546,8.003247237429274
1785505853654868600,1.346614499999987,11.139045361534533,44.70847308194036,0,0.0,0,0,89.78066,330.9806157664283,9.070920014160677
1785505854659725800,1.0048572000000604,31.845320907287203,127.81666887592812,0,0.0,0,0,31.40080625,63.48774965671844,11.173867542928834
1785505855679323600,1.01959039999997,19.615720195090685,78.731064454905,0,0.0,0,0,48.006865,71.61367602269449,11.177045723126234
1785505856707586000,1.0282655000000887,20.422741013870628,81.97018121778153,0,0.0,0,0,49.86852380952381,73.47810853985631,11.173556442521912
1785505857729832100,1.0222464999999374,19.564752728428246,78.52649776742196,0,0.0,0,0,49.798235,77.48321353953332,11.179780152898552
1785505858759215400,1.0293870999998944,20.40048879571364,81.88086811560845,0,0.0,0,0,52.19627142857142,78.75685581306648,11.17524111450334
1785505859784278800,1.0250628000001143,19.51099971630789,78.31075081447796,0,0.0,0,0,51.253075,85.46452951540387,11.179941837063195
1785505860959846500,1.175568599999906,13.610434984399278,54.62782010339944,0,0.0,0,0,73.47466875,274.8644347849868,12.144629121127899
1785505862039242000,1.0793949000001248,26.866904781555522,107.83494009003242,0,0.0,0,0,37.219868965517236,66.46441500859744,13.17318818322582
1785505863318378800,1.2791359999998804,12.508443199160602,50.20478666850593,0,0.0,0,0,79.946,306.0643324379152,14.303952953994601
1785505864392325100,1.073940900000025,28.865648007259317,115.85723956038652,0,0.0,0,0,34.63985806451613,66.83998074952234,15.749345338227046
1785505865410501300,1.0181809000000612,20.62501859934589,82.7820570735465,0,0.0,0,0,46.23833809523809,64.4136996894176,15.751968334757029
1785505866440028600,1.0295290999999906,19.426357156878986,77.97102335427014,0,0.0,0,0,53.840070000000004,75.25644560909612,15.756467925760102
1785505867459144800,1.0191161000000193,20.6060918868808,82.70609146003915,0,0.0,0,0,48.529471428571426,65.64047817451625,15.757730684009422
1785505868480776800,1.0216304000000491,19.5765513633884,78.57385361672493,0,0.0,0,0,47.732175,84.35109641004503,15.750960559662108
1785505869507625800,1.0268509999998514,20.45087359315328,82.08309616001951,0,0.0,0,0,52.08843333333333,69.41246225496062,15.747125020425127
1785505870532828500,1.0251957000000402,19.508470431547085,78.30059909536965,0,0.0,0,0,47.785885,61.856158160451706,15.74833743708282
1785505871562299400,1.0294758000000002,20.398731082362495,81.87381323096666,0,0.0,0,0,52.3288380952381,78.58242312571225,15.747552491096544
1785505872581370900,1.0190711000000192,19.625716007449945,78.77118436583913,0,0.0,0,0,47.92843,59.810342391588534,15.742528142564389
1785505873604894800,1.0235267999998996,20.517293733786023,82.3496848104107,0,0.0,0,0,51.62300952380953,147.62230894285562,15.743445810642745
1785505874630779900,1.0258843999999954,19.495373942717222,78.24803408649197,0,0.0,0,0,51.29385,182.59377161108927,15.746035498880786
1785505875648688400,1.0179011000000173,19.64827427733368,78.86172585922014,0,0.0,0,0,47.0595,86.3754003334709,15.747358545205808
1785505876672878400,1.0241839000000255,20.504130166466666,82.29685057048633,0,0.0,0,0,50.92710952380952,149.05119007226313,15.7437503557782
1785505877697310800,1.0244445000000724,19.522775513947888,78.35801500227132,0,0.0,0,0,48.620285,98.99024228468323,15.748849887558336
1785505878721413200,1.0240977999999359,20.505854030739364,82.30376959603397,0,0.0,0,0,50.242471428571434,116.71917452323395,15.741624914658685
1785505879745704400,1.024289200000112,19.52573550516574,78.36989543577265,0,0.0,0,0,49.724115,191.48023237074364,15.745636551173616
1785505880776912900,1.0312159999998585,20.36430776869529,81.73564934505629,0,0.0,0,0,53.02303809523809,89.15320718310966,15.740052074881984
1785505881804912000,1.0280001999999513,19.455249133220935,78.08698626712699,0,0.0,0,0,51.40065,82.68936149652284,15.747691206792128
1785505882817303000,1.0123884000001908,20.743027083277568,83.25570440651445,0,0.0,0,0,45.626085714285715,79.67948192609116,15.74652084784245
1785505883841017500,1.0237142999999378,19.536700815844046,78.4139065948428,0,0.0,0,0,50.006275,71.26406049623783,15.751159701654096
1785505884869253600,1.028238599999895,20.423275298167315,81.9723256596364,0,0.0,0,0,52.67041428571429,78.4234656377623,14.194294513253958
1785505885896454300,1.0272001000000728,19.47040308893913,78.14780927298811,0,0.0,0,0,51.358900000000006,68.28629287941052,11.274755655652033
1785505886913526000,1.0170700999999553,20.647544353138414,82.87246805800672,0,0.0,0,0,46.13034285714286,82.11978609780697,11.278375912221954
1785505887948663400,1.0351378000000295,19.321099084585097,77.54855198988744,0,0.0,0,0,54.17111,100.95753007202114,11.288535578963021
1785505888961567600,1.0129001000000244,20.732548056811815,83.21364503271148,0,0.0,0,0,46.21778095238095,63.16221143374905,11.293608900737599
1785505889985149400,1.023582900000065,19.539208792955346,78.42397279203756,0,0.0,0,0,50.153445,100.68332045668045,11.297658484086057
1785505891015648700,1.0305026999999427,20.37840366648352,81.79222565356179,0,0.0,0,0,52.06500476190476,77.86411330480479,11.292502785392827
1785505892032604800,1.016953199999989,19.66658839364507,78.93523271277465,0,0.0,0,0,47.66882,119.95273233108641,10.182614040462681
1785505893057855200,1.0252272000000175,20.483264587595453,82.21310298341534,0,0.0,0,0,49.75897619047619,107.54502785415933,8.880632950407412
1785505894088325200,1.0304975999999897,19.40809954336643,77.89774328441017,0,0.0,0,0,53.720115,197.22194638689967,6.8170672074875736
1785505895678548600,1.590223700000024,10.061477514138268,40.38346931944168,0,0.0,0,0,99.39183125,371.150013297816,7.574979545370419
1785505896744080400,1.0655280000000857,34.724568476846244,139.37302386702936,0,0.0,0,0,26.826727027027026,54.55690532927599,13.381175919600008
1785505897768283300,1.0242009999999482,20.50378783071005,82.29547654708819,0,0.0,0,0,50.334847619047615,211.08845305497553,13.372444323301165
1785505898790149600,1.021866399999908,19.572030159717357,78.55570698870932,0,0.0,0,0,49.36653,192.46736706740185,13.375531860882505
1785505899825039300,1.034893000000011,20.291952887882882,81.44524059492055,0,0.0,0,0,52.83119523809525,148.84940118342593,13.368952612235168
1785505900849956900,1.0249186000000918,19.513744798853498,78.32176867508582,0,0.0,0,0,51.2462,78.72109789109237,13.37555627884899
1785505901864783600,1.0148196999998618,20.69333104196032,83.05624080318059,0,0.0,0,0,45.95086190476191,78.47758232636552,13.372841255488323
1785505902887097900,1.0223164000001361,19.563415005371464,78.52112858601242,0,0.0,0,0,50.563069999999996,73.09381564761463,13.379114053287829
1785505903912511600,1.0254139999999552,20.479533144662465,82.19812619586205,0,0.0,0,0,49.612380952380946,76.75702307314698,13.375228872425145
1785505904943865700,1.0313573999999335,19.391919813637145,77.83280315825066,0,0.0,0,0,53.790645000000005,101.44121896426145,13.384716850048115
1785505905957664400,1.0137973000000784,20.714199968769275,83.14000182777512,0,0.0,0,0,46.44827142857143,71.65367198336833,13.381962356712208
1785505906985273900,1.0276085000000421,19.462665012988097,78.11675117517684,0,0.0,0,0,49.96289,98.98132646966083,13.386746114751872
1785505908008121500,1.0228061000000253,20.53175083723052,82.40771087989984,0,0.0,0,0,50.0433,73.03417697380453,13.387140523860873
1785505909037022600,1.0289468999999372,19.437349002170297,78.01514101457023,0,0.0,0,0,53.379780000000004,94.69925035666502,13.389596115410718
1785505910057566400,1.0205418000000464,20.57730511381214,82.59055079860146,0,0.0,0,0,46.737833333333334,83.17404920044672,13.390689774157234
1785505911082450200,1.0248851999999715,19.51438073259381,78.32432110445367,0,0.0,0,0,53.196475,84.70433490310731,13.390997630114294
1785505912108768600,1.0263179999999466,20.46149439062853,82.125724556136,0,0.0,0,0,48.87159523809524,68.28420685135384,13.3919564901363
1785505913124060300,1.0152894000000288,19.69881690875472,79.06458739744326,0,0.0,0,0,47.746435000000005,192.601525044627,13.385855725067712
1785505914149807900,1.025751899999932,20.472786840561927,82.17104874483351,0,0.0,0,0,51.721799999999995,123.43186866224623,13.381059272607859
1785505915175475800,1.025664900000038,19.49954609931495,78.26477975408638,0,0.0,0,0,48.16156,71.28612398443038,13.382072689571887
1785505916200660100,1.0251837999999225,19.508696879526884,78.30150798325731,0,0.0,0,0,53.079480000000004,210.48083133092044,13.389410093510849
1785505917223793800,1.0231340000000273,20.52517070100245,82.38130037218757,0,0.0,0,0,47.16529523809523,151.13108691809728,13.382237758729499
1785505918249514400,1.0257192999999916,19.498511922316528,78.26062890695404,0,0.0,0,0,49.925605000000004,88.87593125465158,13.386388834376936
1785505919279600300,1.030089500000031,20.386578059478683,81.82503498482167,0,0.0,0,0,53.14116666666667,143.45986330887584,13.372903573801898
1785505920303630000,1.0240297000000282,19.530683533885245,78.38975519948082,0,0.0,0,0,51.202175,85.69949395889333,13.374141183436265
1785505921321085600,1.017450800000006,20.639818652656107,82.8414596312662,0,0.0,0,0,45.96530952380952,82.40024650179696,13.37116003485181
1785505922342138200,1.02104949999989,19.58768894162541,78.61855620125043,0,0.0,0,0,49.92201,95.15492689491562,13.376967900112565
1785505923374017200,1.0318867000000864,20.351071488757672,81.68252326054105,0,0.0,0,0,52.69812857142857,79.51996961924812,13.372723942810559
1785505924396162900,1.0221467000001212,19.566662984870597,78.53416490997866,0,0.0,0,0,51.108355,69.10353075616992,13.377645479824006
1785505925418862800,1.0226997999998275,20.53388491911658,82.41627638434487,0,0.0,0,0,48.70003333333334,66.61838034139177,13.368912991991708
1785505926449351200,1.030486699999983,19.408304833046685,77.89856724982604,0,0.0,0,0,51.522220000000004,102.24164106190374,10.981919773417797
1785505927461701000,1.0123446000000058,20.743924549012146,83.2593065394921,0,0.0,0,0,45.95620952380952,91.9754513122654,2.105098904360888
1785505928492818300,1.03112410000017,19.39630738918497,77.8504134468264,0,0.0,0,0,53.920910000000006,67.3180079773052,2.120684563522587
1785505929512176100,1.019350999999915,20.601343403794914,82.68703260702841,0,0.0,0,0,46.21637142857143,72.35632783200887,2.1433236953907278
1785505930546688900,1.0345179999999345,19.332674733548632,77.59501284656727,0,0.0,0,0,54.164955,105.501751607452,2.1903268123171293
1785505931557907100,1.011214099999961,20.767115490182356,83.35238736782176,0,0.0,0,0,46.4317,86.11991318552289,2.2319195577570947
1785505932911109100,1.3532077000002118,11.823757727655183,47.45668384830351,0,0.0,0,0,86.83947500000001,330.3044301538456,6.378214237228496
1785505933916965600,1.005847299999914,30.819787456806466,123.7005141088619,0,0.0,0,0,30.95905483870968,52.15754634419861,10.32437893929159
1785505934937968100,1.021005999999943,19.588523475867053,78.62190574786483,0,0.0,0,0,51.029849999999996,210.93692959146392,10.327250789834318
1785505935972204300,1.0342404000000442,20.304756998468733,81.49663209346338,0,0.0,0,0,51.462152380952375,89.24100405652447,10.315166418410497
1785505936989435400,1.0172328999999536,19.661180836759126,78.91352855378906,0,0.0,0,0,50.862919999999995,110.6897234007347,10.30973676349016
1785505938014950800,1.025514899999962,20.477518171604117,82.19003875516887,0,0.0,0,0,48.833866666666665,81.1578447165481,10.30310499693318
1785505939037133100,1.0221765000001142,19.566092548593875,78.5318753659383,0,0.0,0,0,47.55135,67.49758248029099,10.305355519058159
1785505940057724100,1.0205919999998514,20.57629297506061,82.58648840576085,0,0.0,0,0,49.94616190476191,178.6768138542281,10.299937973376702
1785505941084430800,1.0267094000000725,19.47970866926765,78.18515881903325,0,0.0,0,0,50.205715,119.47375401597965,10.30391651902054
1785505942108250300,1.0238191000000825,20.51143605349647,82.32617400377978,0,0.0,0,0,49.73987619047619,89.25103450042417,10.299553794086536
1785505943135694400,1.0274449999999433,19.465762157586152,78.12918209734285,0,0.0,0,0,53.608745,95.91691252012954,10.306557015133398
1785505944162053100,1.02635609999993,19.48641412079235,78.21207230122711,0,0.0,0,0,46.653235,85.92621268806147,10.312065781618257
1785505945183151800,1.021102300000166,20.566009889505278,82.54521547447919,0,0.0,0,0,53.06720476190476,121.60451898229142,10.314312534382838
1785505946208392600,1.0252383999998074,20.483040822509132,82.21220486378176,0,0.0,0,0,46.738119047619044,140.17894122670356,10.309088220799772
1785505947227339200,1.0189470000000256,19.628106270492477,78.7807780973868,0,0.0,0,0,50.04199,148.58920917040447,10.305613868984931
1785505948258766000,1.0314280000000053,20.360122083170022,81.71884937678594,0,0.0,0,0,52.060109523809516,119.1082056983351,10.302631955845753
1785505949274600000,1.0158323000000564,19.68828910047346,79.02233222943939,0,0.0,0,0,47.797090000000004,134.89142947789296,10.297365665793652
1785505950289622600,1.0150260000000344,19.703928766356057,79.08510471652674,0,0.0,0,0,53.748149999999995,179.9690303421894,10.299371188073776
1785505951322988900,1.0333630000000085,20.32199720717679,81.56582863427403,0,0.0,0,0,46.51968095238095,170.71787005302235,10.29189143957566
1785505952349873900,1.0268883999999616,19.476313102768273,78.171530129275,0,0.0,0,0,54.164225,156.53435597339367,10.2942310847729
1785505953372720400,1.0228417999999238,20.531034222498107,82.40483462350315,0,0.0,0,0,45.9271380952381,141.3216140529554,10.292586981700602
1785505954395085400,1.0223665000000892,19.56245632070129,78.51728074031475,0,0.0,0,0,50.026195,108.84638374273155,10.298436428923791
1785505955873311200,1.4782284999998865,10.823766420415538,43.44304686319127,0,0.0,0,0,97.40310625000001,365.53240855365925,12.332917743177747
1785505957585911700,1.7126008000000184,9.342515780676868,37.49779283064641,0,0.0,0,0,107.03805625,402.66917437674806,14.494934095957605
1785505959969698400,1.0189646999999695,20.609153585007046,82.7183801116982,0,0.0,0,0,48.660264999999995,33.933693287510216,0.0
1785505960969734000,1.000034499999856,19.99931002380706,80.27066816195996,0,0.0,0,0,51.143545,137.5727645573692,1.7307937180512516
1785505961978212900,1.0084807000000637,19.831812349010484,79.59838745550105,0,0.0,0,0,51.207515,88.37756659020775,1.6420317349700404
1785505962978967100,1.0007548000000952,15.987932308691878,64.1703142468004,0,0.0,0,0,62.5495125,230.0807191741799,8.453082257214916
1785505964020392400,1.0414240000000063,24.00559234279203,96.35057082897973,0,0.0,0,0,39.906248,87.61576083094829,11.44128412979421
1785505965494686500,1.4742959000000155,10.852638198342566,43.55892870623823,0,0.0,0,0,94.87864375,354.32503774929023,18.266456852084662
1785505966520028900,1.025335099999893,33.159890849346276,133.09292128009102,0,0.0,0,0,29.170514705882354,112.09146727134817,27.738582057924447
1785505967616401600,1.096378500000128,19.15396918126135,76.87774739744546,0,0.0,0,0,53.8036619047619,179.33793040929314,25.76681184890568
1785505968628006500,1.0116047999999864,20.759094856015196,83.32019517404537,0,0.0,0,0,45.65618095238095,114.5942851321549,24.106191916298318
1785505969653447500,1.0254401999998208,19.503818945271988,78.28192955573033,0,0.0,0,0,50.137615,165.68558949374494,22.761586147824506
1785505970666966200,1.0135214000001724,15.786543826304287,63.362006959092405,0,0.0,0,0,68.0672875,239.96623260282234,22.299479008929563
1785505971705548700,1.0385813999998845,24.071295711633947,96.61428259259328,0,0.0,0,0,41.542524,70.65025877012812,21.7867400318249
1785505972726093500,1.0205435000000307,20.577270836568328,82.59041322099202,0,0.0,0,0,46.172309523809524,134.18815312938733,20.861335850662467
1785505974629131400,1.9030387000000246,8.407606214208776,33.745372598044995,0,0.0,0,0,122.12244375,335.9561608023761,23.776005008902285
1785505976084591800,1.4554614999999558,10.993076766373061,44.122603036907506,0,0.0,0,0,90.96835,339.9469632205432,24.540934375108613
1785505977446830000,1.3622384000000238,11.745374377935404,47.14207880206495,0,0.0,0,0,85.13843125000001,302.6678585639837,24.77574358071689
1785505979230187800,1.0296379000001252,37.877393596326684,152.02742937588152,0,0.0,0,0,25.992197368421053,33.8848582361669,0.0
1785505980312833100,1.0826461999999992,19.396918402336805,77.85286585312917,0,0.0,0,0,53.326747619047616,162.1781319175758,52.44933685849052
1785505981705216000,1.3923836999999821,11.49108539549853,46.121446265135695,0,0.0,0,0,87.0265375,321.47410364132475,54.3519796044169
1785505982767186800,1.0619692000000214,31.074347542282144,124.72223476443322,0,0.0,0,0,32.178733333333334,92.88582915547676,47.298010413703786
1785505983854115900,1.086931199999981,14.720342925109042,59.08262638886539,0,0.0,0,0,67.9377125,245.5958580607604,44.895896326321804
1785505984961717100,1.1076011999998627,14.445632597727398,57.980029274081645,0,0.0,0,0,69.22549375,228.7924664473271,42.484913770881136
1785505985979826200,1.018105400000195,32.41314700815228,130.0957365268612,0,0.0,0,0,29.67760606060606,81.9185818913776,42.16843962616256
1785505986979917400,1.0000923999998577,19.99815217074227,80.26602091967845,0,0.0,0,0,51.141615,183.27237425874972,39.281397540906035
1785505987982149300,1.002230999999938,19.955479325625767,80.09474612140811,0,0.0,0,0,48.585425,85.21103532368683,36.924361846859625
1785505989053596400,1.0714503000001514,14.933030491472856,59.93628449214203,0,0.0,0,0,69.87481249999999,254.33341450432573,36.07119964396764
1785505990746269200,1.6926708999999391,9.45251672962569,37.93930054566562,0,0.0,0,0,105.78941875,376.61651454324056,37.25870597886654
1785505992637292300,1.891025099999979,8.46101936986462,33.95975547865584,0,0.0,0,0,118.189975,443.4300891385631,38.175147340332295
1785505994640141100,1.035376599999836,40.56494999018392,162.81439888638272,0,0.0,0,0,24.072041463414635,31.257454062798967,0.0
1785505995974819700,1.334682100000009,11.987873366998697,48.11539017418422,0,0.0,0,0,86.1292875,301.4116063559174,81.10444685577045
1785505996994065300,1.0192418000001453,30.414765171518262,122.07488755365239,0,0.0,0,0,31.36875806451613,87.29985838322143,58.14576171974218
1785505998021616700,1.027554999999893,19.463678343253726,78.12081835036408,0,0.0,0,0,53.71786999999999,124.32618589951234,50.24180375891228
1785505999039973700,1.0183543000000554,20.621506679943174,82.76796138141255,0,0.0,0,0,46.48337142857143,123.07276856076305,44.421689168332335
1785506000071726400,1.0317548000000443,19.38445064660629,77.80282437260922,0,0.0,0,0,53.697115,153.0462690371781,40.64431498005911
1785506001094104700,1.0223785999999109,20.540336035986893,82.44216905068959,0,0.0,0,0,48.684895238095244,167.3993454261918,37.41908393620534
1785506002113082800,1.0189758999999867,19.627549581889287,78.77854373199705,0,0.0,0,0,47.656605,125.55823063117798,35.02943633340135
1785506003142260800,1.0291747000001124,20.404699027286338,81.89776660365902,0,0.0,0,0,49.98429047619048,156.99294919601616,32.92672997862047
1785506004782301800,1.6400456999999733,9.75582570656431,39.15668325583918,0,0.0,0,0,105.33375625,393.53367671142104,35.03825242965296
1785506006381445700,1.5991457000000082,10.005342227415499,40.15816069792744,0,0.0,0,0,99.95360624999999,363.4148830406289,35.92996857590579
1785506008770351800,1.023765899999944,20.51250193037407,82.33045208382562,0,0.0,0,0,47.83125,30.121578745765774,0.0
1785506009798633400,1.0282830999999533,20.422391460095916,81.96877822362715,0,0.0,0,0,51.91254285714285,92.17135135178702,0.25574203912425003
1785506011605647000,1.8070150000000922,8.30098255963522,33.31742023447339,0,0.0,0,0,120.47313333333334,423.8390472335437,28.193860836582736
1785506012606642200,1.0009953999999652,41.95823477310831,168.4065868334718,0,0.0,0,0,23.832378571428574,54.746425208928905,56.198340275283705
1785506013608157800,1.0015143000000535,19.969759792744778,80.15206323064555,0,0.0,0,0,50.0736,148.18768464047633,48.933338302562696
1785506014611912000,1.0037554999998974,19.92517102023555,79.97309852848448,0,0.0,0,0,50.1898,47.10282891387177,43.93033803691123
1785506015636024400,1.0241115000001173,18.552667360924882,74.46431919277468,0,0.0,0,0,53.89894210526315,125.25311023337379,40.41314760678728
1785506016941987300,1.305963299999803,12.251492825259648,49.17347217950894,0,0.0,0,0,81.62735625,299.3742443107377,39.59304805413735
1785506017986294400,1.0443056999999953,29.68479440455045,119.1450244167015,0,0.0,0,0,32.16287419354838,135.59591209123764,39.13365079482726
1785506019007989800,1.0216947000001255,20.554085285944442,82.49735402854654,0,0.0,0,0,48.71073809523809,145.65770225665884,36.90726714555826
1785506020035162200,1.0271728000000167,19.470920569547477,78.14988627035169,0,0.0,0,0,51.666965000000005,181.24493707559992,35.076734950781
1785506021063395100,1.0282348999999158,20.423348789271518,81.9726206288144,0,0.0,0,0,50.859100000000005,166.34097643376694,33.452356602679345
1785506022486989900,1.423593799999935,11.239161058442885,45.11030463886744,0,0.0,0,0,88.97763125,316.4695001157462,33.82190871555556
1785506023516261800,1.0292687000001024,32.061598686520554,128.68473691562448,0,0.0,0,0,29.470851515151516,68.64209967049705,34.87737581557443
1785506024539501700,1.0232381000000714,19.545792909781802,78.45039927656563,0,0.0,0,0,49.94977,106.92251586309494,33.64699510471221
1785506025986176900,1.4466804999999567,11.05980207792977,44.390416543253274,0,0.0,0,0,95.47784375,328.14874945637274,33.999414635937434
1785506027005087400,1.018910300000016,33.36898252966868,133.93214667669753,0,0.0,0,0,29.96640588235294,107.68047119263758,35.267776379914785
1785506028024846700,1.0197602000000643,19.612453986730156,78.71795496627044,0,0.0,0,0,50.989185,172.9759772457657,34.24508954019532
1785506029050920000,1.0260723999999755,20.466392040172313,82.14538211436349,0,0.0,0,0,48.86013333333333,107.71449192995496,33.28459502660644
1785506030290069900,1.2391500999999607,12.105071048293887,48.58578321141394,0,0.0,0,0,82.61027333333332,283.1562443130583,33.370228762843475
1785506031299758200,1.0096839000000273,29.712269354794298,119.25529985176226,0,0.0,0,0,32.23229,109.42717572286287,33.4955284818107
1785506032322035900,1.0222825999999259,19.564061835740382,78.52372475087203,0,0.0,0,0,53.249505,172.6867137005303,32.71167900190058
1785506033349277600,1.0272394999999506,20.443139112155453,82.05205249117081,0,0.0,0,0,48.91576190476191,95.20713472117244,31.962331605025124
1785506034365439600,1.016159000000016,19.68195922094838,78.99692617001742,0,0.0,0,0,47.90994,72.96932153702029,31.2762808548168
1785506035840386700,1.4749515999999403,10.847813582493586,43.5395642812975,0,0.0,0,0,95.80639375,349.16413221916605,31.657154847087522
1785506036849938900,1.009551300000112,33.67832818401227,135.17375862918988,0,0.0,0,0,29.090347058823532,71.19634691578543,32.7138116757524
1785506037850033400,1.0000921999999264,19.9981561700026,80.26603697139714,0,0.0,0,0,49.082984999999994,154.04597851284623,32.087448650673736
1785506038871022900,1.0209904000000734,19.58882277443408,78.62310703410554,0,0.0,0,0,51.372485,153.56016328581643,31.504333995573997
1785506040770340600,1.89932060000001,8.424064899838351,33.81143236165588,0,0.0,0,0,120.73673125,449.3654966491957,32.30232554239831
1785506043995925000,1.0091884000000846,26.75417196630256,107.38246756006204,0,0.0,0,0,35.55474615384615,35.260618782797685,0.0
1785506045708412100,1.71249059999991,9.343116978277626,37.5002058405479,0,0.0,0,0,112.03716874999999,416.8335079040211,49.414221146521534
1785506049940437300,1.0527746000000207,26.59638634898624,106.74916786556001,0,0.0,0,0,38.69761481481481,32.10229648488747,0.0
1785506050963564200,1.0231246000000738,19.54796121606162,78.45910214649732,0,0.0,0,0,51.153305,99.16539291207272,20.004097310162315
1785506051983825000,1.0202597999998488,20.58299268480745,82.6133788423424,0,0.0,0,0,45.99212380952381,101.29694825363153,15.275918657742539
1785506053008354700,1.0245310000000245,19.521127227970187,78.35139932320064,0,0.0,0,0,49.895195,119.26674680136328,13.615957159808685
1785506054037702200,1.0293495999999323,20.40123200125728,81.88385109879631,0,0.0,0,0,52.87904285714286,134.107829566303,11.974461954731476
1785506055063573600,1.02587050000011,19.4956380946697,78.24909430575437,0,0.0,0,0,51.292584999999995,126.7920964486446,11.124031015615394
1785506056087571500,1.0239976999998817,20.507858562575315,82.31181512908647,0,0.0,0,0,48.76159047619048,89.97702108336831,10.184972911706808
1785506057104052400,1.016480700000102,19.675730193399634,78.97192489733642,0,0.0,0,0,47.775525,111.65523713930575,9.601389773705694
1785506058812180200,1.708129599999893,9.366970749761027,37.5959470522635,0,0.0,0,0,110.57318125,410.6074307745347,17.727714126823212
1785506060362703200,1.5505233000001226,10.319096784936244,41.41746854110153,0,0.0,0,0,96.908325,342.56885990221684,20.39076328699575
1785506063248589000,1.0091929000000164,31.708506867219814,127.26754221120453,0,0.0,0,0,30.460170967741938,29.538144051313193,0.0
1785506064270655300,1.022067399999969,19.568181119954133,78.5402582060659,0,0.0,0,0,49.94964,127.97542033185574,34.45539294883632
1785506065298753500,1.0281064999999217,20.425899456915797,81.9828581718007,0,0.0,0,0,52.719276190476194,90.01860809465954,27.193449914731772
1785506066686538400,1.3877869000000373,11.529147594633995,46.27421544330637,0,0.0,0,0,86.74351874999999,320.84388258391175,33.30793945843488
1785506067691199400,1.0046598999999787,32.84693656032325,131.83682545207867,0,0.0,0,0,30.441769696969697,64.35927805510778,36.04220212906083
1785506068740251000,1.0490504000001692,19.064860944714166,76.52009617458518,0,0.0,0,0,52.450745,98.62101530587461,32.9468190816266
1785506070248302600,1.5080536000000393,9.94659606263306,39.92237286857605,0,0.0,0,0,100.5428,357.32565727425936,35.617811413840506
1785506071281390800,1.0330832999998165,34.847141561582106,139.8649920098657,0,0.0,0,0,27.757030555555552,96.57872450766435,38.58593021178719
1785506072281438700,1.0000445000000582,19.999110039602073,80.26986549098098,0,0.0,0,0,51.071045,105.50953559013404,36.24761825453708
1785506073281439700,1.0000041000000692,19.999918000334816,80.27310838025008,0,0.0,0,0,48.662575,93.23500700135102,34.29004904624969
1785506074307261900,1.0258238999999776,19.496523721079647,78.25264891956773,0,0.0,0,0,50.073885,113.54059227922465,32.67045605765436
1785506075330997200,1.0237372999999934,20.513074985155015,82.33275213768273,0,0.0,0,0,49.957433333333334,81.27397470773369,31.18389976118711
1785506076365713500,1.0347168000000693,19.328960349342605,77.58010452714659,0,0.0,0,0,53.64269,98.16932164660521,29.969071713768834
1785506078204775100,1.8390629999998964,8.70008259640964,34.91927682738635,0,0.0,0,0,114.94633125,442.3585399335396,31.891579062947784
1785506081094048300,1.0038512999999512,19.92326951212891,79.96546649887678,0,0.0,0,0,51.31557368421053,33.702601626067086,0.0
1785506082170520700,1.076479400000153,14.863266310528308,59.65627396120249,0,0.0,0,0,68.37461875,259.61543656445195,14.360767763812719
1785506083218201900,1.047681399999874,24.816704773037994,99.60610997772085,0,0.0,0,0,40.294053846153844,96.58399894503532,19.975850317913434
1785506084241179700,1.022975600000109,20.528348867751845,82.39405649068368,0,0.0,0,0,46.655142857142856,104.7004510878801,16.36400308728737
1785506085271141500,1.0299631000000318,19.418171388857896,77.93816836738863,0,0.0,0,0,53.65841,131.24882177195823,14.214533755769075
1785506086294725500,1.0235829999999169,20.516167228257704,82.34516338685465,0,0.0,0,0,48.74011904761905,74.09044648483784,12.752610623418809
1785506087314452700,1.0197293000001082,19.613048286440215,78.72034029030203,0,0.0,0,0,50.98942,101.02797731012096,11.657129432247071
1785506088342242600,1.0277887999998256,20.432213310753692,82.00819990937272,0,0.0,0,0,48.94082857142857,99.89370942340737,10.813706081927123
1785506089360221700,1.0179749000001266,19.646849838829535,78.85600863045839,0,0.0,0,0,48.242125,100.0374588137857,10.12720890912182
1785506090934877800,1.5746606000000156,10.16091975629532,40.78259784997438,0,0.0,0,0,101.74065,357.0262849546627,15.692874641107737
1785506091943213100,1.008331999999882,35.70252654879961,143.29822667535782,0,0.0,0,0,27.714291666666664,92.06549597998271,25.111666907339604
1785506093266684100,1.3234744000001228,12.089391377724054,48.52285015863853,0,0.0,0,0,83.38129375000001,316.1672099068919,25.855021171876896
1785506094284296500,1.0176119000000199,29.48078732176718,118.32620692623351,0,0.0,0,0,33.91822333333333,81.93546160359544,26.994227591073294
1785506095643419100,1.3591235999999753,11.772292085870843,47.250117649344894,0,0.0,0,0,84.9471875,316.06421346154724,27.592718836431406
1785506096651360200,1.007936299999983,31.748038045658777,127.4262073902906,0,0.0,0,0,31.4941875,104.54585477822715,29.27583086275482
1785506097652594000,1.0012358999999833,19.975312511267656,80.17435002081062,0,0.0,0,0,47.344229999999996,95.47548753286365,28.292853891933394
1785506098677732900,1.0251376999999593,19.50957417720643,78.30502916827972,0,0.0,0,0,49.970995,129.85586945499261,27.41763662688047
1785506099702772200,1.0250407000000905,20.486991394583793,82.228061163808,0,0.0,0,0,50.05397142857142,199.206387697968,26.59922869909101
1785506100724914100,1.0221400999998878,19.56678932760998,78.53467200827833,0,0.0,0,0,49.981395,134.21507492217373,25.867087457848122
1785506102774452800,2.049542499999916,7.806620257935933,31.3332121680827,0,0.0,0,0,132.8835,470.58285668130327,27.649220536309965
1785506105460216000,1.0068199999998342,20.857750144021235,83.71616512883523,0,0.0,0,0,50.184495,39.178552328544505,0.0
1785506106464345000,1.0041289000000688,19.91776155431701,79.94335936351847,0,0.0,0,0,50.206075000000006,166.892357685936,2.667776540755184
1785506107492624900,1.0282787999999528,18.477479065017068,74.1625380441603,0,0.0,0,0,54.118326315789474,136.54828001325654,4.811855999199403
1785506108507480400,1.0148536000001513,20.69263980538362,83.05346640637372,0,0.0,0,0,46.18819523809524,121.42391906256559,4.359704610587822
1785506109531861100,1.0243814999998904,19.523976174893964,78.36283406134199,0,0.0,0,0,49.834935,159.29486747368617,3.8657795053274002
1785506110556005500,1.0241439000001265,20.50493099651075,82.30006483951092,0,0.0,0,0,49.91729523809524,120.69922464286785,3.5996905740759897
1785506111579672000,1.023665899999969,19.537624531598254,78.41761408678596,0,0.0,0,0,50.199225,81.48933654880298,3.3587445650034717
1785506113375748000,1.7960795999999846,8.908291147007146,35.754957631054076,0,0.0,0,0,116.51936875,434.1128497247103,15.946883240543663
1785506115179246100,1.8034981999999218,8.871647335162683,35.60788139406115,0,0.0,0,0,112.7189625,300.17392057023625,19.755238489266794
1785506117017695200,1.001319199999898,34.95388882985921,140.29344051828258,0,0.0,0,0,29.346029411764704,36.3251191545192,0.0
1785506118037195500,1.0194980999999643,18.636621294341467,74.80128273412444,0,0.0,0,0,53.65545263157895,85.45997134683302,46.30994888371755
1785506119073999100,1.0368063000000802,15.432004994567222,61.93900442155399,0,0.0,0,0,64.80668125,218.51986812162787,42.01999244536544
1785506120450948600,1.376949100000047,11.619892122373624,46.638434202105074,0,0.0,0,0,86.056275,297.24629701869907,41.2235695984029
1785506121461610100,1.0106587000000218,36.60978726052544,146.93967347730427,0,0.0,0,0,26.161910810810813,74.22020273815758,46.32826591663001
1785506122469050400,1.0074410999998236,19.852277219981897,79.68052673254452,0,0.0,0,0,51.125555,157.75461951121056,41.854601941310946
1785506123515880700,1.0468318000000636,20.060529303751302,80.51638226407994,0,0.0,0,0,51.16272857142857,100.92927043650491,38.441599729048356
1785506124586690700,1.0708110000000488,19.611303955599112,78.71333911866441,0,0.0,0,0,50.99227619047619,128.82651898634808,35.81759014899394
1785506125612937100,1.0262462999999116,20.46292395889935,82.13146237409798,0,0.0,0,0,48.8685,97.60639219695604,33.57554247783049
1785506126632348500,1.0194080999999642,19.619228059891523,78.74514387319742,0,0.0,0,0,47.67663,90.44190659710272,31.78920781959378
1785506127661222400,1.0288723000001028,20.410696254528286,81.92183750596801,0,0.0,0,0,50.32920476190476,118.30850349014426,30.197345173310495
1785506128680891500,1.019670299999916,19.614183133510554,78.72489519407068,0,0.0,0,0,49.74809,156.77277765778655,28.881071976072842
1785506131769968800,3.089080400000057,5.179534983938813,20.788953890613794,0,0.0,0,0,196.97728125,531.7986701417173,33.02912253127316
1785506133259006900,1.4890364000000318,10.745204079631403,43.127723405551826,0,0.0,0,0,93.06151875,273.3071978267416,33.30122999798498
1785506135572197600,1.0016743999999562,46.92143474965723,188.32724298934687,0,0.0,0,0,20.873486956521738,29.103764403058157,0.0
1785506139308532600,3.7363385999999537,4.282267137137999,17.187615169567554,0,0.0,0,0,234.7289125,852.3546368425441,121.01399136110787
1785506140570933500,1.26239970000006,12.674274241351007,50.8703780585475,0,0.0,0,0,78.8966125,230.41507962929532,90.66209281606422
1785506143426287800,2.855349100000012,0.3502198732897479,1.405667655489125,0,0.0,0,0,2761.9167,0.0,85.12402383709434
1785506147119023700,1.0545948000001317,21.809324301615302,87.53547156214735,0,0.0,0,0,47.50440909090909,32.24642682092167,0.0
1785506148138933900,1.0199063999998543,19.6096426103443,78.7066710239405,0,0.0,0,0,49.40337,100.2719897767441,6.242904730309503
1785506149160793600,1.0218611000000237,20.55073825591317,82.48392014824523,0,0.0,0,0,47.839728571428566,122.50776093757955,4.429700922519091
1785506150192787000,1.031996700000036,19.379906931872263,77.78458739257324,0,0.0,0,0,54.05481999999999,130.34087282029137,4.432335823600021
1785506151218447300,1.0256592000000637,20.47463718942773,82.17847543803514,0,0.0,0,0,48.83983333333334,94.73323018979313,3.8464112639481587
1785506152240477000,1.0220303999999487,19.56888953596782,78.54310155549584,0,0.0,0,0,51.10117,66.40753534968042,3.6792590002075185
1785506153254954500,1.0144791000000168,20.700278596177736,83.08412600614305,0,0.0,0,0,48.31132857142857,159.4662560282461,3.4329338268485117
1785506154280588800,1.0256251999999222,19.50030088964421,78.26780923480243,0,0.0,0,0,47.878550000000004,91.41133594416705,3.374348398007546
1785506155305065800,1.0244804000001295,20.498195963531703,82.27303262706572,0,0.0,0,0,50.049666666666674,137.63708239985087,3.181658688603437
1785506156336734100,1.0316726999999446,19.38599325154293,77.80901588265766,0,0.0,0,0,53.656055,114.81367073820763,3.1862785302097256
1785506158294687800,1.9579549000000043,8.171791903889085,32.798891332992326,0,0.0,0,0,122.3764625,470.0069366438115,14.804836787496466
1785506160133691500,1.8390022000000954,8.700370233379367,34.920431307801955,0,0.0,0,0,114.93603750000001,366.7602899673607,18.52855024164813
1785506162282424300,1.0057654000002003,44.74204421825511,179.5798845088169,0,0.0,0,0,22.67730227272727,26.092576261391024,0.0
1785506163294482500,1.0120493999997962,18.77378712936723,75.35182138837824,0,0.0,0,0,49.403531578947366,119.58333189080163,73.70037022240167
1785506164327089600,1.032615400000168,20.33671006649386,81.62488122391579,0,0.0,0,0,52.66602380952381,154.24923830926332,58.44944124352739
1785506165347505700,1.0204161999999997,19.59984563161581,78.667349165958,0,0.0,0,0,51.02033,111.64156297830122,50.58087797422795
1785506166363337600,1.0158297999998922,20.672754431896198,82.97365304208337,0,0.0,0,0,46.34283809523809,111.27383517184298,44.78410561470296
1785506167392506900,1.0291732000000593,19.433075015943718,77.99798663625847,0,0.0,0,0,53.592945,91.17604738972365,41.01892496024063
1785506168410310800,1.0178015999999843,20.632704841493986,82.81290712748074,0,0.0,0,0,46.390276190476186,66.69563585103529,37.77687886149901
1785506169435469100,1.0251580999999987,19.509185948977066,78.30347094755443,0,0.0,0,0,50.068020000000004,66.22524730964611,35.42016059855669
1785506170492596000,1.057129199999963,15.135330667245366,60.74825101794771,0,0.0,0,0,70.2861375,253.16073547836461,34.74802578829614
1785506171494721000,1.002123900000015,24.947015034767283,100.12913261024758,0,0.0,0,0,40.081896,65.35682889576574,32.96043706394634
1785506172510336600,1.0156099999999242,20.67722846368347,82.99161033763579,0,0.0,0,0,47.008985714285714,66.72519286188152,31.33670142547978
1785506174040683800,1.530354299999999,10.455095267808252,41.963321826847576,0,0.0,0,0,97.42755625000001,304.71939539877883,32.84273872608443
1785506175091680200,1.0509965000001102,15.223647271897025,61.102724890133565,0,0.0,0,0,65.68806875,235.93107804827443,32.15052383921745
1785506178081581200,1.0046270999998796,19.907884228886914,79.90371502023946,0,0.0,0,0,50.201826315789475,26.754523791913147,0.0
1785506179082931600,1.0013526000000184,20.971633768164796,84.17325662808331,0,0.0,0,0,47.68580476190476,77.99232113887544,3.0190218234645005
1785506180097574700,1.0146412999999939,18.725829512360786,75.15933524980746,0,0.0,0,0,53.39916315789474,68.06510127461479,4.50904468006496
1785506181120001000,1.0224249000000327,19.56133893061423,78.51279590314891,0,0.0,0,0,51.120005,69.29187876469001,3.7328504917294194
1785506182749310800,1.6293123000000378,9.82009403599275,39.41463524211933,0,0.0,0,0,101.83883125,384.6742595165953,18.188264882733595
1785506184021470600,1.2721599999999853,12.57703433530388,50.4800889825185,0,0.0,0,0,79.50857500000001,292.8954290974864,18.379863097232036
1785506186651810500,1.0107734000000619,20.77617001001284,83.38872923940701,0,0.0,0,0,50.24942,26.11907548659247,0.0
1785506187666323300,1.0145152000000053,18.72815705471924,75.16867724110945,0,0.0,0,0,53.39821052631579,54.979564083443215,5.812454509702238
1785506188687497900,1.0211726999998518,20.564592061659155,82.53952477872961,0,0.0,0,0,46.44316666666667,71.87806802956193,4.520689410801399
1785506189702397000,1.0149006999999983,15.765089136306662,63.27589487326209,0,0.0,0,0,66.29886875,248.3714766641015,9.308023475821704
1785506191261649600,1.5592524999999569,10.261327142332908,41.185600151355715,0,0.0,0,0,97.45424375,360.79328036552823,17.569509737917343
1785506194246425000,1.003534400000035,19.929560959743185,79.99071830521923,0,0.0,0,0,51.183626315789475,33.519878288840985,0.0
1785506195655815000,1.4093932000000677,11.352403289585355,45.56482179706622,0,0.0,0,0,89.2838,332.619826428588,24.34278486934128
1785506196675223800,1.0194068999999217,31.390801847625767,125.99237850951359,0,0.0,0,0,29.5838,63.35115628005538,40.352379051458165
1785506197701135000,1.0259138999999777,20.46955402397848,82.1580732798355,0,0.0,0,0,52.317638095238095,62.62944421944423,32.95842933063701
1785506198722612000,1.0214751999999407,19.57952576822341,78.58579190175607,0,0.0,0,0,47.786885,68.45246561949143,28.62481502141812
1785506199747343100,1.02472970000008,20.493209087233797,82.25301694192471,0,0.0,0,0,49.95323333333334,72.90683903532873,25.60295013108934
1785506200770194500,1.0228520999999091,19.553169026100427,78.48000458718043,0,0.0,0,0,50.11413,77.06892102496106,23.419682328131202
1785506201814961800,1.0447691000001669,20.10013504418981,80.67534671056652,0,0.0,0,0,52.70322857142857,78.26372069205593,21.68646228036958
1785506203648337400,1.8333767999999964,8.727065816475932,35.02757861886336,0,0.0,0,0,114.58830625,397.6305985781585,25.567159921142686
1785506204662738800,1.0144001999999546,40.417973103713734,162.2244818908823,0,0.0,0,0,23.228068292682924,53.47016944418841,36.26959486522373
1785506205689449900,1.02671220000002,19.47965554514655,78.18494559624249,0,0.0,0,0,54.437794999999994,75.85169810022626,34.471382960594966
1785506206712949700,1.023498299999801,20.517865051660646,82.35197789289576,0,0.0,0,0,48.73684285714286,126.89360073911755,32.87284459560602
1785506207733708200,1.0207548000003044,19.5933440626427,78.64125400142724,0,0.0,0,0,46.91973,73.43446058415195,31.512331996507136
1785506208765821100,1.0321171999999024,20.3465265378796,81.66428131902848,0,0.0,0,0,53.06970952380952,83.26459534577047,30.2817361520194
1785506209782510200,1.0166877999999997,19.671722233708326,78.9558382622473,0,0.0,0,0,46.779945,45.40748113445944,29.205906087689133
1785506210809811900,1.0273035999998683,20.441863534794088,82.04693274219112,0,0.0,0,0,52.782000000000004,66.7893772135285,28.217563956283616
1785506211831216500,1.021402500000022,19.580919373116444,78.5913853745201,0,0.0,0,0,47.31425,52.15943749553912,27.34539402462286
1785506212851959800,1.0207405000001017,20.573299482089627,82.5744735072152,0,0.0,0,0,49.922695238095244,54.23627637782185,26.529139452038706
1785506213877807200,1.0258512999998857,19.49600297821159,78.25055882856408,0,0.0,0,0,50.147710000000004,60.603523932583855,25.804683800374974
1785506214904050200,1.0262407999998686,20.463033627198108,82.13190254666428,0,0.0,0,0,49.998371428571424,140.38025990738564,25.116812801229166
1785506215927056700,1.0230053000000225,19.550240844304092,78.46825182625957,0,0.0,0,0,49.881295,58.89366042424954,24.498393825962935
1785506216950194500,1.0231379000001652,20.52509246309477,82.38098635089794,0,0.0,0,0,50.079161904761904,58.667058806731355,23.90800138262601
1785506217981600100,1.031408299999839,19.39096282238869,77.82896210939211,0,0.0,0,0,53.7439,54.97063213797364,23.378693070227207
1785506218995493800,1.013894000000164,20.71222435481086,83.13207236159438,0,0.0,0,0,46.40933809523809,44.33163674196426,22.865435564588815
1785506220022779300,1.0272796999997809,19.46889440140233,78.14175389625349,0,0.0,0,0,50.00679,53.96500360758082,22.3997453759771
1785506221046308200,1.0235319000003074,20.517191501304154,82.34927448277351,0,0.0,0,0,50.00687142857142,56.54078362075594,21.94720617983333
1785506222070594800,1.0242865999998685,19.525785068361305,78.37009436617672,0,0.0,0,0,50.111329999999995,58.45020996858509,21.533484621133272
1785506223101199700,1.0306077000000187,20.376327481348742,81.78389252767903,0,0.0,0,0,52.02353333333334,51.97495988629845,21.131008514147283
1785506224118330800,1.0171267000000626,19.663233695466623,78.9217680550467,0,0.0,0,0,47.62851,45.55107445716291,20.75825711713157
1785506225148588200,1.0302615999999034,20.38317258451831,81.8113665257522,0,0.0,0,0,52.13426666666667,58.942205649638986,20.397226315168012
1785506226166314700,1.0177232000000913,19.651708833991606,78.87551104268115,0,0.0,0,0,47.940125,46.429160571221715,20.40187519692508
1785506227200842900,1.0345314999999573,20.29904357673098,81.47370029332454,0,0.0,0,0,52.06960476190476,50.86983771450893,19.216735459412085
1785506228222516900,1.0216718000001492,19.575758085910834,78.57066966122416,0,0.0,0,0,51.08297,45.23256556002777,17.432508144998796
1785506229241196100,1.01868259999992,20.614860801589867,82.7412870063812,0,0.0,0,0,48.51047142857143,45.487638624577365,17.43359609436071
1785506230262434400,1.0212373999997908,19.584084954197817,78.60409097827444,0,0.0,0,0,47.96919,41.69060482860175,17.43349034506005
1785506231285437200,1.0229999000002863,19.550344042061393,78.46866602819564,0,0.0,0,0,52.205745,164.9478483237225,17.441669916145354
1785506232433995000,1.1485616999998456,13.930466251836668,55.9123206006335,0,0.0,0,0,74.33379375,285.16450463017884,18.04768215063819
1785506233441121400,1.00712059999978,26.809103100468697,107.60294310832651,0,0.0,0,0,34.038503703703704,46.11468484522275,18.707139484237413
1785506234461468400,1.0203498000000764,20.58117716100736,82.6060919255276,0,0.0,0,0,49.97042857142858,73.8990996022424,16.516866423024126
1785506235483866800,1.0224004000001514,19.561807683170937,78.5146773221021,0,0.0,0,0,50.209505,70.94891850466469,7.051182752207252
1785506236510513000,1.0266065999999228,20.455742248298012,82.102637344243,0,0.0,0,0,49.794399999999996,61.86745533347076,7.046329392271701
1785506237531477300,1.0210015000002386,19.58860981104859,78.62225226895478,0,0.0,0,0,52.09456,56.216981295647294,7.044742064645305
1785506258046555800,8.265794599999936,0.0,0.0,0,0.0,2881,0,0.0,0.0,0.0
1785506284891617700,26.845059799999945,0.0,0.0,0,0.0,9449,0,0.0,0.0,0.0
1785506319103012900,34.041001199999755,0.0,0.0,0,0.0,12330,0,0.0,0.0,0.0
1785506353358992600,34.058973199999855,0.0,0.0,0,0.0,12330,0,0.0,0.0,0.0
1785506387637688800,34.10076509999999,0.0,0.0,0,0.0,12330,0,0.0,0.0,0.0
1785506421668704900,33.76780710000003,0.0,0.0,0,0.0,12330,0,0.0,0.0,0.0
1785506455361768600,33.4622631000002,0.0,0.0,0,0.0,12330,0,0.0,0.0,0.0
1785506489257422700,33.68101879999995,0.0,0.0,0,0.0,12330,0,0.0,0.0,0.0
1785506524678979500,35.22001300000011,0.0,0.0,0,0.0,12330,0,0.0,0.0,0.0
1785506587190959700,62.084529100000054,0.0,0.0,0,0.0,12330,0,0.0,0.0,0.0
1785506622454701700,35.04196209999964,0.0,0.0,0,0.0,12330,0,0.0,0.0,0.0
1785506677269551800,54.62165270000014,0.0,0.0,0,0.0,12330,0,0.0,0.0,0.0
1785506712164972500,34.70597799999996,0.0,0.0,0,0.0,12330,0,0.0,0.0,0.0
1785506746923604600,34.55733349999991,0.0,0.0,0,0.0,12330,0,0.0,0.0,0.0
1785506781300365100,34.18025949999992,0.0,0.0,0,0.0,12330,0,0.0,0.0,0.0
1785506816277305300,34.68261839999968,0.0,0.0,0,0.0,12330,0,0.0,0.0,0.0
1785506850948660700,34.351328300000205,0.0,0.0,0,0.0,12330,0,0.0,0.0,0.0
1785506885067996600,33.89643459999979,0.0,0.0,0,0.0,12330,0,0.0,0.0,0.0
1785506919369610800,34.09226119999994,0.0,0.0,0,0.0,12330,0,0.0,0.0,0.0
1785506953069798500,33.4986942999999,0.0,0.0,0,0.0,12330,0,0.0,0.0,0.0
1785507039596134100,86.34026949999998,0.0,0.0,0,0.0,12330,0,0.0,0.0,0.0
1785507074190087400,34.41003320000027,0.0,0.0,0,0.0,12330,0,0.0,0.0,0.0
1785507108212478300,33.83055599999989,0.0,0.0,0,0.0,12330,0,0.0,0.0,0.0
1785507142340402100,33.8852495000001,0.0,0.0,0,0.0,12330,0,0.0,0.0,0.0
1785507176367133700,33.80581149999989,0.0,0.0,0,0.0,12330,0,0.0,0.0,0.0
1785507210469452600,33.811709000000064,0.0,0.0,0,0.0,12330,0,0.0,0.0,0.0
1785507244764705200,34.10928059999969,0.0,0.0,0,0.0,12330,0,0.0,0.0,0.0
1785507279671989200,34.719957799999975,0.0,0.0,0,0.0,12330,0,0.0,0.0,0.0
1785507315132716700,35.137123900000006,0.0,0.0,0,0.0,12330,0,0.0,0.0,0.0
1785507349776424800,34.441871199999696,0.0,0.0,0,0.0,12330,0,0.0,0.0,0.0
1785507384383265900,34.4050471999999,0.0,0.0,0,0.0,12330,0,0.0,0.0,0.0
1785507418220341300,33.60751240000036,0.0,0.0,0,0.0,12330,0,0.0,0.0,0.0
1785507452359181400,33.8828011999999,0.0,0.0,0,0.0,12330,0,0.0,0.0,0.0
1785507486129735700,33.577589799999714,0.0,0.0,0,0.0,12330,0,0.0,0.0,0.0
1785507520366254800,34.01954160000014,0.0,0.0,0,0.0,12330,0,0.0,0.0,0.0
1785507554764389700,34.187347300000056,0.0,0.0,0,0.0,12330,0,0.0,0.0,0.0
1785507589056101600,34.08054899999979,0.0,0.0,0,0.0,12330,0,0.0,0.0,0.0
1785507623667291600,34.37914460000002,0.0,0.0,0,0.0,12330,0,0.0,0.0,0.0
1785507658437993000,34.56454460000032,0.0,0.0,0,0.0,12330,0,0.0,0.0,0.0
1785507692636643300,33.997212899999795,0.0,0.0,0,0.0,12330,0,0.0,0.0,0.0
1785507726749426700,33.766481999999996,0.0,0.0,0,0.0,12330,0,0.0,0.0,0.0
1785507761249573000,34.27639379999982,0.0,0.0,0,0.0,12330,0,0.0,0.0,0.0
1785507796204180000,34.646197499999744,0.0,0.0,0,0.0,12330,0,0.0,0.0,0.0
1785507830573885500,34.04864889999999,0.0,0.0,0,0.0,12330,0,0.0,0.0,0.0
1785507866669477700,35.881440699999985,0.0,0.0,0,0.0,12330,0,0.0,0.0,0.0
1785507902366946200,35.462473000000045,0.0,0.0,0,0.0,12330,0,0.0,0.0,0.0
1785507937920932200,35.322781999999734,0.0,0.0,0,0.0,12330,0,0.0,0.0,0.0
1785507972514434800,34.33584599999995,0.0,0.0,0,0.0,12330,0,0.0,0.0,0.0
1785508007127361900,34.311206800000036,0.0,0.0,0,0.0,12330,0,0.0,0.0,0.0
1785508041400353100,34.07416869999997,0.0,0.0,0,0.0,12330,0,0.0,0.0,0.0
1785508075963656300,34.31488360000003,0.0,0.0,0,0.0,12330,0,0.0,0.0,0.0
1785508110247771700,34.09531419999985,0.0,0.0,0,0.0,12330,0,0.0,0.0,0.0
1785508144563356000,34.10758859999987,0.0,0.0,0,0.0,12330,0,0.0,0.0,0.0
1785508178496315500,33.69968599999993,0.0,0.0,0,0.0,12330,0,0.0,0.0,0.0
1785508212615552200,33.91053350000038,0.0,0.0,0,0.0,12330,0,0.0,0.0,0.0
1785508246715964000,33.77349830000003,0.0,0.0,0,0.0,12330,0,0.0,0.0,0.0
1785508280383269200,33.464039200000116,0.0,0.0,0,0.0,12330,0,0.0,0.0,0.0
1785508314426086300,33.841317999999774,0.0,0.0,0,0.0,12330,0,0.0,0.0,0.0
1785508348852842100,34.21782529999928,0.0,0.0,0,0.0,12330,0,0.0,0.0,0.0
1785508382690402900,33.65738030000011,0.0,0.0,0,0.0,12330,0,0.0,0.0,0.0
1785508417061778400,34.167309399999795,0.0,0.0,0,0.0,12330,0,0.0,0.0,0.0
1785508451654759700,34.36458860000039,0.0,0.0,0,0.0,12330,0,0.0,0.0,0.0
1785508486430729700,34.477848900000026,0.0,0.0,0,0.0,12330,0,0.0,0.0,0.0
1785508521023117700,34.33619449999969,0.0,0.0,0,0.0,12330,0,0.0,0.0,0.0
1785508555678829300,34.43473119999999,0.0,0.0,0,0.0,12330,0,0.0,0.0,0.0
1785508590098931700,34.198340000000826,0.0,0.0,0,0.0,12330,0,0.0,0.0,0.0
1785508624230605400,33.93325679999998,0.0,0.0,0,0.0,12330,0,0.0,0.0,0.0
1785508658724730200,34.26643909999984,0.0,0.0,0,0.0,12330,0,0.0,0.0,0.0
1785508693217324300,34.27983640000002,0.0,0.0,0,0.0,12330,0,0.0,0.0,0.0
1785508731025191400,37.59807610000007,0.0,0.0,0,0.0,12330,0,0.0,0.0,0.0
1785508764742608600,33.51436869999998,0.0,0.0,0,0.0,12330,0,0.0,0.0,0.0
1785508798156652200,33.16499119999935,0.0,0.0,0,0.0,12330,0,0.0,0.0,0.0
1785508831582761600,33.21017859999938,0.0,0.0,0,0.0,12330,0,0.0,0.0,0.0
1785508865326963200,33.53366470000037,0.0,0.0,0,0.0,12330,0,0.0,0.0,0.0
1785508899800919100,34.26610179999989,0.0,0.0,0,0.0,12330,0,0.0,0.0,0.0
1785508934093547100,34.06933070000014,0.0,0.0,0,0.0,12330,0,0.0,0.0,0.0
1785508968543429100,34.23382550000042,0.0,0.0,0,0.0,12330,0,0.0,0.0,0.0
1785509003184229000,34.41518989999986,0.0,0.0,0,0.0,12330,0,0.0,0.0,0.0
1785509037716926400,34.31628189999992,0.0,0.0,0,0.0,12330,0,0.0,0.0,0.0
1785509072303387400,34.3595892000003,0.0,0.0,0,0.0,12330,0,0.0,0.0,0.0
1785509106717434200,34.20084189999943,0.0,0.0,0,0.0,12330,0,0.0,0.0,0.0
1785509140253539100,33.30776070000047,0.0,0.0,0,0.0,12330,0,0.0,0.0,0.0
1785509173821389800,33.3663205999992,0.0,0.0,0,0.0,12330,0,0.0,0.0,0.0
1785509206968684300,32.93724699999984,0.0,0.0,0,0.0,12330,0,0.0,0.0,0.0
1785509240734596200,33.55600610000056,0.0,0.0,0,0.0,12330,0,0.0,0.0,0.0
1785509274651055300,33.71199239999987,0.0,0.0,0,0.0,12330,0,0.0,0.0,0.0
1785509309130931900,34.2487129000001,0.0,0.0,0,0.0,12330,0,0.0,0.0,0.0
1785509343668595900,34.31510460000027,0.0,0.0,0,0.0,12330,0,0.0,0.0,0.0
1785509378074732700,34.14932789999966,0.0,0.0,0,0.0,12330,0,0.0,0.0,0.0
1785509412670338000,34.3717831999993,0.0,0.0,0,0.0,12330,0,0.0,0.0,0.0
1785509447155935400,34.24620589999995,0.0,0.0,0,0.0,12330,0,0.0,0.0,0.0
1785509480976302400,33.59753650000039,0.0,0.0,0,0.0,12330,0,0.0,0.0,0.0
1785509514619894200,33.43178869999974,0.0,0.0,0,0.0,12330,0,0.0,0.0,0.0
1785509548121032100,33.303626500000064,0.0,0.0,0,0.0,12330,0,0.0,0.0,0.0
1785509582150364600,33.81242519999978,0.0,0.0,0,0.0,12330,0,0.0,0.0,0.0
1785509616672563200,34.30517510000027,0.0,0.0,0,0.0,12330,0,0.0,0.0,0.0
1785509651316571000,34.42420459999994,0.0,0.0,0,0.0,12330,0,0.0,0.0,0.0
1785509685038687500,33.514373899999555,0.0,0.0,0,0.0,12330,0,0.0,0.0,0.0
1785509719386055200,34.158635400000094,0.0,0.0,0,0.0,12330,0,0.0,0.0,0.0
1785509752665508400,33.07562710000002,0.0,0.0,0,0.0,12330,0,0.0,0.0,0.0
1785509786240004000,33.356364199999916,0.0,0.0,0,0.0,12330,0,0.0,0.0,0.0
1785509820696271100,34.225758399999904,0.0,0.0,0,0.0,12330,0,0.0,0.0,0.0
1785509855242337400,34.334454100000585,0.0,0.0,0,0.0,12330,0,0.0,0.0,0.0
1785509889356037400,33.895584199999576,0.0,0.0,0,0.0,12330,0,0.0,0.0,0.0
1785509924872944200,35.31607200000053,0.0,0.0,0,0.0,12330,0,0.0,0.0,0.0
1785509960092461700,35.01179409999986,0.0,0.0,0,0.0,12330,0,0.0,0.0,0.0
1785509994510588900,34.20512529999996,0.0,0.0,0,0.0,12330,0,0.0,0.0,0.0
1785510028534679400,33.821506999999656,0.0,0.0,0,0.0,12330,0,0.0,0.0,0.0
1785510062738878800,34.00683709999976,0.0,0.0,0,0.0,12330,0,0.0,0.0,0.0
1785510096998047100,34.03673730000082,0.0,0.0,0,0.0,12330,0,0.0,0.0,0.0
1785510131208912300,34.0082766000005,0.0,0.0,0,0.0,12330,0,0.0,0.0,0.0
1785510165182787500,33.76362539999991,0.0,0.0,0,0.0,12330,0,0.0,0.0,0.0
1785510198816093300,33.421989000000394,0.0,0.0,0,0.0,12330,0,0.0,0.0,0.0
1785510232268962800,33.24202929999956,0.0,0.0,0,0.0,12330,0,0.0,0.0,0.0
1785510265894546400,33.41549589999977,0.0,0.0,0,0.0,12330,0,0.0,0.0,0.0
1785510299208189200,33.108082300000206,0.0,0.0,0,0.0,12330,0,0.0,0.0,0.0
1785510332873126500,33.45149159999983,0.0,0.0,0,0.0,12330,0,0.0,0.0,0.0
1785510366301211900,33.22603179999987,0.0,0.0,0,0.0,12330,0,0.0,0.0,0.0
1785510400379219700,33.872411499999544,0.0,0.0,0,0.0,12330,0,0.0,0.0,0.0
1785510434344328500,33.74095130000023,0.0,0.0,0,0.0,12330,0,0.0,0.0,0.0
1785510468173734000,33.625868099999934,0.0,0.0,0,0.0,12330,0,0.0,0.0,0.0
1785510501990929900,33.603670200000124,0.0,0.0,0,0.0,12330,0,0.0,0.0,0.0
1785510535270829100,33.061425099999724,0.0,0.0,0,0.0,12330,0,0.0,0.0,0.0
1785510568470126700,32.99757630000022,0.0,0.0,0,0.0,12330,0,0.0,0.0,0.0
1785510601524487400,32.84003399999983,0.0,0.0,0,0.0,12330,0,0.0,0.0,0.0
1785510634451365700,32.719407099999444,0.0,0.0,0,0.0,12330,0,0.0,0.0,0.0
1785510668733246200,34.07123630000024,0.0,0.0,0,0.0,12330,0,0.0,0.0,0.0
1785510702292313700,33.3426002999995,0.0,0.0,0,0.0,12330,0,0.0,0.0,0.0
1785510735485192800,32.97471309999946,0.0,0.0,0,0.0,12330,0,0.0,0.0,0.0
1785510768711565900,33.0010472999993,0.0,0.0,0,0.0,12330,0,0.0,0.0,0.0
1785510801976287900,33.04284430000007,0.0,0.0,0,0.0,12330,0,0.0,0.0,0.0
1785510835825529600,33.649382100000366,0.0,0.0,0,0.0,12330,0,0.0,0.0,0.0
1785510869130898900,33.10112459999982,0.0,0.0,0,0.0,12330,0,0.0,0.0,0.0
1785510902440947800,33.1120105,0.0,0.0,0,0.0,12330,0,0.0,0.0,0.0
1785510935717146900,32.99730460000046,0.0,0.0,0,0.0,12330,0,0.0,0.0,0.0
1785510968767292000,32.84933799999999,0.0,0.0,0,0.0,12330,0,0.0,0.0,0.0
1785511002175923400,33.20392559999982,0.0,0.0,0,0.0,12330,0,0.0,0.0,0.0
1785511035290763900,32.909003400000074,0.0,0.0,0,0.0,12330,0,0.0,0.0,0.0
1785511068661043100,33.14531960000022,0.0,0.0,0,0.0,12330,0,0.0,0.0,0.0
1785511102180142500,33.28696159999981,0.0,0.0,0,0.0,12330,0,0.0,0.0,0.0
1785511135756791600,33.37565619999987,0.0,0.0,0,0.0,12330,0,0.0,0.0,0.0
1785511169181387200,33.1990294999996,0.0,0.0,0,0.0,12330,0,0.0,0.0,0.0
1785511203418991600,34.03008350000073,0.0,0.0,0,0.0,12330,0,0.0,0.0,0.0
1785511237564681700,33.94689130000006,0.0,0.0,0,0.0,12330,0,0.0,0.0,0.0
1785511270705182700,32.86410950000027,0.0,0.0,0,0.0,12330,0,0.0,0.0,0.0
1785511303856085200,32.942238100000395,0.0,0.0,0,0.0,12330,0,0.0,0.0,0.0
1785511337832475400,33.74231359999976,0.0,0.0,0,0.0,12330,0,0.0,0.0,0.0
1785511371996358100,33.908915800000614,0.0,0.0,0,0.0,12330,0,0.0,0.0,0.0
1785511406156851500,33.943890999999894,0.0,0.0,0,0.0,12330,0,0.0,0.0,0.0
1785511440174283300,33.79431019999993,0.0,0.0,0,0.0,12330,0,0.0,0.0,0.0
1785511474567384700,34.18964820000019,0.0,0.0,0,0.0,12330,0,0.0,0.0,0.0
1785511508398961300,33.626706200000626,0.0,0.0,0,0.0,12330,0,0.0,0.0,0.0
1785511542032089000,33.4290461999999,0.0,0.0,0,0.0,12330,0,0.0,0.0,0.0
1785511575654285700,33.42047290000028,0.0,0.0,0,0.0,12330,0,0.0,0.0,0.0
1785511609487004900,33.621764299999995,0.0,0.0,0,0.0,12330,0,0.0,0.0,0.0
1785511643361746600,33.66452870000012,0.0,0.0,0,0.0,12330,0,0.0,0.0,0.0
1785511676864534300,33.29282509999939,0.0,0.0,0,0.0,12330,0,0.0,0.0,0.0
1785511710551857600,33.48126760000014,0.0,0.0,0,0.0,12330,0,0.0,0.0,0.0
1785511744544578200,33.78746980000051,0.0,0.0,0,0.0,12330,0,0.0,0.0,0.0
1785511778271490600,33.48381840000002,0.0,0.0,0,0.0,12330,0,0.0,0.0,0.0
1785511812252295200,33.74133989999973,0.0,0.0,0,0.0,12330,0,0.0,0.0,0.0
1785511845953516500,33.457705499999975,0.0,0.0,0,0.0,12330,0,0.0,0.0,0.0
1785511879920295300,33.6927168000002,0.0,0.0,0,0.0,12330,0,0.0,0.0,0.0
1785511913660759100,33.54848319999928,0.0,0.0,0,0.0,12330,0,0.0,0.0,0.0
1785511947466667700,33.595887700000276,0.0,0.0,0,0.0,12330,0,0.0,0.0,0.0
1785511981183178300,33.517616299999645,0.0,0.0,0,0.0,12330,0,0.0,0.0,0.0
1785512014967288300,33.56278269999984,0.0,0.0,0,0.0,12330,0,0.0,0.0,0.0
1785512048779570500,33.613768000000164,0.0,0.0,0,0.0,12330,0,0.0,0.0,0.0
1785512082655235200,33.670166699999754,0.0,0.0,0,0.0,12330,0,0.0,0.0,0.0
1785512116433198300,33.56145709999964,0.0,0.0,0,0.0,12330,0,0.0,0.0,0.0
1785512150113833700,33.47799960000066,0.0,0.0,0,0.0,12330,0,0.0,0.0,0.0
1785512183733277400,33.421538300000066,0.0,0.0,0,0.0,12330,0,0.0,0.0,0.0
1785512217260930400,33.328093799999806,0.0,0.0,0,0.0,12330,0,0.0,0.0,0.0
1785512250945504900,33.469431200000145,0.0,0.0,0,0.0,12330,0,0.0,0.0,0.0
1785512285065345000,33.80413190000036,0.0,0.0,0,0.0,12330,0,0.0,0.0,0.0
1785512318737792600,33.44579260000046,0.0,0.0,0,0.0,12330,0,0.0,0.0,0.0
1785512352772314700,33.81659840000066,0.0,0.0,0,0.0,12330,0,0.0,0.0,0.0
1785512386560053500,33.55270650000057,0.0,0.0,0,0.0,12330,0,0.0,0.0,0.0
1785512420213587900,33.45187159999841,0.0,0.0,0,0.0,12330,0,0.0,0.0,0.0
1785512453717865500,33.29395409999961,0.0,0.0,0,0.0,12330,0,0.0,0.0,0.0
1785512487575682600,33.65003109999998,0.0,0.0,0,0.0,12330,0,0.0,0.0,0.0
1785512520976632500,33.198805599999105,0.0,0.0,0,0.0,12330,0,0.0,0.0,0.0
1785512554657252200,33.39132249999966,0.0,0.0,0,0.0,12330,0,0.0,0.0,0.0
1785512588621523000,33.75847189999877,0.0,0.0,0,0.0,12330,0,0.0,0.0,0.0
1785512622590848700,33.75287650000064,0.0,0.0,0,0.0,12330,0,0.0,0.0,0.0
1785512656626006200,33.82475689999956,0.0,0.0,0,0.0,12330,0,0.0,0.0,0.0
1785512690379960700,33.496470000000045,0.0,0.0,0,0.0,12330,0,0.0,0.0,0.0
1785512724020005500,33.42464350000046,0.0,0.0,0,0.0,12330,0,0.0,0.0,0.0
1785512757821044800,33.539210200000525,0.0,0.0,0,0.0,12330,0,0.0,0.0,0.0
1785512791153447500,33.12826450000102,0.0,0.0,0,0.0,12330,0,0.0,0.0,0.0
1785512824588908100,33.23253420000037,0.0,0.0,0,0.0,12330,0,0.0,0.0,0.0
1785512858736149900,33.25063520000003,0.0,0.0,0,0.0,12330,0,0.0,0.0,0.0
1785512892905204900,33.36623099999997,0.0,0.0,0,0.0,12330,0,0.0,0.0,0.0
1785512926276341100,33.203238500000225,0.0,0.0,0,0.0,12330,0,0.0,0.0,0.0
1785512959910843900,33.441303900001,0.0,0.0,0,0.0,12330,0,0.0,0.0,0.0
1785512993382760300,33.2596082,0.0,0.0,0,0.0,12330,0,0.0,0.0,0.0
1785513026714659200,33.14765230000012,0.0,0.0,0,0.0,12330,0,0.0,0.0,0.0
1785513060217359400,33.30730819999917,0.0,0.0,0,0.0,12330,0,0.0,0.0,0.0
1785513093804786700,33.39713909999955,0.0,0.0,0,0.0,12330,0,0.0,0.0,0.0
1785513126965816800,32.98145110000041,0.0,0.0,0,0.0,12330,0,0.0,0.0,0.0
1785513160318604800,33.20103000000017,0.0,0.0,0,0.0,12330,0,0.0,0.0,0.0
1785513194033761300,33.56161679999968,0.0,0.0,0,0.0,12330,0,0.0,0.0,0.0
1785513227852571700,33.6611613999994,0.0,0.0,0,0.0,12330,0,0.0,0.0,0.0
1785513261503175300,33.48035909999999,0.0,0.0,0,0.0,12330,0,0.0,0.0,0.0
1785513295061008300,33.379660100001274,0.0,0.0,0,0.0,12330,0,0.0,0.0,0.0
1785513328545582400,33.31224199999997,0.0,0.0,0,0.0,12330,0,0.0,0.0,0.0
1785513361677363900,32.936514400000306,0.0,0.0,0,0.0,12330,0,0.0,0.0,0.0
1785513395500273900,33.62683409999954,0.0,0.0,0,0.0,12330,0,0.0,0.0,0.0
1785513428758939100,33.07673539999996,0.0,0.0,0,0.0,12330,0,0.0,0.0,0.0
1785513461927947900,32.98983159999989,0.0,0.0,0,0.0,12330,0,0.0,0.0,0.0
1785513495026261300,32.90058999999928,0.0,0.0,0,0.0,12330,0,0.0,0.0,0.0
1785513528013727200,32.81151789999967,0.0,0.0,0,0.0,12330,0,0.0,0.0,0.0
1785513561694153900,33.490179599999465,0.0,0.0,0,0.0,12330,0,0.0,0.0,0.0
1785513594972464400,33.11303940000107,0.0,0.0,0,0.0,12330,0,0.0,0.0,0.0
1785513628107755600,32.950733200001196,0.0,0.0,0,0.0,12330,0,0.0,0.0,0.0
1785513661125667800,32.83406059999834,0.0,0.0,0,0.0,12330,0,0.0,0.0,0.0
1785513694056890600,32.73276590000023,0.0,0.0,0,0.0,12330,0,0.0,0.0,0.0
1785513727284549900,33.04818169999999,0.0,0.0,0,0.0,12330,0,0.0,0.0,0.0
1785513760569069800,33.03377150000051,0.0,0.0,0,0.0,12330,0,0.0,0.0,0.0
1785513794254108500,33.49738629999956,0.0,0.0,0,0.0,12330,0,0.0,0.0,0.0
1785513827737618300,33.27932159999909,0.0,0.0,0,0.0,12330,0,0.0,0.0,0.0
1785513861044661800,33.122276399999464,0.0,0.0,0,0.0,12330,0,0.0,0.0,0.0
1785513894388640600,33.17001110000092,0.0,0.0,0,0.0,12330,0,0.0,0.0,0.0
1785513924814089600,30.250131599999804,0.0,0.0,0,0.0,11311,0,0.0,0.0,0.0
1785513958488387400,33.47794950000025,0.0,0.0,0,0.0,12330,0,0.0,0.0,0.0
1785513992225468400,33.55434830000013,0.0,0.0,0,0.0,12330,0,0.0,0.0,0.0
1785514025324455700,32.86558559999867,0.0,0.0,0,0.0,12330,0,0.0,0.0,0.0
1785514058304487200,32.802384800001164,0.0,0.0,0,0.0,12330,0,0.0,0.0,0.0
1785514091354555000,32.87345590000041,0.0,0.0,0,0.0,12330,0,0.0,0.0,0.0
1785514124529649900,32.99246810000113,0.0,0.0,0,0.0,12330,0,0.0,0.0,0.0
1785514158258666200,33.55525359999956,0.0,0.0,0,0.0,12330,0,0.0,0.0,0.0
1785514191768045700,33.33298790000117,0.0,0.0,0,0.0,12330,0,0.0,0.0,0.0
1785514224844684100,32.91153449999911,0.0,0.0,0,0.0,12330,0,0.0,0.0,0.0
1785514257948289100,32.925975399999516,0.0,0.0,0,0.0,12330,0,0.0,0.0,0.0
1785514291663116000,33.54157099999975,0.0,0.0,0,0.0,12330,0,0.0,0.0,0.0
1785514324914816100,33.06091910000032,0.0,0.0,0,0.0,12330,0,0.0,0.0,0.0
1785514357616521600,32.5154392000004,0.0,0.0,0,0.0,12330,0,0.0,0.0,0.0
1785514391283912800,33.48662069999955,0.0,0.0,0,0.0,12330,0,0.0,0.0,0.0
1785514427184803000,35.7111617999999,0.0,0.0,0,0.0,12330,0,0.0,0.0,0.0
1785514549854241900,122.49020940000082,0.0,0.0,0,0.0,12330,0,0.0,0.0,0.0
1785514692666104200,142.5614400000013,0.0,0.0,0,0.0,12330,0,0.0,0.0,0.0
1785514708920172600,16.0826976999997,0.0,0.0,0,0.0,5761,0,0.0,0.0,0.0
1785514742795187100,33.6831461999991,0.0,0.0,0,0.0,12330,0,0.0,0.0,0.0
1785514769956522000,26.99367170000005,0.0,0.0,0,0.0,9871,0,0.0,0.0,0.0
1785514803591913700,33.45955049999975,0.0,0.0,0,0.0,12330,0,0.0,0.0,0.0
1785514837186648100,33.42461379999986,0.0,0.0,0,0.0,12330,0,0.0,0.0,0.0
1785514870716877800,33.26742579999882,0.0,0.0,0,0.0,12330,0,0.0,0.0,0.0
1785514904147032200,33.26420080000025,0.0,0.0,0,0.0,12330,0,0.0,0.0,0.0
1785514937630261000,33.30584900000031,0.0,0.0,0,0.0,12330,0,0.0,0.0,0.0
1785514971527373700,33.71680419999939,0.0,0.0,0,0.0,12330,0,0.0,0.0,0.0
1785515006537893900,34.81890310000017,0.0,0.0,0,0.0,12330,0,0.0,0.0,0.0
1785515040578532200,33.855195599999206,0.0,0.0,0,0.0,12330,0,0.0,0.0,0.0
1785515075829003500,35.0763038999994,0.0,0.0,0,0.0,12330,0,0.0,0.0,0.0
1785515110236333000,34.091925799999444,0.0,0.0,0,0.0,12330,0,0.0,0.0,0.0
1785515144344715000,33.95515710000109,0.0,0.0,0,0.0,12330,0,0.0,0.0,0.0
1785515178289150200,33.79279360000146,0.0,0.0,0,0.0,12330,0,0.0,0.0,0.0
1785515212063187200,33.595312000001286,0.0,0.0,0,0.0,12330,0,0.0,0.0,0.0
1785515246103917700,33.881557099999554,0.0,0.0,0,0.0,12330,0,0.0,0.0,0.0
1785515279794841000,33.52655400000003,0.0,0.0,0,0.0,12330,0,0.0,0.0,0.0
1785515313402130300,33.453166900000724,0.0,0.0,0,0.0,12330,0,0.0,0.0,0.0
1785515347041773200,33.461529500000324,0.0,0.0,0,0.0,12330,0,0.0,0.0,0.0
1785515380726400300,33.49282519999906,0.0,0.0,0,0.0,12330,0,0.0,0.0,0.0
1785515414621079500,33.7120034999989,0.0,0.0,0,0.0,12330,0,0.0,0.0,0.0
1785515448335716600,33.54120109999894,0.0,0.0,0,0.0,12330,0,0.0,0.0,0.0
1785515481680295300,33.176701200000025,0.0,0.0,0,0.0,12330,0,0.0,0.0,0.0
1785515515606040800,33.74783109999953,0.0,0.0,0,0.0,12330,0,0.0,0.0,0.0
1785515549271351800,33.493418799998835,0.0,0.0,0,0.0,12330,0,0.0,0.0,0.0
1785515582670178400,33.226882700000715,0.0,0.0,0,0.0,12330,0,0.0,0.0,0.0
1785515616485221600,33.64320989999942,0.0,0.0,0,0.0,12330,0,0.0,0.0,0.0
1785515650115423500,33.46401439999863,0.0,0.0,0,0.0,12330,0,0.0,0.0,0.0
1785515683652802600,33.34870039999987,0.0,0.0,0,0.0,12330,0,0.0,0.0,0.0
1785515718056569300,34.23177869999927,0.0,0.0,0,0.0,12330,0,0.0,0.0,0.0
