window_end_ns,elapsed_s,fps,rate_kib_s,missing_frames,loss_rate,crc_errors,old_frames,avg_interval_ms,interval_jitter_ms,bandwidth_jitter_kib_s,latency_count,latency_avg_ms,latency_p50_ms,latency_p95_ms,latency_p99_ms
1786376660377491700,1.0002712000023166,923.7494791391175,936.3788665492226,12,0.01282051282051282,0,0,1.0350582881906825,2.3852078554118803,0.0,0,,,,
1786376661379302900,1.0018123999980162,774.5961219900419,785.1863033453745,0,0.0,0,0,1.2909329896907216,7.79589343849907,106.90928670641665,0,,,,
1786376662400531400,1.0212315999997372,808.8273022497664,819.8854880227124,1,0.0012091898428053204,0,0,1.2364161016949153,7.026977933373363,79.19799221565151,0,,,,
1786376663424969100,1.0244378999996115,799.4628078483923,810.3929634244446,6,0.007272727272727273,0,0,1.250771916971917,5.944993010684136,67.22590234159428,0,,,,
1786376664449857000,1.0248877000012726,802.0390916965628,813.0044699033517,0,0.0,0,0,1.2468692214111923,5.7029600449963676,59.27947531082205,0,,,,
1786376665474059500,1.024200899999414,806.4824000842731,817.5085266479252,0,0.0,0,0,1.2398162227602905,5.596168645465219,53.39556017826453,0,,,,
1786376666496579100,1.0225213000012445,796.0714363593299,806.955225528305,5,0.006105006105006105,0,0,1.2563051597051598,6.8866166714027095,49.541688910087956,0,,,,
1786376667520454100,1.0238748999981908,802.8324554117427,813.8086803880751,0,0.0,0,0,1.245515085158151,6.039803294966776,46.104792642802785,0,,,,
1786376668545918700,1.025464500002272,798.6624597908416,809.5816731082945,0,0.0,0,0,1.2522017094017095,6.136358004380027,43.44781546517636,0,,,,
1786376669570077700,1.024158999996871,804.5625728060951,815.5624517311784,0,0.0,0,0,1.2428030339805825,5.713066432860088,41.04243077148157,0,,,,
1786376670595402300,1.0253238000004785,798.7720562027506,809.6927679086475,0,0.0,0,0,1.251831868131868,6.407011186270889,39.137121554970335,0,,,,
1786376671616845900,1.0214445000019623,795.9316438616471,806.813521805068,0,0.0,0,0,1.2565370233702338,5.906054325466709,37.560187540085074,0,,,,
1786376672639794400,1.0229480999987572,803.5598286960977,814.5459982290522,0,0.0,0,0,1.2444577858880779,5.840784551739242,35.9977448766665,0,,,,
1786376673665225800,1.0254315999991377,794.7872876169267,805.6535200648144,0,0.0,0,0,1.2581936196319017,5.477626476795935,34.795859848053716,0,,,,
1786376674688806400,1.0235802000024705,791.3400435042071,802.1591456614912,1,0.0012330456226880395,0,0,1.2636445679012345,7.340273080801764,33.808467055894084,0,,,,
1786376675712577800,1.02377179999894,732.5851327422542,742.6009451039647,73,0.08869987849331713,0,0,1.364994,6.5709034892753655,37.68718551710946,0,,,,
1786376676736811800,1.0242343999998411,800.5979881169069,811.5436637356927,0,0.0,0,0,1.2491691463414634,5.490743064337531,36.492433248152786,0,,,,
1786376677759679400,1.0228668000017933,798.735475624556,809.6556872053606,0,0.0,0,0,1.2519531211750305,6.097517037127246,35.41171969578763,0,,,,
1786376678787212700,1.0275030999982846,794.1581879425593,805.0158194183365,1,0.0012239902080783353,0,0,1.2591551470588236,8.369320597528743,34.460659946748464,0,,,,
1786376679809610500,1.0224286999982724,775.6042059474073,786.2081697005946,31,0.03762135922330097,0,0,1.2893686002522067,7.2124068883445975,34.04971960605114,0,,,,
1786376680834125100,1.0245141000013973,796.4751290381333,807.3644374429516,0,0.0,0,0,1.255440318627451,6.828941253917196,33.197612440831094,0,,,,
1786376681857140800,1.0230160999999498,712.5987557771923,722.3413168913337,84,0.1033210332103321,0,0,1.4033886145404664,8.302147102338495,37.500961872236104,0,,,,
1786376682880620900,1.0234793000017817,798.2574733055937,809.1711496984436,0,0.0,0,0,1.2526421052631578,7.186440712128345,36.64180861660923,0,,,,
1786376683905843800,1.025223399999959,793.9732940157556,804.8283976448772,0,0.0,0,0,1.2596066339066339,6.041213407225493,35.83914060743847,0,,,,
1786376684931267500,1.0254236999971909,740.1818389823438,750.3015125621806,0,0.0,0,0,1.3510416337285902,7.630563339523199,36.86610847953109,0,,,,
1786376685954859200,1.0235910000010335,850.9258092334932,862.5595605316074,0,0.0,0,0,1.1746644087256028,5.722290906359766,37.86479762263651,0,,,,
1786376686976420300,1.0215618000001996,799.7558248554717,810.6899865234176,0,0.0,0,0,1.2509308445532437,6.472959831118446,37.136751421960874,0,,,,
1786376688002256200,1.0258358999999473,796.4236775102548,807.3122824762153,0,0.0,0,0,1.2555451652386782,5.524450516194938,36.44258857218646,0,,,,
1786376689024692300,1.0224364999994577,794.1813501380581,805.0392982844769,0,0.0,0,0,1.259216133004926,5.492414994574312,35.787812770594286,0,,,,
1786376690047954600,1.0232618000009097,789.6317442899575,800.4274907939218,8,0.00980392156862745,0,0,1.2664345297029702,6.4648001489648,35.18557129125597,0,,,,
1786376691072655800,1.0247003000004042,794.3786100186355,805.2392550774841,0,0.0,0,0,1.25857800982801,7.435733405927755,25.274614684298534,0,,,,
1786376692096402800,1.023747999999614,800.9783657700032,811.9292418645149,0,0.0,0,0,1.2487193902439024,7.244399211532039,25.118840380815385,0,,,,
1786376693119470800,1.0230663000002096,787.8277292486664,798.598811484488,14,0.01707317073170732,0,0,1.2692191066997518,6.461802514410121,24.932967668379,0,,,,
1786376694145431900,1.025963000000047,797.2997076892271,808.2002896302907,3,0.0036540803897685747,0,0,1.254333129584352,5.3867181013050995,24.912389754860534,0,,,,
1786376695169801700,1.0243695999997726,805.3733730483442,816.3843371329896,0,0.0,0,0,1.2416425454545454,6.533099316699913,24.969217333298534,0,,,,
1786376696193571200,1.0237692000009702,802.9153445905787,813.892702817403,0,0.0,0,0,1.2454508515815084,5.6807028536070945,24.90336067382678,0,,,,
1786376697193812100,1.000241300000198,798.8072478109451,809.7284406521104,0,0.0,0,0,1.2519499374217773,6.710257979539744,24.925723700106865,0,,,,
1786376698194410500,1.0005983999981254,821.5084093693733,832.7399696537203,0,0.0,0,0,1.2172270072992701,5.656022960540285,25.454318008116932,0,,,,
1786376699194996900,1.0005869000015082,727.5729874125902,737.5202743498718,0,0.0,0,0,1.3744833791208793,7.933642357957265,28.093872558614315,0,,,,
1786376700195502400,1.000505100000737,848.571386592007,860.1729485180696,0,0.0,0,0,1.1784282685512366,5.460283011330327,30.01747564258298,0,,,,
1786376701255578100,1.0600753999970038,708.4401732198696,718.1258787131101,0,0.0,0,0,1.4114595206391478,7.116164098425447,33.67055336150562,0,,,,
1786376702256353100,1.000773300002038,810.3733382958443,821.4526612803578,0,0.0,0,0,1.233615536374846,5.770286694213091,33.88968147992485,0,,,,
1786376703260271000,1.003919799997675,825.7631735143782,837.0529044022701,0,0.0,0,0,1.2114585042219541,6.461845088376427,34.47345319536671,0,,,,
1786376704282320400,1.0220483000011882,804.2672738646935,815.2631154995623,0,0.0,0,0,1.2428122871046228,6.699990741785185,34.56785490081538,0,,,,
1786376705306809000,1.0244893000017328,800.3987938171858,811.3417460764052,0,0.0,0,0,1.2498668292682926,5.98258932173188,34.621064782068025,0,,,,
1786376706332411900,1.0256031999997504,794.6543068510301,805.518721202509,0,0.0,0,0,1.2583564417177915,9.3867737857985,32.814318357865695,0,,,,
1786376707354954500,1.0225424999989627,807.7903852415307,818.8343944147547,0,0.0,0,0,1.2380219128329297,7.250451622278301,32.90521161550613,0,,,,
1786376708379322600,1.0243684999986726,799.516970700545,810.4478667843415,1,0.0012195121951219512,0,0,1.2507444444444444,5.984772258606553,32.91069702247277,0,,,,
1786376709403303200,1.023980500001926,793.9604318621994,804.8153596415654,0,0.0,0,0,1.2595134071340714,6.812724328574261,32.91038991497566,0,,,,
1786376710427276200,1.023972799997864,792.0132253529505,802.8415311683228,6,0.0073439412484700125,0,0,1.2626244143033292,6.224182826115359,32.74961626611933,0,,,,
1786376711450860700,1.0235846000032325,795.2444771027518,806.116960188141,0,0.0,0,0,1.2574057739557738,6.576936352491694,32.74599481185647,0,,,,
1786376712474717100,1.0238560999969195,796.9869984682956,807.8833050879794,0,0.0,0,0,1.2547713235294118,9.473153817944711,28.891037536319946,0,,,,
1786376713474870700,1.0001544000006106,796.8769621965503,807.7717644140812,0,0.0,0,0,1.2549695106649936,7.855733889540669,28.888230689976165,0,,,,
1786376714475620300,1.0007485000023735,822.3844452407853,833.6279825780617,0,0.0,0,0,1.2156069258809235,10.247810843217117,29.29718885299894,0,,,,
1786376715476091500,1.0004714999995485,791.6267479886807,802.4497699338385,0,0.0,0,0,1.2631213383838382,13.051703110075875,27.247825535110916,0,,,,
1786376716476093700,1.0000024999972084,784.9980375070977,795.73043255114,7,0.008838383838383838,0,0,1.2744094267515924,8.57612419282766,25.428560742783564,0,,,,
1786376717476489200,1.0003959000023315,462.8167708393457,469.1443438781648,0,0.0,0,0,2.1606634989200866,29.054488541139644,66.73646506236179,0,,,,
1786376718476506800,1.0000154000008479,998.9846156360721,1012.6426084279716,0,0.0,0,0,1.0009665665665666,8.941655323932329,77.59750091505866,0,,,,
1786376719479866400,1.0033614999993006,941.8340249258704,954.7106619854038,0,0.0,0,0,1.0617419047619048,8.911632496730341,82.41515984608316,0,,,,
1786376720480442000,1.000575399997615,785.5479956851563,796.2879096886643,1,0.0012706480304955528,0,0,1.2730477099236641,9.334507984019341,82.43119701857186,0,,,,
1786376721487323200,1.0068806000017503,791.5536360504061,802.3756584182828,0,0.0,0,0,1.263270765370138,8.995971342656697,82.43562158770433,0,,,,
1786376722487437700,1.0001149999989138,796.9083555399785,807.8035869633766,0,0.0,0,0,1.25480112923463,8.458954219556576,82.43133856602904,0,,,,
1786376723487770600,1.0003336000008858,771.742546685742,782.2937143162112,0,0.0,0,0,1.295862694300518,9.075772036070575,82.54447118205309,0,,,,
1786376724791351100,1.3035772000002908,0.7671198913265566,0.7776078585907868,0,0.0,0,0,1302.9503,0.0,168.7161065039794,0,,,,
1786376725792028800,1.0006800999981351,1190.1905514082068,1206.4626878532408,0,0.0,0,0,0.8407235096557515,5.264404362033091,185.79500421267852,0,,,,
1786376726792102500,1.0000742000011087,1226.9089633535589,1243.6831093369083,0,0.0,0,0,0.8151006519967401,3.9585890064462563,203.22526237705165,0,,,,
1786376727793326700,1.0012237000009918,1057.7056855515416,1072.1665054711916,0,0.0,0,0,0.9454166194523135,5.427299088066764,208.90737597953003,0,,,,
1786376728794132500,1.000806799998827,781.3695910148857,792.0523783920423,15,0.018820577164366373,0,0,1.2798579283887468,6.451879550451064,208.92658887124716,0,,,,
1786376729794765900,1.0006329999996524,762.51732653257,772.9423681062574,0,0.0,0,0,1.3114311926605504,6.454186936625732,208.57587787813264,0,,,,
1786376730804897400,1.010130400001799,797.9167838118371,808.8258023405145,5,0.006165228113440197,0,0,1.253090570719603,6.705801852054426,208.40946635756737,0,,,,
1786376731827267100,1.0223707000004651,804.013651799319,815.0060259450128,0,0.0,0,0,1.2437901459854015,6.63607880612738,207.6209783185649,0,,,,
1786376732852745400,1.0254781999974512,794.7511707240834,805.6169093863267,0,0.0,0,0,1.2582122699386502,7.822102678075781,207.6301274786882,0,,,,
1786376733853036000,1.0002910000002885,797.7678495555492,808.6748318736915,0,0.0,0,0,1.2537046365914788,8.122506209320047,207.59907968025146,0,,,,
1786376734853218200,1.0001821000005293,659.8798358815367,668.9016305127295,0,0.0,0,0,1.5153701515151516,20.187220372460526,209.32484367493765,0,,,,
1786376735874785600,1.0215669999997772,891.7672555987015,903.95938604634,0,0.0,0,0,1.1213402854006587,7.244516204996178,210.01306326733203,0,,,,
1786376736874910600,1.000122100002045,850.8961055837681,862.5294507772962,0,0.0,0,0,1.1748494712103408,5.74924760003247,210.1914201399999,0,,,,
1786376737880420300,1.0055079999983718,449.52402168926744,455.66985792330036,0,0.0,0,0,2.1958190265486723,8.179008320677006,220.23518293903655,0,,,,
1786376738881244900,1.0008271000006062,343.71571273378953,348.41495099382183,0,0.0,0,0,2.9468872093023255,20.27403809241281,235.38849791074492,0,,,,
1786376739884023400,1.002777400000923,400.8865776189511,406.36744879733516,0,0.0,0,0,2.4887723880597012,12.03469215056876,245.45641809427298,0,,,,
1786376740894533100,1.0105113999998139,381.984804921618,387.20725342640577,0,0.0,0,0,2.5863049222797927,15.326743156470565,255.3678751290516,0,,,,
1786376741895089700,1.0005582999983744,256.85659696233347,260.36830824892786,0,0.0,0,0,3.9511501945525294,42.02583079630268,271.021877667155,0,,,,
1786376742897667800,1.0025736999996298,387.00396788799,392.29503776145856,0,0.0,0,0,2.567526288659794,14.742490289098551,278.1233263062142,0,,,,
1786376743902762800,1.0050936000006914,384.0438343252156,389.2944336226306,0,0.0,0,0,2.5990937823834197,16.20118303376552,284.4699236383309,0,,,,
1786376744903115500,1.0003553999995347,210.92503724186238,213.80877798540348,0,0.0,0,0,4.772574407582939,44.772386112897635,297.7749333641366,0,,,,
1786376745903354500,1.000240000001213,379.9088218822874,385.1028878064593,20,0.05,0,0,2.6353676315789474,13.614384925683389,302.2782033333391,0,,,,
1786376746938916900,1.0355595000000903,0.9656615578341107,0.9788639619451239,0,0.0,0,0,1034.5054,0.0,325.7633961242755,0,,,,
1786376747940982800,1.002067999997962,386.20133563868626,391.48143202437143,0,0.0,0,0,2.5314431524547802,10.620544971433032,327.58827219614284,0,,,,
1786376748941041200,1.0000599000013608,442.9734658887905,449.0297437427388,0,0.0,0,0,2.310056433408578,8.965866792710903,322.288630630018,0,,,,
1786376749942634200,1.0015923999999359,428.31794650201766,434.1738559268499,0,0.0,0,0,2.3328149184149183,13.165297356891884,318.35030579660287,0,,,,
1786376750943412900,1.0007766000017,388.69813702612475,394.01236936827877,0,0.0,0,0,2.5742863753213365,13.431726643728645,318.94367195687107,0,,,,
1786376751944740200,1.0013273999975354,399.4697438629808,404.9312442673575,0,0.0,0,0,2.4946595,10.935073777061781,318.59105379754646,0,,,,
1786376752958335900,1.0135956000012811,401.54081173940136,407.030627524901,6,0.014527845036319613,0,0,2.457949877149877,10.50125834148811,317.49305380725986,0,,,,
1786376753969568200,1.0112330000010843,345.12323074862644,349.8417124190178,0,0.0,0,0,2.867004011461318,21.23229802834238,317.59605772405365,0,,,,
1786376754969579600,1.0000126999984786,364.9953645594254,369.9855355592613,0,0.0,0,0,2.815247945205479,18.825576919488245,301.902269771639,0,,,,
1786376755971908200,1.0023264000010386,349.18764985102393,353.9616997513309,0,0.0,0,0,2.8603434285714284,17.226092418071225,279.5499244408073,0,,,,
1786376756973290600,1.001379099998303,448.38163688533234,454.511854577124,1,0.0022222222222222222,0,0,2.2140913140311804,8.816722697202538,246.7358126351807,0,,,,
1786376757974333100,1.0010375000019849,470.5118439609566,476.9446230776103,1342,0.7402095973524545,0,0,2.1419140127388534,9.602816669572539,223.5307043040624,0,,,,
1786376758976019600,1.0016961000001174,137.76633452000445,139.64985862477013,76,0.35514018691588783,0,0,7.251771739130435,65.0803076924442,225.74123926781405,0,,,,
1786376759979655600,1.0036368999972183,369.65559955102117,374.7094847011328,387,0.5105540897097626,0,0,2.709243935309973,13.518492177205733,219.36032222111297,0,,,,
1786376760983378800,1.0037236999996821,373.60879293785604,378.71672565380334,341,0.4762569832402235,0,0,2.6392229333333335,11.340616595253636,209.88165800102541,0,,,,
1786376761984242100,1.0008623000030639,407.6484847103853,413.22180383728505,386,0.48614609571788414,0,0,2.488110539215686,11.617392011778858,198.24667666621872,0,,,,
1786376762986460500,1.0022174999976414,438.0286714221545,444.01734466425427,417,0.4871495327102804,0,0,2.278748519362187,10.511903185653791,185.5906984929247,0,,,,
1786376763986710600,1.0002512999999453,500.8741303310752,507.7220188316954,572,0.5330848089468779,0,0,1.999870858283433,9.778658192023538,171.6938659806292,0,,,,
1786376764991520300,1.0048072999998112,56.72729487535641,57.502863359980424,27,0.32142857142857145,0,0,17.62534736842105,121.78215190954428,176.6052033688988,0,,,,
1786376765992418100,1.0008995000025607,383.6549024142959,388.9001842832414,452,0.5406698564593302,0,0,2.6054755208333336,14.067497957770584,147.9964909000571,0,,,,
1786376766992714000,1.0002968999979203,406.8791975670885,412.4419990963261,474,0.5380249716231555,0,0,2.458570515970516,13.034347168705851,116.4743433428416,0,,,,
1786376767993079300,1.000363600000128,424.8455261666315,430.6539610946909,358,0.45721583652618136,0,0,2.353784470588235,10.429017426181977,115.86419575549844,0,,,,
1786376768994117700,1.0010388000009698,349.63679729463126,354.4169878826438,340,0.4927536231884058,0,0,2.860941142857143,22.91769559254158,115.84765350034965,0,,,,
1786376769994699000,1.0005835000010848,424.75215711586213,430.5593155139306,934,0.6872700515084621,0,0,2.3541004705882353,10.72734037958968,116.25941667642807,0,,,,
1786376770994812200,1.0001111999990826,424.95274525511746,430.7626460691523,434,0.5052386495925495,0,0,2.3532228235294115,14.670234093258733,116.8608577660311,0,,,,
1786376771995311500,1.000498499997775,407.7967133393077,413.3720590294935,472,0.5363636363636364,0,0,2.4474492647058823,14.25840068720727,115.55721023291058,0,,,,
1786376772995989800,1.0006793000029575,133.9090355917265,135.73982318770715,54,0.2872340425531915,0,0,7.479450746268657,66.95499306330919,122.963420281276,0,,,,
1786376773996693500,1.0007036999995762,396.7208275538185,402.14474511803087,356,0.47277556440903057,0,0,2.5215229219143573,11.8897744403278,123.0928047649389,0,,,,
1786376774997149900,1.0004561999994621,433.8020994824494,439.73298756131106,321,0.4251655629139073,0,0,2.3051246543778805,13.977008867563203,120.72803253776745,0,,,,
1786376775997531800,1.0003830999994534,421.8383937115997,427.6057155006254,1074,0.7179144385026738,0,0,2.3708582938388627,18.756833439057264,121.18972742054868,0,,,,
1786376776999604500,1.0020724999994854,499.9638249730007,506.7992678925535,476,0.4872057318321392,0,0,1.9971109780439122,7.96273059401731,101.87622146000044,0,,,,
1786376777999895300,1.000250799999776,433.89118009213007,439.82328606995213,378,0.46551724137931033,0,0,2.3079947004608297,12.902888336153168,102.35008514531373,0,,,,
1786376779000502000,1.0006461000011768,439.7158995567789,445.7276403710317,499,0.531416400425985,0,0,2.2625040909090908,11.157928236095225,102.28330913947467,0,,,,
1786376780001065700,1.0005631999993057,453.74445112544123,459.94798854317185,637,0.5838680109990834,0,0,2.2156030837004406,12.084764866196146,102.7973831398586,0,,,,
1786376781005077200,1.0040122999998857,448.20168039779116,454.3294377469797,351,0.43820224719101125,0,0,2.2187493333333332,10.725777170129088,103.50283423421034,0,,,,
1786376782005713900,1.000636900000245,466.7027570139434,473.08345876999346,831,0.6402157164869029,0,0,2.1545327623126336,10.624059511139889,104.57985506807684,0,,,,
1786376783007230600,1.0015170000006037,408.38048680127594,413.9638137692621,339,0.4532085561497326,0,0,2.447601466992665,14.760253448058718,104.620812586915,0,,,,
1786376784416389400,1.409156099998654,0.7096445879920295,0.719346760093483,0,0.0,0,0,1408.2984,0.0,126.64968914944329,0,,,,
1786376785417444000,1.0010564000003797,473.499794816576,479.97342482383385,738,0.6089108910891089,0,0,2.1138398734177217,8.983353460972712,127.90393900892853,0,,,,
1786376786418429900,1.000984199999948,434.57229394831865,440.51371202964333,235,0.35074626865671643,0,0,2.301621379310345,10.433098759534525,128.16206637564045,0,,,,
1786376787418500800,1.000073600000178,264.9804974353416,268.6032776737154,87,0.2471590909090909,0,0,3.77422679245283,39.11517886555057,129.3049699160091,0,,,,
1786376788419943100,1.0014417999991565,393.4327486633091,398.8117120239403,338,0.46174863387978143,0,0,2.540609390862944,15.31093311494664,128.09559263449853,0,,,,
1786376789420237600,1.0002947000029963,423.87508401147176,429.67025117569113,325,0.43391188251001334,0,0,2.3599896226415096,10.244325381491837,120.11976533136072,0,,,,
1786376790424589000,1.0043455999984872,350.4769672914684,355.26864457865645,346,0.49570200573065903,0,0,2.8423125000000002,19.792973658912583,120.24894806479136,0,,,,
1786376791432569500,1.0079838999990898,394.84757643486114,400.2458831439315,316,0.4425770308123249,0,0,2.5200786432160807,11.166636100397985,120.2569588548964,0,,,,
1786376792433596900,1.0010285999996995,365.6239192367829,370.6226837575983,139,0.27524752475247527,0,0,2.7593584699453553,17.069567386663895,120.20699279936687,0,,,,
1786376793433605000,1.000009900002624,405.9959806387264,411.54670693652145,339,0.45503355704697984,0,0,2.462894827586207,12.653030042797988,119.82261162089549,0,,,,
1786376794663013200,1.2294045999988157,0.8134018694911044,0.8245225981755531,0,0.0,0,0,1228.2109,0.0,136.63266906938986,0,,,,
1786376795663149800,1.0001391000005242,350.9511826903038,355.7493433911478,354,0.502127659574468,0,0,2.8452333333333333,20.153904849628663,123.38341137151835,0,,,,
1786376796666145900,1.002994899998157,183.45058384677537,185.95869729780551,1355,0.8804418453541261,0,0,5.4543320652173914,52.64860362322145,128.29238891183525,0,,,,
1786376797666388500,1.000241100002313,416.8994855330737,422.59928318684615,154,0.26970227670753066,0,0,2.4033426858513187,12.118148781006372,128.415268990604,0,,,,
1786376798666537300,1.0001498999990872,411.93825045663255,417.5702187245943,335,0.4484605087014726,0,0,2.426592718446602,9.893435313410004,128.23360343434277,0,,,,
1786376799667240100,1.0007049000014376,289.7957229944446,293.7577738947593,575,0.6647398843930635,0,0,3.452698965517241,25.68175451728568,128.99999039417406,0,,,,
1786376800680188900,1.012944599999173,412.65830332709334,418.30011606789344,405,0.49210206561360875,0,0,2.3947236842105264,9.847612396964685,128.8214904081602,0,,,,
1786376801680930300,1.0007458000000042,357.7332025775162,362.62408620650564,350,0.4943502824858757,0,0,2.8287829608938546,17.299734648618806,128.30910293697323,0,,,,
1786376802681633700,1.0007025999984762,372.73811420153,377.834143106629,456,0.5500603136308806,0,0,2.6829911528150134,17.38874344492251,128.0349486193563,0,,,,
1786376803681677100,1.000044500000513,411.98166681561537,417.61422866661013,426,0.5083532219570406,0,0,2.4271900485436895,9.83052591918457,120.65935081721729,0,,,,
1786376804839402400,1.1577219999999215,0.863765221702678,0.8755745118431443,0,0.0,0,0,1156.7146,0.0,138.54593853313023,0,,,,
1786376805839552800,1.000154500001372,364.9436162107947,369.93307971367665,435,0.54375,0,0,2.742901643835616,18.91862327136091,137.78571927240515,0,,,,
1786376806840125400,1.000570099997276,229.8689517112556,233.0116912854329,272,0.5418326693227091,0,0,4.347185217391304,42.66966804241727,139.06921366099297,0,,,,
1786376807840250000,1.0001281000004383,576.9260957668794,584.8137572324422,1585,0.7331174838112858,0,0,1.7355908145580587,8.748336124136426,142.71539975212906,0,,,,
1786376808840481800,1.000228299999435,922.7893271971222,935.4055875298955,1346,0.5932128691053328,0,0,1.0834026002166848,6.258864733245197,177.24111614308856,0,,,,
1786376809841164400,1.0006826000026194,564.6145940766044,572.3339342299954,835,0.5964285714285714,0,0,1.7705654867256637,12.89565329746556,180.51780257550882,0,,,,
1786376810841757200,1.000593699998717,397.7638476041877,403.2020252081512,438,0.5239234449760766,0,0,2.513923115577889,13.71433328638302,179.91370136939696,0,,,,
1786376811842589600,1.0008314000006067,426.64528710803955,432.47832814271976,505,0.5418454935622318,0,0,2.343877517564403,9.079018453850718,179.62543327273391,0,,,,
1786376812852177300,1.0095849999997881,350.6391239965672,355.43301826995776,337,0.487698986975398,0,0,2.7996793785310734,17.48990008858123,178.67534043464124,0,,,,
1786376813852414500,1.000241099998675,400.9033422047256,406.38444258643085,1381,0.7749719416386083,0,0,2.5398990024937658,13.275846781023011,178.6168815308218,0,,,,
1786376814852666300,1.0002515000014682,521.8687500086066,529.0036743251305,898,0.6323943661971831,0,0,1.9167237547892721,8.282346637281444,166.58150208055278,0,,,,
1786376815855089000,1.0024212999996962,293.28985726868444,297.2996795360297,45,0.13274336283185842,0,0,3.394485714285714,26.612057306729508,166.4308469229116,0,,,,
1786376816855180500,1.000092999998742,299.97210259483603,304.0732836849998,104,0.25742574257425743,0,0,3.347799333333333,26.580726921729546,166.6298033145856,0,,,,
1786376817856340900,1.0011601000005612,426.5052113041267,432.33633723992534,0,0.0,0,0,2.3449018735363,13.824583789374387,165.6333406973153,0,,,,
1786376818856544200,1.0002050000002782,496.89813588200593,503.69166508351776,32,0.06049149338374291,0,0,2.01273199195171,11.545567096916368,167.08951929166983,0,,,,
1786376819993822300,1.1372761000020546,0.8792939550898796,0.891315552132124,0,0.0,0,0,1136.5662,0.0,180.98721333794018,0,,,,
1786376820994505500,1.0006832999970356,345.7637396377305,350.4909782655901,0,0.0,0,0,2.8931739884393064,19.909964389777798,181.0042922361591,0,,,,
1786376821995119300,1.0006133999995654,434.733334572762,440.67695438137395,313,0.4184491978609626,0,0,2.300991264367816,13.066031422411482,181.37535465371076,0,,,,
1786376822996322700,1.0012042000016663,303.6343634989686,307.7856145624311,314,0.5080906148867314,0,0,3.2934605263157892,27.04860200373743,181.76510530881504,0,,,,
1786376823997023600,1.000700799999322,355.75068991674755,360.61446888045305,454,0.5604938271604938,0,0,2.8107558988764043,15.96033511088208,181.6093506284755,0,,,,
1786376824997967000,1.0009433000013814,327.69088918378026,332.17103805933976,360,0.5232558139534884,0,0,3.0481384146341464,21.828275842261554,168.0046617730209,0,,,,
1786376826281575600,1.2836035000000265,0.7790567725937015,0.789707939406506,0,0.0,0,0,1283.1039,0.0,181.72261838102713,0,,,,
1786376827633020100,1.3514457999990555,0.7399482835350844,0.7500647639740406,0,0.0,0,0,1350.8147,0.0,191.03918853815767,0,,,,
1786376828686345800,1.0533294999986538,52.21537989781003,52.929262044850404,17,0.2361111111111111,0,0,15.52422,98.58709408388022,198.77186637082656,0,,,,
1786376829848763800,1.162413900001411,204.74634723458752,207.54561370068538,268,0.5296442687747036,0,0,5.010524369747899,53.48052367484847,199.9987604100763,0,,,,
1786376830849902100,1.0011422999996284,348.6017921729304,353.36783230029465,88,0.20137299771167047,0,0,3.3471441260744985,30.24069036303648,199.7903673933815,0,,,,
1786376831850432100,1.0005304000005708,327.8261210252211,332.3081187736128,458,0.5826972010178118,0,0,3.0649868902439024,18.83332923593257,199.31612570697388,0,,,,
1786376832851403000,1.0009706999990158,330.67900988542965,335.20001197370703,550,0.6242905788876277,0,0,3.0210060422960723,20.400855424216445,199.28094932138603,0,,,,
1786376833852172900,1.0007700999994995,290.7760733460617,294.75152747383993,338,0.5373608903020668,0,0,3.4240474226804123,21.325270205607175,199.32930479657293,0,,,,
1786376834853436600,1.0012641000030271,312.6048362255809,316.8787304708526,264,0.45753899480069327,0,0,3.215617891373802,28.159235234512806,198.794403213864,0,,,,
1786376835856208000,1.002770099999907,293.1878403634365,297.19626786840536,101,0.25569620253164554,0,0,3.4040421768707483,25.539606598698885,188.73180895854617,0,,,,
1786376836857337800,1.001130499997089,388.56073209349944,393.87308585259024,1344,0.775533756491633,0,0,2.5788311053984576,13.407539842083088,188.89232197882535,0,,,,
1786376837857359400,1.0000243000031332,482.98826338368644,489.5916185471353,766,0.6132906325060048,0,0,2.0717532091097306,21.03039236263446,189.42720586433228,0,,,,
1786376838858380200,1.001020099996822,41.95719946096321,42.53083304734357,3,0.06666666666666667,0,0,23.823700000000002,113.1233317553791,192.5050211011372,0,,,,
1786376840350407900,1.4920202000030258,0.670232212672437,0.6793955437050679,20,0.9523809523809523,0,0,1488.0481,0.0,165.9705093213694,0,,,,
1786376841350524100,1.000124499998492,489.9390025949158,496.63738739601814,461,0.48475289169295477,0,0,2.0500204081632654,27.299394160446024,162.299501005142,0,,,,
1786376842351253400,1.0007282000005944,898.3458245700142,910.6278963903073,4501,0.8335185185185185,0,0,1.112808787541713,7.4108016403479695,196.09154664053574,0,,,,
1786376843351775800,1.000523399998201,914.5213395325338,927.0245609714552,1377,0.6007853403141361,0,0,1.0938256830601094,7.556679685687744,224.6432122397422,0,,,,
1786376844352467200,1.0006892000019434,821.4338677767319,832.6644089377419,1165,0.5863110216406643,0,0,1.216706690997567,11.727678530460686,242.28684556883255,0,,,,
1786376845353025100,1.000559299998713,354.8015594882349,359.6523620593631,410,0.5359477124183006,0,0,2.818764225352113,37.27703779997595,242.07322035467737,0,,,,
1786376846353384000,1.0003596000024118,940.6617380367334,953.5223477364543,2787,0.7475858369098712,0,0,1.0635595111583422,5.798535778580308,264.2790729181714,0,,,,
1786376847353902800,1.000517899999977,939.5134259966978,952.3583361177465,58,0.05811623246492986,0,0,1.0638768085106383,7.525642395913865,284.8168885650552,0,,,,
1786376848354246000,1.0003423999987717,466.8401539318671,473.2227341614044,0,0.0,0,0,2.1418391862955035,10.527363714968624,284.8109185701517,0,,,,
1786376850025095100,1.6708467999997083,0.5984989168367648,0.6066815192153925,0,0.0,0,0,1670.1377,0.0,293.4656677378645,0,,,,
1786376851029899500,1.0048053999998956,367.23528754924916,372.25608249621155,0,0.0,0,0,2.709888075880759,15.361922655754361,292.49423131615146,0,,,,
1786376852031022400,1.0011229000010644,300.662386206209,304.773004767622,0,0.0,0,0,3.344864119601329,26.265480155535737,284.31123663520333,0,,,,
1786376853033545700,1.0025238999987778,425.9250078731495,431.7482013401652,0,0.0,0,0,2.3378440281030444,14.392640236581098,284.3767609834045,0,,,,
1786376854035391400,1.0018459999992047,503.0713303246209,509.9492586689028,86,0.14576271186440679,0,0,1.9929063492063492,12.466482560667496,285.11778184798897,0,,,,
1786376855035501000,1.0001078999994206,757.9182206244337,768.2803837970334,18,0.023195876288659795,0,0,1.3216249340369393,13.555854071333936,292.93165307080227,0,,,,
1786376856035704800,1.000204500000109,865.8229392088374,877.6603622058333,1,0.0011534025374855825,0,0,1.1550376443418013,8.722873189723193,305.2728855864031,0,,,,
1786376857036376800,1.0006747000006726,911.3850884801894,923.8454314867545,1525,0.6257693885925318,0,0,1.0974583333333332,6.547371912068762,318.1943445611708,0,,,,
1786376858036952800,1.00057630000083,920.4695334071334,933.054077809184,989,0.5178010471204189,0,0,1.086627035830619,7.108674794325226,319.29804140052846,0,,,,
1786376859037108900,1.0001563000005262,1034.8382547802332,1048.9864340448069,655,0.3875739644970414,0,0,0.9663142995169083,5.158754228188748,323.3344811325182,0,,,,
1786376860037762600,1.0006518999980472,1006.3439643715914,1020.1025732594842,0,0.0,0,0,0.9932845084409135,7.165661766001096,324.7690523128344,0,,,,
1786376861038068700,1.000235800001974,1082.7446888002437,1097.5478388424344,0,0.0,0,0,0.9235142197599261,4.640373689807163,333.9948168948631,0,,,,
1786376862038495800,1.0004989000008209,1057.472427005299,1071.9300578432621,0,0.0,0,0,0.9461560491493384,7.067170502538155,343.6703023382924,0,,,,
1786376863038761900,1.0002663999985089,1130.698781846202,1146.1575542542557,0,0.0,0,0,0.884381343943413,4.454975076779044,354.39254071643,0,,,,
1786376886264773800,23.226011399998242,45.85376204543155,46.48066894839644,0,0.0,0,1,21.808365164319248,685.1233313941218,366.10445168615155,0,,,,
1786376887281885000,1.0171109000002616,711.8201171571495,721.5520328214075,0,0.0,0,724,1.4048113259668509,8.439924490634798,361.7050545170817,0,,,,
1786376888300397700,1.0185114000014437,808.0420111142923,819.0894604849956,0,0.0,0,823,1.2369692588092345,5.8498853798586925,358.606908264343,0,,,,
1786376889322626200,1.022230300000956,806.0805867320009,817.1012197537275,0,0.0,0,824,1.241239077669903,7.304908742340778,353.9623445502312,0,,,,
1786376890346811700,1.0241855999993277,801.6125202312344,812.5720664062708,0,0.0,0,821,1.2474627283800244,5.920470600527182,351.42953855253444,0,,,,
1786376891371929000,1.025117199998931,803.8105301529027,814.800127244837,0,0.0,0,824,1.2440811893203885,5.7653210883636,350.6213593408918,0,,,,
1786376892372504200,1.0005753000004916,787.5469242540895,798.3141673591259,0,0.0,0,788,1.2697162436548224,6.434997146340314,329.54050669503937,0,,,,
1786376893372773400,1.0002692000016395,796.785505340656,807.6790571714852,0,0.0,0,797,1.25520112923463,8.182088113137254,301.55142590469285,0,,,,
1786376894372893000,1.00012009999773,775.9068135934488,786.5149145605467,0,0.0,0,776,1.288780798969072,6.856321971969246,298.2764798236695,0,,,,
1786376895372983100,1.0000901999992493,834.9246897936074,846.3396757868794,0,0.0,0,835,1.1977656287425151,5.465582524051986,297.2722958018849,0,,,,
1786376896388230700,1.01524640000207,808.6706832925742,819.7267277907148,0,0.0,0,821,1.2364246041412912,6.422811742493769,295.61684391242636,0,,,,
1786376897408211300,1.019979799999419,796.0941971600444,806.9782975118418,0,0.0,0,812,1.2557266009852217,7.619320383932085,295.3731526503752,0,,,,
1786376898437078600,1.0288689000008162,792.1320199292188,802.9619498891886,0,0.0,0,815,1.2628463803680983,6.508192383079043,286.750715099045,0,,,,
1786376899469882800,1.032803199999762,763.940313120817,774.3848095892657,0,0.0,0,789,1.309014195183777,5.609118051416114,284.28283590105286,0,,,,
1786376900470399200,1.0005177999992156,841.5642380382039,853.0699991051325,0,0.0,0,842,1.188334085510689,6.343737469372698,282.3799932488101,0,,,,
1786376901474907000,1.0045070000014675,802.3836568573663,813.3537459159631,0,0.0,0,806,1.2462102977667495,8.35518856708563,277.9436742844048,0,,,,
1786376902475163100,1.0002561999972386,804.7938118276321,815.796852223713,0,0.0,0,805,1.242570807453416,7.013922141611428,238.73823149167532,0,,,,
1786376903475798100,1.0006350000003295,787.499937539403,798.2665382479496,0,0.0,0,788,1.2698310913705584,6.725788281050026,225.8411079865824,0,,,,
1786376904477407000,1.0016084000017145,757.7811847411631,768.1414743762962,0,0.0,0,759,1.3195924901185772,6.575913258998902,206.0430604155153,0,,,,
1786376905507586800,1.0301801999994495,748.412753419656,758.6449590328154,0,0.0,0,771,1.3361974059662776,6.974728888265011,193.5171518415698,0,,,,
1786376906520166100,1.0125785999989603,861.1677157712945,872.9414931353552,0,0.0,0,872,1.161267889908257,6.457450911632501,184.42626602294675,0,,,,
1786376907548168700,1.0280034000024898,783.0713400345275,793.777393511562,0,0.0,0,805,1.276996149068323,6.373329488645896,184.16799280135484,0,,,,
1786376908548416200,1.0002480000002834,790.8038806373778,801.615652442967,0,0.0,0,791,1.2646321112515801,6.11135297205691,184.09232910307145,0,,,,
1786376909549002800,1.0005854999981239,833.5119787380127,844.9076503223215,0,0.0,0,834,1.1996111510791367,6.794084058386423,183.31242099410403,0,,,,
1786376910549624400,1.0006226000004972,791.5072076121471,802.3285952162195,0,0.0,0,792,1.2635363636363637,7.324803667129125,182.3398922594984,0,,,,
1786376911550113500,1.0004891999997199,785.6156768111241,796.3565161425262,0,0.0,0,786,1.2729047073791349,6.237340171057992,177.45814515232112,0,,,,
1786376912561372900,1.011258700000326,792.0821843112369,802.9114329248671,0,0.0,0,801,1.2624076154806492,6.83667456244843,173.29536593008024,0,,,,
1786376913600288000,1.038915500001167,792.1722218978113,803.0027014940705,0,0.0,0,823,1.2622788578371809,6.791348549317108,164.59154732162222,0,,,,
1786376914618136900,1.0178484999996726,807.5858047639352,818.6270169384422,0,0.0,0,822,1.2383261557177616,6.183462565131451,156.48973394253946,0,,,,
1786376915635073300,1.016937099997449,804.3761998672799,815.3735307248404,0,0.0,0,818,1.243213447432763,6.010036018965955,141.63460296660207,0,,,,
1786376916635615300,1.000541900000826,669.6371236421452,678.7923186919402,0,0.0,0,670,1.4934613432835822,8.617976339551616,36.76521500568533,0,,,,
1786376917635700500,1.0000852000011946,817.9303123364118,829.1129533253862,0,0.0,0,818,1.2225799511002446,6.107279276716276,33.75054227171642,0,,,,
1786376918636572100,1.0008697000012035,795.308320352832,806.1816762951559,0,0.0,0,796,1.2567481155778895,6.34039277825117,33.65720274061196,0,,,,
1786376919636804800,1.000233799997659,792.8146399390383,803.6539025944548,0,0.0,0,793,1.261796973518285,6.444619988666839,33.58480629007203,0,,,,
1786376920658048800,1.0212439999995695,800.0047001503503,810.9422644102184,0,0.0,0,817,1.2499985312117503,7.445242227187301,33.57329138389391,0,,,,
1786376921681007100,1.0229580000013812,792.7989223398273,803.6379701061921,0,0.0,0,811,1.2613139334155363,7.379894513207143,33.521028191879964,0,,,,
1786376922706134900,1.0251282999997784,800.8753636010024,811.8248314627349,0,0.0,0,821,1.2487504263093787,5.278863928927986,33.526120793288165,0,,,,
1786376923707237100,1.0010995999982697,810.1092039207705,821.1849156931247,0,0.0,0,811,1.2338887792848336,6.835746455946494,33.654766016366594,0,,,,
1786376924708489400,1.001255700000911,816.9741255897527,828.1436937130501,0,0.0,0,818,1.2245689486552567,7.630548063816394,33.70834094310801,0,,,,
1786376925708561100,1.000071599999501,752.9460890603991,763.2402738717717,0,0.0,0,753,1.3280798140770251,8.353555047418846,33.75855093817596,0,,,,
1786376926708886400,1.0003254000002926,828.7303311500013,840.0606286461928,0,0.0,0,829,1.2067083232810614,5.424683648837679,34.285298738060185,0,,,,
1786376927736011200,1.0271241000009468,774.0057895625924,784.5878999667685,0,0.0,0,795,1.2918961006289307,6.9688790384585815,34.476575902692886,0,,,,
1786376928736040000,1.0000292000004265,817.9761150970903,829.1593822956834,0,0.0,0,818,1.222620293398533,6.7294392563405605,34.78169947059377,0,,,,
1786376929736474700,1.000433900000644,762.6690778866139,773.096194185845,0,0.0,0,763,1.310965137614679,7.390367866391634,34.82133019023726,0,,,,
1786376930736567100,1.0000930999995035,850.920779275872,862.5544618050343,0,0.0,0,851,1.175344653349001,4.612529948401186,35.314651054377606,0,,,,
1786376931737155500,1.000588200000493,789.5355951625361,800.3300271276489,0,0.0,0,790,1.2665874683544305,6.112700452565615,35.2893991279476,0,,,,
1786376932737458900,1.00030390000029,770.7657642840105,781.303577467581,0,0.0,0,771,1.2974695201037614,6.405012910543242,35.47478547452263,0,,,,
1786376933737687400,1.0002281999986735,833.8097246219473,845.209466950763,0,0.0,0,834,1.199291726618705,5.902944143762945,36.26298599879334,0,,,,
1786376934737996700,1.0003090999998676,809.7497063658695,820.8205031325904,0,0.0,0,810,1.2348911111111112,5.885527086922411,35.68472027318922,0,,,,
1786376935738601100,1.0006042999993952,795.5192677070058,806.3955076951876,0,0.0,0,796,1.2570967336683416,6.641145467281935,34.50776990988609,0,,,,
1786376936738824200,1.0002236000000266,746.8330081393601,757.0436156725154,0,0.0,0,747,1.3390125836680054,7.310470837631289,33.506306346781074,0,,,,
1786376937768692300,1.0298671000018658,745.727288500243,755.9227787727073,0,0.0,0,768,1.3406442708333335,6.403532448838757,34.61984680477626,0,,,,
1786376938784880200,1.016188499997952,783.3192365408624,794.0286792279446,0,0.0,0,796,1.2768120603015076,6.609445361912445,34.66009265001451,0,,,,
1786376939806919900,1.0220397000011872,857.1095623770608,868.8278571751847,0,0.0,0,876,1.166750684931507,5.699436977758376,35.90944054959041,0,,,,
1786376940807669700,1.0007488999981433,754.4350036271843,764.7495446923998,0,0.0,0,755,1.3251739072847681,7.378520559692775,36.611893336654106,0,,,,
1786376941808025000,1.000356800002919,852.6957581510027,864.3537079694734,0,0.0,0,853,1.1730767878077375,5.49582079740234,38.28076770198667,0,,,,
1786376942808900800,1.0008751999994274,793.3056988528183,804.1516752043216,0,0.0,0,794,1.2605841309823678,6.386395201082821,38.279287512339536,0,,,,
1786376943809408600,1.0005079999973532,781.6029457056503,792.2889234789698,0,0.0,0,782,1.2794442455242967,7.796243717159462,38.34729445546251,0,,,,
1786376944823358700,1.0139501000012388,781.1035276775774,791.7826774700443,0,0.0,0,792,1.2801401515151516,6.156463935074464,38.319953033499374,0,,,,
1786376945849287000,1.0259283000013966,745.6661445044051,755.8607988238012,0,0.0,0,765,1.3410840522875818,6.603661794598636,39.22063975223122,0,,,,
1786376946850038000,1.0007488999981433,842.3691497453198,853.885915464494,0,0.0,0,843,1.1869051008303677,5.780920334337545,32.81355778528026,0,,,,
1786376947851177600,1.0011419000002206,809.0761159829806,820.1377035061853,0,0.0,0,810,1.2362553086419754,7.093582314149673,32.65000774535886,0,,,,
1786376948851403100,1.0002251000005344,761.8285124014512,772.2441365944399,0,0.0,0,762,1.3125892388451443,7.119938158617563,33.267829064314334,0,,,,
1786376949851688600,1.0002856999999494,720.7940691344847,730.6486755484327,0,0.0,0,721,1.3874316227461858,6.980802004897571,36.00636557221034,0,,,,
1786376950864762300,1.013072400000965,761.0512338498863,771.4562311876778,0,0.0,0,771,1.3138796368352788,7.632035070057317,36.448232093074736,0,,,,
1786376951890542100,1.0257811000010406,798.4159583357201,809.3318015160913,0,0.0,0,819,1.2524848595848597,8.209040894400019,36.47026950971981,0,,,,
1786376952906975500,1.0164331999985734,803.7911394483639,814.7804714330094,0,0.0,0,817,1.2440720930232558,6.437725492702514,36.50034301464012,0,,,,
1786376953932371000,1.025395100001333,791.8898773740428,802.7164967912661,0,0.0,0,812,1.2627620689655175,6.3872307936293655,36.331190285253264,0,,,,
1786376954958355200,1.025984799998696,795.3334201452469,806.2071192487953,0,0.0,0,816,1.2573235294117648,6.190581148410305,36.00554372718854,0,,,,
1786376955981481000,1.0231257000014011,797.5559601316656,808.4600455240908,0,0.0,0,816,1.2538720588235293,6.087060194274019,35.29952392096593,0,,,,
1786376957009056900,1.0275761999982933,797.994348255012,808.904427235061,0,0.0,0,820,1.2532079268292682,6.475223238014476,34.61555227301554,0,,,,
1786376958009279800,1.000222999999096,788.8240922281462,799.608796614078,0,0.0,0,789,1.2677572877059569,6.052247993075259,34.467698486998515,0,,,,
1786376959072594900,1.0633149999994203,749.542703714736,759.790357867086,0,0.0,0,797,1.333979297365119,7.10507766658299,34.92120207484168,0,,,,
1786376960082270200,1.0096747000025061,752.7176822377678,763.0087442996123,0,0.0,0,760,1.328628947368421,7.741772643692019,35.23530587222378,0,,,,
1786376961106564400,1.024294299997564,849.365265434035,860.9776811723909,0,0.0,0,870,1.177327816091954,5.600259954644393,35.13914389769246,0,,,,
1786376962130439700,1.023875400001998,797.9486566416242,808.8581109316465,0,0.0,0,817,1.2532412484700122,5.819459396235718,35.180497638111575,0,,,,
1786376963130518700,1.0000792999999248,759.9397367789305,770.329537867705,0,0.0,0,760,1.3159832894736843,7.175446982421826,35.435493939542525,0,,,,
1786376964135854400,1.0053350999987742,835.5422982854415,846.9657281448128,0,0.0,0,840,1.1966939285714286,6.37975786150175,35.51510098899237,0,,,,
1786376965136226700,1.0003727000002982,748.7209517010778,758.9573709626159,0,0.0,0,749,1.3357773030707611,7.2885540358584535,36.02586134086878,0,,,,
1786376966136284200,1.0000571999989916,821.9529842901275,833.1906227472191,0,0.0,0,822,1.2164502433090025,5.6724858836504035,36.58383324669996,0,,,,
1786376967143805100,1.0075210000031802,768.2222008251509,778.7252387270572,0,0.0,0,774,1.3017909560723513,7.1330768564299785,35.949035464001575,0,,,,
1786376968166675500,1.0228707999995095,789.9335869206428,800.7334601793235,0,0.0,0,808,1.26586150990099,6.193030316179345,35.01460040238244,0,,,,
1786376969189424100,1.0227469999990717,799.80679483855,810.7416533617333,0,0.0,0,818,1.250284718826406,5.001176666788977,35.04050622993059,0,,,,
1786376970264443500,1.0750208999997994,750.6830797430548,760.946324973917,0,0.0,0,807,1.3321734820322182,6.58340165910092,33.34369038013052,0,,,,
1786376971265002200,1.0005578999989666,850.5254918289876,862.1537700375869,0,0.0,0,851,1.175805170387779,6.969104648707183,34.75770897428804,0,,,,
1786376972268363100,1.0033603000010771,784.3643006397155,795.0880313125241,0,0.0,0,787,1.2739757306226174,6.41933152843363,32.62121153311485,0,,,,
1786376973285369100,1.0170073000008415,805.3039540614136,816.3139690583471,0,0.0,0,819,1.2425667887667888,6.615748622784398,32.7699933756226,0,,,,
1786376974285500700,1.000131999997393,797.8946779045967,808.8033942040736,0,0.0,0,798,1.2534219298245612,5.709051947783637,32.79491077117707,0,,,,
1786376975287948400,1.0024473000012222,670.3594293676891,679.5244996910756,0,0.0,0,672,1.491669642857143,7.841897404827489,39.42640620726723,0,,,,
1786376976288495000,1.0005466000002343,891.5126991584311,903.7013493422378,0,0.0,0,892,1.1217707399103138,5.797184261666244,43.32858565876446,0,,,,
1786376977289009100,1.0005143000016687,776.6005943130489,787.2181805634226,0,0.0,0,777,1.287648906048906,6.465037426658473,42.19477107414329,0,,,,
1786376978302263400,1.0132543999970949,792.4959417914221,803.3308472456017,0,0.0,0,803,1.2617763387297634,5.145491311616245,42.00668190766972,0,,,,
1786376979302759600,1.000495600001159,783.6116420692823,794.3250824881983,0,0.0,0,784,1.276153443877551,6.453901879101599,41.736205869536846,0,,,,
1786376980303342700,1.0005835000010848,812.5258911416374,823.6346435595896,0,0.0,0,813,1.2307940959409593,7.383251365237429,39.935380398992656,0,,,,
1786376981303826100,1.000483699997858,765.6296649327121,776.097258007964,0,0.0,0,766,1.3060402088772844,7.434221121195252,39.82331068057247,0,,,,
1786376982304916300,1.0010896000021603,821.1053236375907,832.3313729841983,0,0.0,0,822,1.2177625304136253,5.9507258406254415,40.19335671060836,0,,,,
1786376983328223400,1.0233063999985461,799.3695729853367,810.2984538659956,0,0.0,0,818,1.2509408312958434,9.629494019552766,40.154629458911245,0,,,,
1786376984348414400,1.020191600000544,792.9882974919306,803.8299343717031,0,0.0,0,809,1.2611208899876392,7.1317909855106585,40.155448474242995,0,,,,
1786376985374898000,1.0264836999995168,795.9210652837298,806.8027985981558,0,0.0,0,817,1.2564782129742962,6.117401840656208,40.157525140762075,0,,,,
1786376986431768500,1.0568705000005139,756.9517741290073,767.3007241659274,0,0.0,0,800,1.321096125,6.538819050701721,40.645428738809294,0,,,,
1786376987431873000,1.0001043999982357,847.9114780431883,859.5040177820599,0,0.0,0,848,1.1794219339622642,6.690894730611005,42.00819464786446,0,,,,
1786376988455855000,1.0239815000022645,778.3343742032814,788.975664475592,0,0.0,0,797,1.2846922208281055,8.455899966063344,42.080579560881596,0,,,,
1786376989465049200,1.0091944999985571,806.5838646575697,817.611378432185,0,0.0,0,814,1.2397684275184275,6.133345554940487,41.3792691524418,0,,,,
1786376990465113800,1.0000645000000077,767.95046719486,778.4497899885398,0,0.0,0,768,1.3012398437500001,6.433362751526289,40.941115876784544,0,,,,
1786376991465383900,1.0002709000000323,844.7711514950328,856.3207570818789,0,0.0,0,845,1.1846740828402367,6.3686808490804125,40.72927525799662,0,,,,
1786376992465843200,1.0004594000020006,778.6422917296217,789.2877918118626,0,0.0,0,779,1.2842888318356869,6.40000990128701,40.81704561856167,0,,,,
1786376993478774600,1.012930900000356,723.6426492663443,733.5362011117826,0,0.0,0,733,1.3817993178717598,7.602704329905512,42.38773849699783,0,,,,
1786376994491188100,1.0124129999967408,836.6150968060729,848.0531938327184,0,0.0,0,847,1.1952092089728454,5.954016796208829,42.42723616568208,0,,,,
1786376995524724400,1.0335368000014569,752.7550059164835,763.0465782629979,0,0.0,0,778,1.3286170951156813,6.373776003216594,42.287666071152785,0,,,,
1786376996581490300,1.0567661999994016,787.3075425770347,798.071512885705,0,0.0,0,832,1.2701186298076925,6.267117242872518,41.90735713802046,0,,,,
1786376997582419600,1.0009285000014643,834.2254216947349,845.6308473819676,0,0.0,0,835,1.1982582035928144,6.295769230610147,42.41286282241015,0,,,,
1786376998582906600,1.0004874999976892,782.6184734959792,793.318335438307,0,0.0,0,783,1.2783356321839079,6.715643462315125,42.454476329465884,0,,,,
1786376999603220400,1.020313900000474,796.813608047114,807.7075440946332,0,0.0,0,813,1.2548340713407136,8.56422505794228,42.44100163622767,0,,,,
1786377000603572700,1.0003529000023264,781.7241295528622,792.4117641365928,0,0.0,0,782,1.279394884910486,6.251076940838362,41.730669954275726,0,,,,
1786377001604022300,1.0004496999972616,835.6242197906483,847.0487696705986,0,0.0,0,836,1.1967397129186603,7.018368489523215,41.10062685461135,0,,,,
1786377002604452400,1.000429300001997,727.687603710274,737.6364576672504,0,0.0,0,728,1.373944642857143,7.126164614287969,42.843850376240134,0,,,,
1786377003604585800,1.0001340999988315,849.8860302843319,861.5055658546255,0,0.0,0,850,1.1768141176470588,5.52876835669281,44.12744784258535,0,,,,
1786377004631046500,1.02645929999926,750.15151599343,760.4074937511527,0,0.0,0,770,1.3328424675324677,7.143277333003708,44.81908585415453,0,,,,
1786377005652989400,1.021943800002191,837.6194463904618,849.0712747590813,0,0.0,0,856,1.193966121495327,5.812832393055169,39.14289129800221,0,,,,
1786377006653545500,1.0005562999976974,800.5546514492422,811.4997345745248,0,0.0,0,801,1.2492719101123595,6.421019678228489,34.73109289327527,0,,,,
1786377007654426600,1.0008812000014586,827.2710087858512,838.5813546090952,0,0.0,0,828,1.2087745169082127,8.149509286227158,35.09810490234958,0,,,,
1786377008654916800,1.0004856000014115,780.6209304750595,791.2934822588982,0,0.0,0,781,1.280772471190781,6.7876770718479165,35.204476623146704,0,,,,
1786377009656103800,1.0011911999972654,756.0993344748413,766.4366300633644,0,0.0,0,757,1.3226949801849406,5.260598841110313,35.888239017824155,0,,,,
1786377010667442900,1.01133850000042,756.4232944752744,766.7650192044285,0,0.0,0,765,1.3218461437908497,7.019343825991741,36.37898192613024,0,,,,
1786377011694722400,1.0272800000020652,782.649326374877,793.3496101339085,0,0.0,0,804,1.2776325870646765,6.680062684233429,36.06926892132196,0,,,,
1786377012714873000,1.0201507999991009,842.0323740379923,853.544535401793,0,0.0,0,859,1.187902677532014,6.383782095888771,36.84604736222196,0,,,,
1786377013715095300,1.0002227000004495,807.820098463709,818.8645138723925,0,0.0,0,808,1.2379934405940596,6.149581662175977,36.92502393556686,0,,,,
1786377014715271100,1.0001757999998517,808.857802798388,819.9164055710222,0,0.0,0,809,1.2362400494437578,6.770296761376633,37.026181334760366,0,,,,
1786377015715888700,1.0006169999978738,781.5178035168917,792.2026172368493,0,0.0,0,782,1.2795157289002559,6.407956994073516,37.102957251402046,0,,,,
1786377016716427700,1.0005393000028562,794.5714875944709,805.4347696514266,0,0.0,0,795,1.258476855345912,6.156606900327187,36.41687364610602,0,,,,
1786377017743273000,1.0268450000003213,745.0004625817535,755.1860157811134,0,0.0,0,765,1.3422768627450978,7.064267251664007,36.12919700476342,0,,,,
1786377018761816500,1.0185426999996707,777.5815388007356,788.2125364015269,0,0.0,0,792,1.285807702020202,7.430218780675416,36.13946435839281,0,,,,
1786377019823773300,1.0619568999973126,815.4756563116559,826.6247375502918,0,0.0,0,866,1.2262045034642033,5.858991539838471,36.304963335761876,0,,,,
1786377020824176000,1.0004043000008096,815.6702245275632,826.8219658785259,0,0.0,0,816,1.2263020833333333,6.165968233829694,36.252049641986716,0,,,,
1786377021831889600,1.0077129999990575,727.3896436789895,737.3344239636632,0,0.0,0,733,1.3748396998635743,6.90730102715773,36.900675882844624,0,,,,
1786377022855154200,1.023263200000656,845.3348073100307,856.8921191287225,0,0.0,0,865,1.1824671676300578,8.132677805425505,38.22484080181905,0,,,,
1786377023855182400,1.0000288000010187,793.9771334577476,804.8322895792403,0,0.0,0,794,1.2597163727959697,6.997635317884345,35.91119211675839,0,,,,
1786377024855466700,1.0002850999990187,816.7671396892761,827.9338779272153,0,0.0,0,817,1.2245933904528763,5.409941301016718,35.26648352693295,0,,,,
1786377025855512500,1.0000459000002593,707.9675042913694,717.646747514103,0,0.0,0,708,1.4126442090395481,7.418301275790598,37.98013755674478,0,,,,
1786377026855937400,1.0004254000014043,854.63643765822,866.3209202043284,0,0.0,0,855,1.170073216374269,6.380486462672526,39.67640016343465,0,,,,
1786377027877424300,1.0214844000001904,733.2466359739418,743.2714923251481,0,0.0,0,749,1.3629849132176235,7.2002834077298905,40.485744669063514,0,,,,
1786377028891565400,1.0141426999980467,817.4392025911113,828.6151291890367,0,0.0,0,829,1.223954041013269,6.80354519407883,40.73876810991071,0,,,,
1786377029920777100,1.0292109000001801,833.6483805212807,845.0459169737202,0,0.0,0,858,1.1995219114219116,5.2415614118503315,41.44818442062792,0,,,,
1786377030942976800,1.022199900002306,805.1262771578664,816.1338629783841,0,0.0,0,823,1.2420226002430135,5.7372275614361605,41.438720258553666,0,,,,
1786377031961897600,1.0189214999991236,804.7724971950296,815.7752461801178,0,0.0,0,820,1.2426339024390243,5.679072568747107,40.735691809982484,0,,,,
1786377032986012500,1.0241151000009268,796.785439448419,807.6789903783779,0,0.0,0,816,1.255044362745098,6.035537588559363,38.75370680216528,0,,,,
1786377033986657100,1.0006441999976232,816.474027433468,827.6367582772849,0,0.0,0,817,1.2248823745410036,6.493301076979768,37.56947210314501,0,,,,
1786377034986830700,1.0001740000006976,743.8705665209064,754.0406719225595,0,0.0,0,744,1.3443262096774193,7.400479109716465,37.848820162423046,0,,,,
1786377035987417100,1.0005846999993082,844.5062172153783,856.0522006538699,0,0.0,0,845,1.1840181065088757,6.481287516994887,38.1487599398973,0,,,,
1786377036987829300,1.0004139000011492,734.6959093622706,744.7405799980829,0,0.0,0,735,1.3611726530612245,7.018391191722996,39.692420779193036,0,,,,
1786377038001985900,1.014156000001094,793.7634841179578,804.615719252383,0,0.0,0,805,1.259805590062112,5.5677165588826245,39.12600996377787,0,,,,
1786377039026081800,1.024095299999317,797.7773162327226,808.6844279780919,0,0.0,0,817,1.252947123623011,5.966354538660913,39.09112702404665,0,,,,
1786377040026458100,1.0003768999995373,808.695202778447,819.7515825039336,0,0.0,0,809,1.2367179233621757,6.256086203071377,38.60138734947472,0,,,,
1786377041027047000,1.000589499999478,806.52455377597,817.5512566596259,0,0.0,0,807,1.24030780669145,6.130008090741549,38.00615114033062,0,,,,
1786377042027533800,1.0004872999998042,801.6093757513532,812.5688789354539,0,0.0,0,802,1.2475224438902743,6.034584842225891,37.9470825589424,0,,,,
1786377043027767400,1.000233400001889,785.8165904063147,796.560176603276,0,0.0,0,786,1.272487659033079,6.625360906856493,36.93216323404394,0,,,,
1786377044053856900,1.0260888999982853,791.3544333257644,802.1737322188901,0,0.0,0,812,1.2636360837438423,6.158015456771418,36.838035315516464,0,,,,
1786377045078943000,1.0250864000008733,757.9848879073394,768.3479625466975,0,0.0,0,777,1.319324066924067,5.994547647185847,37.28029178464842,0,,,,
1786377046091534200,1.0125913999982004,843.3806567994926,854.9112517166732,0,0.0,0,854,1.1857015222482437,7.384813206468333,38.424092036538696,0,,,,
1786377047168608000,1.077073600001313,749.2524187752965,759.49610418824,0,0.0,0,807,1.3346903345724908,7.458509414832642,39.29437301463042,0,,,,
1786377048169272200,1.0006627000002482,856.4324422203281,868.1414795163091,0,0.0,0,857,1.1671740956826138,6.406600792403882,39.956159625181364,0,,,,
1786377049169500800,1.0002300000014657,778.8208711984829,789.4688127968997,0,0.0,0,779,1.284527599486521,6.294987283888221,39.936645998297266,0,,,,
1786377050194177900,1.0246760999980324,765.119826647177,775.5804492771189,0,0.0,0,784,1.3067784438775512,7.045477702324636,40.15212675205063,0,,,,
1786377051215299800,1.0211225999992166,803.0377547227229,814.0167865255726,0,0.0,0,820,1.2453521951219513,6.83058475045299,39.98154400775688,0,,,,
1786377052235075300,1.0197757000023557,800.1759602607858,811.1158659674762,0,0.0,0,816,1.249782475490196,6.136888970587982,37.90857656299074,0,,,,
1786377053271953900,1.036878799997794,742.6133121842574,752.7662285617765,0,0.0,0,770,1.3465763636363637,6.334199171091044,37.96745405919386,0,,,,
1786377054272075700,1.0001220000012836,834.8981424255525,846.3127654665268,0,0.0,0,835,1.197839880239521,6.678604872540938,38.756621762724436,0,,,,
1786377055272599200,1.0005229999987932,829.5661369113965,840.907861439482,0,0.0,0,830,1.205325421686747,6.11694489499949,39.09115805292273,0,,,,
1786377056274502100,1.0019033000025956,792.4916506392813,803.3264974253651,0,0.0,0,794,1.261928337531486,6.161600998079676,35.40502528697133,0,,,,
1786377057274815600,1.000313799999276,777.7559401865326,788.3893221812704,0,0.0,0,778,1.2857931876606683,6.421133541802821,33.831774577388046,0,,,,
1786377058328129900,1.0533132999989903,752.8624199473795,763.1554608450977,0,0.0,0,793,1.3282143757881462,6.573917511568672,32.74197472782253,0,,,,
1786377059341994700,1.0138649000000441,783.1418170211489,793.8488340507349,0,0.0,0,794,1.2768942065491182,7.07234830165098,32.545151979847006,0,,,,
1786377060342341700,1.0003480999985186,852.7031740263847,864.3612252337766,0,0.0,0,853,1.1727957796014068,6.0822855172318,33.53471596548446,0,,,,
1786377061362964000,1.0206037999996624,756.4149770951816,766.7565881101548,0,0.0,0,772,1.3219002590673574,6.6891531824602115,34.221690787465135,0,,,,
1786377062377349000,1.0144011000011233,835.9612386057754,847.3903961648386,0,0.0,0,848,1.1957362028301886,6.365880844514973,35.06395360875414,0,,,,
1786377063377831800,1.0004847000018344,805.6095210636626,816.6237137344549,0,0.0,0,806,1.2419065756823822,7.374526038094119,35.12246557285309,0,,,,
1786377064378396000,1.000564399997529,801.5476065328534,812.5062652159197,0,0.0,0,802,1.2475932668329177,6.134546140941103,34.903705769637554,0,,,,
1786377065378558300,1.0001625000004424,788.8718083307973,799.6571650853199,0,0.0,0,789,1.26768618504436,5.04867686987848,33.5690034782702,0,,,,
1786377066378575700,1.0000166999998328,787.9868406198934,798.7600982064935,0,0.0,0,788,1.2689676395939087,6.141418370805444,32.26655683974983,0,,,,
1786377067379021800,1.0004460000018298,757.662082709725,768.0207439967721,0,0.0,0,758,1.3198980211081794,7.484729927186117,31.029825285204662,0,,,,
1786377068379071600,1.0000505999996676,849.9569921764784,861.5774979288911,0,0.0,0,850,1.1765702352941176,5.211947797314177,32.67155546071028,0,,,,
1786377069379660600,1.0005888999985473,726.5721216785989,736.5057249046736,0,0.0,0,727,1.376279779917469,6.846670567573087,35.13995915672652,0,,,,
1786377070379923600,1.000262900000962,822.7836901670636,834.0326859310665,0,0.0,0,823,1.2153842041312273,6.066312731988073,35.441866027817085,0,,,,
1786377071390886500,1.0109617000016442,796.2715105811534,807.1580351398801,0,0.0,0,805,1.2557380124223603,5.622119025926753,35.37067229330552,0,,,,
1786377072410298100,1.0194123999972362,802.4230429237645,813.3936704637377,0,0.0,0,818,1.24630195599022,6.022325591286352,35.37695935041846,0,,,,
1786377073440603200,1.030304800002341,793.9398127604001,804.7944586379837,0,0.0,0,818,1.2594556234718826,5.2153678415047695,35.33973561803215,0,,,,
1786377074458294500,1.0176914000003308,794.9364610919745,805.8047330209663,0,0.0,0,809,1.258021631644005,6.192377115405307,35.334345646872904,0,,,,
1786377075507234100,1.0489392999988922,755.0484570468819,765.3713851705697,0,0.0,0,792,1.3244243686868686,6.687889019382337,35.44647368620627,0,,,,
1786377076507426700,1.0001928999990923,844.837030937499,856.3875372198476,0,0.0,0,845,1.1835646153846155,5.1270219815968465,35.518427881699054,0,,,,
1786377077529830000,1.0224035999999614,797.1411681258074,808.0395825337774,0,0.0,0,815,1.2545598773006135,5.439711110549743,34.43870682528795,0,,,,
1786377078555304000,1.0254738000003272,795.7297397551646,806.6088572908797,0,0.0,0,816,1.2566805147058824,6.568845753399233,32.455533898177734,0,,,,
1786377079579826600,1.0245226000006369,794.5163923172548,805.3789211184674,0,0.0,0,814,1.2586566339066338,5.08245185581627,32.321220446245675,0,,,,
1786377080601520900,1.021694099999877,763.4379018143434,773.8755293782114,0,0.0,0,780,1.3097107692307692,6.8607609864660075,32.37730772094068,0,,,,
1786377081635638900,1.0341184999997495,770.7047113074499,781.2416897823564,0,0.0,0,797,1.2976737766624844,7.824514034501309,32.634107803655986,0,,,,
1786377082651962900,1.0163194999986445,804.8650055431299,815.8690192907899,0,0.0,0,818,1.2424316625916871,6.84741080888554,32.678998587395775,0,,,,
1786377083652586000,1.0006278000000748,773.5143876673645,784.0897796862544,0,0.0,0,774,1.292867054263566,6.231758593448918,31.441844362747737,0,,,,
1786377084652914900,1.0003280000019004,835.7258819091456,847.1518217008722,0,0.0,0,836,1.1965746411483253,6.730506210923834,31.479593190137344,0,,,,
1786377085653162100,1.0002481999981683,732.8181145453121,742.8371122051113,0,0.0,0,733,1.3646572987721692,7.132570689786384,32.76322310057587,0,,,,
1786377086653596800,1.000434800000221,830.6388382329527,841.9952285994189,0,0.0,0,831,1.2037918170878459,5.514937658919118,33.550866734435644,0,,,,
1786377087706516900,1.0529189000008046,755.9936477532997,766.3294984061768,0,0.0,0,796,1.3227407035175878,7.1579821862954,34.135093153776175,0,,,,
1786377088706705800,1.0001900999995996,828.8424370530481,840.1742672471327,0,0.0,0,829,1.2065973462002413,6.032206994667431,33.931975450915665,0,,,,
1786377089714371100,1.0076647999994748,806.8159173570654,817.8466037271814,0,0.0,0,813,1.2393549815498155,6.938606704971203,33.929447707616966,0,,,,
1786377090714431800,1.0000608000009379,777.9527004750814,788.5887725518893,0,0.0,0,778,1.2854564267352184,6.593571388555324,32.24047213016849,0,,,,
1786377091714470100,1.0000373000002583,834.9688556614682,846.3844454849648,0,0.0,0,835,1.197134610778443,5.478197184684052,32.36099558797733,0,,,,
1786377092714490900,1.000021799998649,760.9834105626779,771.3874806289645,0,0.0,0,761,1.3147241787122208,6.581475538631047,32.02102714571892,0,,,,
1786377093763994700,1.0495028000004822,740.3505736236654,750.4725541224265,0,0.0,0,777,1.3505841698841698,7.230410680183916,33.367293856648296,0,,,,
1786377094764286800,1.000293299999612,844.7522341700458,856.3015811215894,0,0.0,0,845,1.183848520710059,6.057044061202553,34.78253219786591,0,,,,
1786377095764452000,1.000165299999935,735.8783593072543,745.9391962509081,0,0.0,0,736,1.358898777173913,6.908971387799133,36.31998742429532,0,,,,
1786377096785459100,1.02100590000191,837.4094606097776,848.8584180790518,0,0.0,0,855,1.1940452631578946,5.189892496438456,37.33155746105952,0,,,,
1786377097810210700,1.0247524999977031,795.3139904531355,806.1874239163619,0,0.0,0,815,1.2574847852760735,9.554960428207357,36.74122724337843,0,,,,
1786377098829763900,1.0195530000019062,804.2740298919889,815.2699638944184,0,0.0,0,820,1.2433024390243903,6.073155516035107,35.19436324251989,0,,,,
1786377099852523400,1.0227588999987347,801.7529840131574,812.7144505914623,0,0.0,0,820,1.2472591463414635,7.0740347477833785,32.92050188275714,0,,,,
1786377100877585000,1.0250616000012087,798.0008225837701,808.9109900800325,0,0.0,0,818,1.2530486552567237,5.5876513379041715,32.482327178020284,0,,,,
1786377101877600600,1.0000150999985635,773.9883127775888,784.5701842413449,0,0.0,0,774,1.2920397932816539,6.592351943906987,32.680067634309324,0,,,,
1786377102881098500,1.0034988000006706,822.1235541083345,833.3635245746593,0,0.0,0,825,1.2164819393939394,5.517494023252522,33.08396776190544,0,,,,
1786377103912717000,1.031618699998944,768.6948675909148,779.2043677337593,0,0.0,0,793,1.3008500630517024,6.433106754806773,33.40247028773576,0,,,,
1786377104914554800,1.0018383000024187,818.4953599777732,829.6857262274693,0,0.0,0,820,1.2218032926829268,4.92991425284624,33.74037039948841,0,,,,
1786377105915003800,1.0004473000008147,665.7022313913562,674.80362908616,0,0.0,0,666,1.502038138138138,8.00606810438852,40.68665524228081,0,,,,
1786377106920817900,1.0058137999985775,660.1619504533932,669.1876021197481,0,0.0,0,664,1.5146465361445784,9.082094132535477,45.96698884700372,0,,,,
1786377107973682300,1.0528656999995292,602.1660692339807,610.398808461789,0,0.0,0,634,1.6608682965299686,8.768750718039763,56.91025202745958,0,,,,
1786377109009912500,1.0362303000001702,706.4066742691077,716.0645780188806,0,0.0,0,732,1.415637431693989,7.32041995234233,58.30183008207617,0,,,,
1786377110010287500,1.0003748999988602,818.6930719682523,829.8861413115682,0,0.0,0,819,1.2214800976800977,6.283370030730923,58.759826870788885,0,,,,
1786377111016223400,1.0059361000021454,786.332253110623,797.0828893836199,0,0.0,0,791,1.2717429835651075,7.88586332549442,58.74311036736818,0,,,,
1786377112039864400,1.023640899999009,797.1545490227969,808.0531463727181,0,0.0,0,816,1.2544444852941177,6.67234889385434,58.854862893827395,0,,,,
1786377113040413200,1.000547200001165,772.5772457302363,783.1398252617045,0,0.0,0,773,1.294422509702458,6.25325120773024,58.623089307503754,0,,,,
1786377114087349500,1.0469381000002613,790.8777032756697,801.6904843751416,0,0.0,0,828,1.264273309178744,6.827467922489574,58.6820794829908,0,,,,
1786377115110570300,1.0232206999971822,820.9372621198078,832.161013750352,0,0.0,0,840,1.2181864285714286,5.634244481341289,58.218454137071475,0,,,,
1786377116136596600,1.0260264000025927,800.1743424905299,811.1142260792676,0,0.0,0,821,1.2497683313032886,6.295268687980992,57.76597513063881,0,,,,
1786377117171790600,1.0351940000000468,739.9579209307293,750.0745331309541,0,0.0,0,766,1.3514390339425586,6.3468458689607115,57.30829387075531,0,,,,
1786377118184921400,1.0131303999987722,843.9190058861487,855.4569610447484,0,0.0,0,855,1.1849298245614035,5.646208707647596,58.539932911974425,0,,,,
1786377119185736000,1.0008142000006046,733.4028633881859,743.4298556610713,0,0.0,0,734,1.3633453678474114,6.974052432097639,58.29731093964268,0,,,,
1786377120186321900,1.0005868999978702,846.5031872811876,858.0764730447976,0,0.0,0,847,1.181534238488784,5.922114361261278,59.50668752154488,0,,,,
1786377121186750000,1.00042840000242,744.680978666937,754.8621639221491,0,0.0,0,745,1.3428485906040268,6.382247026394023,59.799016892796146,0,,,,
1786377122186750800,1.0000003999994078,809.9996760006093,821.0738903209301,0,0.0,0,810,1.2345637037037036,6.279257728836911,59.094395065800555,0,,,,
1786377123201758600,1.0150075999990804,804.9200813873119,815.9248481250291,0,0.0,0,817,1.2423079559363526,4.957588204763744,59.29157321581023,0,,,,
1786377124224851700,1.0230928000019048,802.468749656406,813.4400020931147,0,0.0,0,821,1.2461137637028015,5.55648769580675,59.07541710250908,0,,,,
1786377125248428600,1.023576999999932,798.1812799623812,809.0939146493669,0,0.0,0,817,1.2528523867809056,5.289586697263313,57.83375335812177,0,,,,
1786377126248910900,1.0004816999971808,790.6191587534573,801.4284050645398,0,0.0,0,791,1.2648141592920354,6.689771771309117,57.34984827665745,0,,,,
1786377127249071400,1.0001616000008653,823.8668631142078,835.1306678833474,0,0.0,0,824,1.2139098300970874,5.995056876006237,56.91028665930438,0,,,,
1786377128249430100,1.000359000001481,724.7398184041195,734.6483706088634,0,0.0,0,725,1.3798015172413793,7.272620194656788,57.64699583957899,0,,,,
1786377129261763000,1.0123321999999462,770.4980637779195,781.0322169936331,0,0.0,0,780,1.2977228205128204,6.949560458944214,57.392680559417464,0,,,,
1786377130272778700,1.0110160000003816,860.5205061044253,872.2854348988217,0,0.0,0,870,1.1621657471264368,5.615751583748955,59.374146106369466,0,,,,
1786377131292741500,1.019962399997894,785.3230668127119,796.0599056167919,0,0.0,0,801,1.2732862671660423,5.239081415910253,59.25817043377425,0,,,,
1786377132365162200,1.0724208999999973,741.3134152831243,751.4485596326983,0,0.0,0,795,1.3489894339622641,6.562571519430962,59.607652794904816,0,,,,
1786377133365551000,1.0003887000020768,880.6576883547076,892.6979301876821,0,0.0,0,881,1.1356116912599319,4.948146226429098,62.17472736931378,0,,,,
1786377134366102100,1.0005514999975276,760.580539834162,770.9791019022072,0,0.0,0,761,1.3147226018396847,7.731791514444152,62.23123356240146,0,,,,
1786377135386345300,1.0202429000019038,808.6309642521998,819.6864657165853,0,0.0,0,825,1.236554303030303,6.254577748600257,62.023079081637825,0,,,,
1786377136408859200,1.022513699997944,799.9892813188172,810.926634774348,0,0.0,0,818,1.2500522004889976,6.9234907101503795,58.40467555957187,0,,,,
1786377137438297900,1.0294371000018145,793.6376103003864,804.488124503712,0,0.0,0,817,1.259796205630355,6.624136387133116,53.66125953519906,0,,,,
1786377138460782200,1.0224858000001404,790.2310232571338,801.0349630282274,0,0.0,0,808,1.2657107673267327,7.4892512949049745,40.619855773058745,0,,,,
1786377139495688400,1.0349059000000125,783.646126667159,794.3600385551866,0,0.0,0,811,1.276083107274969,5.567199753314666,37.25644684797559,0,,,,
1786377140506896000,1.0112081000006583,810.9112258885843,821.9979028050299,0,0.0,0,820,1.2331510975609756,6.593505748041899,37.10245837096922,0,,,,
1786377141528542300,1.0216461999989406,801.6473804736407,812.6074032535538,0,0.0,0,819,1.2474551892551893,6.952186822756938,37.09991561190495,0,,,,
1786377142555823400,1.0272812000002887,792.3828451253379,803.2162043360358,0,0.0,0,814,1.2620014742014742,5.755642194457985,37.0979591294179,0,,,,
1786377143577771200,1.0219475999983842,777.9263829194931,788.5620951859705,0,0.0,0,795,1.2854750943396227,7.042962195916353,37.000264106297124,0,,,,
1786377144604092500,1.0263201000016124,794.0992288845551,804.9560542794612,0,0.0,0,815,1.2591063803680982,5.548361749450032,36.99408314529819,0,,,,
1786377145604181800,1.0000909000009415,788.9282864180218,799.7144153338933,0,0.0,0,789,1.2678057034220531,7.602064326491665,36.65775307099989,0,,,,
1786377146687275300,1.0830929999974614,757.0910346590015,767.44188864848,0,0.0,0,820,1.3207758536585366,5.8810057318164555,37.241429314931594,0,,,,
1786377147714350300,1.0270751000025484,793.5154887875071,804.3643333607738,0,0.0,0,815,1.2602269938650308,6.969260959425515,35.881651770683526,0,,,,
1786377148714471100,1.0001215999982378,838.8979900058936,850.3672984630055,0,0.0,0,839,1.1921063170441002,5.721261295960407,35.64454285180728,0,,,,
1786377149720495600,1.0060241999999562,804.1556057995774,815.1499207226185,0,0.0,0,809,1.24350630407911,5.497850667911575,33.76197848040532,0,,,,
1786377150747574800,1.0270789999995031,794.4861106111553,805.3482254046671,0,0.0,0,816,1.2586605392156862,5.8356163040891715,32.34893863225202,0,,,,
1786377151770907500,1.023330600000918,795.4418640459592,806.3170457809625,0,0.0,0,814,1.256151597051597,5.537022407150369,30.923707718717107,0,,,,
1786377152771452200,1.0005468999988807,781.5725579689216,792.2581202849029,0,0.0,0,782,1.280638746803069,6.4595742886744425,30.914488916535166,0,,,,
1786377153772560000,1.0011081000011472,839.070226281295,850.5418895312347,0,0.0,0,840,1.1917655952380952,6.5977285728080535,31.93095812839253,0,,,,
1786377154772701500,1.000141699998494,790.8879311813427,801.7008521154626,0,0.0,0,791,1.2643970922882428,6.140104604403482,31.92191419231116,0,,,,
1786377155772965100,1.0002630000017234,779.7949139362909,790.4561725252636,0,0.0,0,780,1.2823179487179486,6.2821326826667665,32.0540308666337,0,,,,
1786377156788600800,1.0156362000016088,792.6066439919381,803.4430629527653,0,0.0,0,805,1.2616332919254658,6.115619030322239,32.046145088769094,0,,,,
1786377157809962700,1.0213613999985682,765.6447561079714,776.1125555078851,0,0.0,0,782,1.3060721227621483,7.039956729696231,32.014511963016936,0,,,,
1786377158834502000,1.0245390999989468,746.6772131983898,756.8856907225866,0,0.0,0,765,1.3392985620915032,6.994694601518988,30.575139493167704,0,,,,
1786377159861059100,1.0265572999996948,792.9416117349143,803.7826103328526,0,0.0,0,814,1.261103316953317,7.478182435565991,30.243556674232067,0,,,,
1786377160884140500,1.0230813000016497,797.5905727127299,808.4951313240367,0,0.0,0,816,1.2538066176470588,6.012836392834841,27.51574337989479,0,,,,
1786377161906119500,1.0219786999987264,799.4295771536316,810.359278403779,0,0.0,0,817,1.2508621787025704,6.702353405859462,27.506027523487802,0,,,,
1786377162906253500,1.0001345000018773,761.8975247814866,772.3140925031084,0,0.0,0,762,1.3126641732283464,6.879182992024234,26.372080853022908,0,,,,
1786377163906304200,1.0000502999973833,853.9570459628227,865.6322399505956,0,0.0,0,854,1.1708989461358315,5.539772977459686,23.57161689656435,0,,,,
1786377164906689600,1.000386100000469,774.700887986785,785.2925016897293,0,0.0,0,775,1.290913935483871,6.411207257185336,23.02320934736943,0,,,,
1786377165907193000,1.0005032000008214,796.5991513064083,807.4901553281757,0,0.0,0,797,1.255374529485571,6.928568532704145,22.848441703051723,0,,,,
1786377166924705800,1.0175119999985327,759.6962001441897,770.082671630536,0,0.0,0,773,1.3161510996119017,6.054203152331783,23.616440602914622,0,,,,
1786377167948338400,1.0236315000001923,791.3003849528349,802.1189449033619,0,0.0,0,810,1.262807037037037,6.501926878123677,23.613497992651762,0,,,,
1786377168971602300,1.023265400002856,785.7199119580863,796.4621763793882,0,0.0,0,804,1.2736818407960198,6.972463058359854,23.637449709073444,0,,,,
1786377170004890300,1.0332878999979584,730.677287522182,740.6670160625245,0,0.0,0,755,1.368620132450331,7.412622424937546,26.155002789859928,0,,,,
1786377171035029600,1.0301379000011366,809.6003457392256,820.6691004661291,0,0.0,0,834,1.234683573141487,7.419493710027606,26.118389955595905,0,,,,
1786377172046800500,1.0117728000004718,846.039743309566,857.6066929251265,0,0.0,0,856,1.1824628504672898,7.162158897941796,28.061876378555166,0,,,,
1786377173069403300,1.022602499997447,797.9640182788886,808.8736825912953,0,0.0,0,816,1.253113725490196,6.351933198539409,28.089835141092948,0,,,,
1786377174095822300,1.0264181000020471,792.0748864408944,802.9040352789534,0,0.0,0,813,1.2625189421894218,5.856533155249134,27.97301412949765,0,,,,
1786377175118772900,1.0229513000012957,796.7143694904807,807.6069487608585,0,0.0,0,815,1.2552369325153374,6.997167571927186,27.98491855226334,0,,,,
1786377176143619500,1.024846999996953,797.1921662476732,808.0912778955906,0,0.0,0,817,1.2543833537331703,5.206560431007438,27.996077121000774,0,,,,
1786377177171501700,1.027881800000614,800.6757197174893,811.6224580730018,0,0.0,0,823,1.248863304981774,5.507413382360116,27.214323468949555,0,,,,
1786377178171549400,1.0000481000024593,772.9628204864337,783.5306715477717,0,0.0,0,773,1.2938728331177232,8.562396080185502,27.480672574581167,0,,,,
1786377179178865700,1.007314899998164,822.9799837186077,834.2316631835106,0,0.0,0,829,1.2148785283474066,5.457840172258182,26.682922811778408,0,,,,
1786377180179638400,1.0007740000000922,817.3673576650918,828.5423020081693,0,0.0,0,818,1.2235749388753057,5.255969344074039,26.999862068777986,0,,,,
1786377181180044400,1.0004062000007252,800.6747659095068,811.6214912246759,0,0.0,0,801,1.2490426966292134,5.4543386335077075,27.037750306599122,0,,,,
1786377182193588700,1.013543999997637,765.6303031755989,776.0979049768277,0,0.0,0,776,1.30601043814433,6.047677760659973,27.501873953249433,0,,,,
1786377183216361800,1.0227721000010206,796.8539618935506,807.748449653814,0,0.0,0,815,1.2547892024539877,6.370093195063155,27.441507970952223,0,,,,
1786377184229850600,1.013489799999661,806.12552785462,817.1467753057574,0,0.0,0,817,1.2406358629130967,5.191539192923973,26.106699810380245,0,,,,
1786377185254093800,1.024243200001365,786.922480909735,797.6811867034227,0,0.0,0,806,1.2708312655086849,6.38708164479733,26.11994291617774,0,,,,
1786377186254470800,1.0003766999980144,797.6995065974487,808.6055545392106,0,0.0,0,798,1.2535003759398498,7.298483412657077,26.050591524686958,0,,,,
1786377187308326300,1.053855800000747,750.5770713597053,760.8388672572013,0,0.0,0,791,1.3324026548672565,7.783909606530545,27.148191568742703,0,,,,
1786377188332309700,1.0239829999991343,840.834271663424,852.3300527213223,0,0.0,0,861,1.189249825783972,5.286181940222147,28.2532555242527,0,,,,
1786377189350761800,1.0184526000011829,800.2336093000827,811.1743031772323,0,0.0,0,815,1.2495856441717792,5.873040475631464,26.845351273938498,0,,,,
1786377190374960800,1.0241989999994985,789.8855593496929,800.684775981427,0,0.0,0,809,1.2660662546353523,6.815225671908854,26.858752453026405,0,,,,
1786377191399105600,1.0241442000005918,796.7627996131097,807.6560410140701,0,0.0,0,816,1.2551166666666667,6.397492140713803,26.85601731262614,0,,,,
1786377192425098100,1.0259931000000506,797.2763169654452,808.176579111457,0,0.0,0,818,1.2542166259168703,6.118098910646806,26.845417271046678,0,,,,
1786377193446218600,1.0211196999989625,780.515741691018,791.1868553469499,0,0.0,0,797,1.281098243412798,5.835586722819279,26.25681644043227,0,,,,
1786377194446242200,1.000024900000426,799.9800804956549,810.9173081586814,0,0.0,0,800,1.250260625,6.003659194102857,23.759015883319957,0,,,,
1786377195446364800,1.0001226000022143,775.904874060722,786.512948510771,0,0.0,0,776,1.2888019329896907,6.844432538754221,23.726449629596708,0,,,,
1786377196447016000,1.0006490999985544,839.455109689514,850.9320350173003,0,0.0,0,840,1.1907571428571428,6.349011755923122,25.207553418840163,0,,,,
1786377197447405300,1.0003910999985237,782.6938884213939,793.3947814271551,0,0.0,0,783,1.2781659003831418,5.638624867824651,24.417248174288996,0,,,,
1786377198466102600,1.018696600000112,788.2621773744132,799.039199330704,0,0.0,0,803,1.2685498132004982,6.942087565420752,24.442855190593047,0,,,,
1786377199495400700,1.029298600002221,744.1960962526783,754.370652256133,0,0.0,0,766,1.3437477806788511,6.147916132682548,26.18036261947371,0,,,,
1786377200511383100,1.015981799999281,843.5190472906172,855.0515342652936,0,0.0,0,857,1.1854012835472578,5.338681352356218,24.777427254974913,0,,,,
1786377201535611200,1.0242289000016171,790.8388447140294,801.651094544104,0,0.0,0,810,1.2645644444444444,6.722065857640593,24.70721943237977,0,,,,
1786377202572984400,1.0373723999982758,736.4761198594351,746.5451293106383,0,0.0,0,764,1.3573561518324606,7.682306593739352,25.36004701287271,0,,,,
1786377203584467400,1.0114825000018755,845.2939126464518,856.850665358415,0,0.0,0,855,1.1832189473684211,5.779457372308329,27.098995339780398,0,,,,
1786377204608357800,1.0238914999972621,800.8661073973099,811.8154487093824,0,0.0,0,820,1.2488935365853657,6.343956538914675,27.1116900085032,0,,,,
1786377205634610700,1.0262519999996584,799.998440929005,810.9359196135813,0,0.0,0,821,1.2499986601705237,6.670814597497155,27.123658927278775,0,,,,
1786377206658818700,1.024208800001361,795.7361819180982,806.6153875302597,0,0.0,0,815,1.2566662576687115,6.436529810753618,27.122010589113664,0,,,,
1786377207680046800,1.0212280999985524,797.0795163207455,807.9770878329432,0,0.0,0,814,1.254636977886978,6.22066388063911,27.106200438184118,0,,,,
1786377208680617900,1.0005715000006603,810.536778230706,821.6183357455789,0,0.0,0,811,1.2337881627620222,6.440961043509567,26.89269861309239,0,,,,
1786377209680832600,1.0002146000006178,801.8279277262146,812.7904189255964,0,0.0,0,802,1.2471644638403991,5.396089475473177,26.441607530839278,0,,,,
1786377210681384500,1.0005507999994734,788.565658035969,799.3468291419296,0,0.0,0,789,1.2679016476552598,7.316371166772814,26.152663733005067,0,,,,
1786377211681542400,1.0001587000006111,778.8763923160634,789.5250929922596,0,0.0,0,779,1.2840623876765083,7.309308632226535,26.297031339509196,0,,,,
1786377212698725400,1.0171827999984089,795.3339360449916,806.2076422018567,0,0.0,0,809,1.2572648949320149,6.731745111704998,25.717240085517727,0,,,,
1786377213699005300,1.0002789000027406,755.7892103871517,766.1222659979136,0,0.0,0,756,1.3228186507936508,7.281705785192232,26.732466392205982,0,,,,
1786377214699132400,1.0001287999984925,831.8928522018905,843.2663872905882,0,0.0,0,832,1.2024584134615384,6.401799299839737,27.561290965480328,0,,,,
1786377215699568600,1.0004360000020824,778.6605040186264,789.306253097006,0,0.0,0,779,1.284298973042362,5.4217381871711865,27.687028583650537,0,,,,
1786377216699727000,1.0001586999969732,769.8778203922341,780.4034937179091,0,0.0,0,770,1.2988383116883118,5.556784967478784,28.050183008156914,0,,,,
1786377217715282600,1.0155548000002455,793.6548574235533,804.5056074273909,0,0.0,0,806,1.259890694789082,5.682960725581091,26.815352004808403,0,,,,
1786377218741776700,1.0264941999994335,792.0161653134023,802.8445113235465,0,0.0,0,813,1.2626762607626076,5.939466858619982,25.342136381176623,0,,,,
1786377219742129900,1.000353500003257,786.7218938079765,797.4778571998824,0,0.0,0,787,1.2710278271918678,6.755921674926087,25.336416757117117,0,,,,
1786377220745167200,1.0030374999987544,823.4986229338642,834.7573931692881,0,0.0,0,826,1.2144483050847459,6.174571293218136,25.948663780291565,0,,,,
1786377221746284300,1.0011162999981025,796.1113009562532,806.9956351490144,0,0.0,0,797,1.2559407779171894,7.154936911954651,25.94654853742955,0,,,,
1786377222746442300,1.0001584000019648,728.8845446866895,738.8497630710779,0,0.0,0,729,1.372086694101509,8.47137235428837,28.59697212649687,0,,,,
1786377223756135000,1.0096923999990395,854.7157530360939,866.4013199721343,0,0.0,0,863,1.1699407879490151,5.93410564714012,30.77646174574886,0,,,,
1786377224782731600,1.026597000000038,771.4809219196732,782.0285126490437,0,0.0,0,792,1.296247095959596,6.779233251791187,31.039027133631016,0,,,,
1786377225806893100,1.0241615000013553,816.2775109188284,827.4375550134217,0,0.0,0,836,1.2250433014354065,5.576942359352113,31.136859467966893,0,,,,
1786377226807421400,1.0005285999977787,757.599532888598,767.9573390023093,0,0.0,0,758,1.320085092348285,6.618588405209331,30.643589490143654,0,,,,
1786377227808652800,1.0012314000014158,838.9668961628772,850.4371466963541,0,0.0,0,840,1.1918485714285716,5.933917760334259,31.792160742750067,0,,,,
1786377228808724500,1.0000699999982317,798.9440739162387,809.8671374268123,0,0.0,0,799,1.2516762202753442,8.500285051942134,31.7878736233162,0,,,,
1786377229808730000,1.0000070000023698,773.9945820360916,784.5765392123662,0,0.0,0,774,1.2920089147286822,6.260524419956364,30.584565529219386,0,,,,
1786377230836676300,1.0279455999989295,715.9911964220348,725.7801385606174,0,0.0,0,736,1.3965970108695653,6.371489880959925,32.48374400280348,0,,,,
1786377231848920100,1.0122443000000203,840.706141788087,852.2001710703461,0,0.0,0,851,1.1895075205640422,5.911346055583367,33.76698238440928,0,,,,
1786377232849389200,1.0004689999987022,793.6277885681915,804.4781684900222,0,0.0,0,794,1.2600954659949621,7.128672272996759,32.0156355910994,0,,,,
1786377233850248500,1.000859900002979,820.2946286463833,831.5095942724081,0,0.0,0,821,1.2190723507917174,7.249759298843902,30.924673818718095,0,,,,
1786377234850329000,1.0000800999987405,796.9361654141541,807.8317770506757,0,0.0,0,797,1.254625721455458,5.365641726879885,30.90057902483822,0,,,,
1786377235850723400,1.0003943000010622,785.6902023523779,796.4320605876643,0,0.0,0,786,1.2729393129770992,7.052978309627101,30.90720328042358,0,,,,
1786377236864634600,1.0139113000004727,792.9687735008232,803.8101434510297,0,0.0,0,804,1.2610231343283582,7.073591071604371,30.902796436213915,0,,,,
1786377237889428700,1.0247932999991463,793.3307136187144,804.1770319689703,0,0.0,0,813,1.2599710947109473,7.054686249342593,30.892693081848527,0,,,,
1786377238914600400,1.0251724000008835,765.7248673484806,776.1937620192606,0,0.0,0,785,1.3064633121019107,6.120896210025734,31.093247326117407,0,,,,
1786377239915185900,1.0005845999985468,749.5618061692028,759.8097214879224,0,0.0,0,750,1.3340282666666667,7.11167474287261,31.958678228781725,0,,,,
1786377240915901500,1.0007168000011006,864.3804121196413,876.1981130665895,0,0.0,0,865,1.157093063583815,5.672166555342769,34.82677663403519,0,,,,
1786377241928852600,1.01295029999892,704.8717000239412,714.508617797706,0,0.0,0,714,1.418453781512605,7.73646708266757,38.337311336762035,0,,,,
1786377242929469000,1.0006171999993967,846.4775540541484,858.0504893634825,0,0.0,0,847,1.1815223140495867,5.927046976250981,39.74995558691632,0,,,,
1786377243930119800,1.0006514000015159,799.4792192353782,810.4095991858619,0,0.0,0,800,1.25085775,6.293104608244076,39.184531366430235,0,,,,
1786377244952738300,1.0226177999975334,798.9299619094941,809.8528324824754,0,0.0,0,817,1.2515787025703795,10.942824598385966,38.48733578056335,0,,,,
1786377245977611500,1.0248731000028783,792.2932117134498,803.1253454673446,0,0.0,0,812,1.262169827586207,6.698308527719246,38.40655683829205,0,,,,
1786377247002108300,1.0244967999969958,794.5364007016781,805.3992030550213,0,0.0,0,814,1.2586197788697788,6.023135116033185,38.17066632291446,0,,,,
1786377248002642600,1.000534400001925,787.5791177179755,798.346800968026,0,0.0,0,788,1.2698182741116752,7.375377497652603,38.18328240517888,0,,,,
1786377249002866100,1.0002227000004495,827.8156454553849,839.1334374830952,0,0.0,0,828,1.2073557971014492,5.745620523244183,38.72970234385373,0,,,,
1786377250007689900,1.0048243999990518,730.4758921068125,740.4628671942104,0,0.0,0,734,1.3695636239782016,8.422269185463799,40.46161552508825,0,,,,
1786377251011798000,1.004108000000997,769.8375075183471,780.3626296914496,0,0.0,0,773,1.2989280724450194,6.462384989167197,40.20276490416712,0,,,,
1786377252022644900,1.0108467999998538,839.889882423452,851.3727519097102,0,0.0,0,849,1.1906149587750294,6.223585069256215,41.23091728508067,0,,,,
1786377253022736200,1.0000918000005186,764.9297794458502,775.3878037742114,0,0.0,0,765,1.3074169934640523,7.590155768309223,39.79863631102803,0,,,,
1786377254022881900,1.0001453999975638,825.8799170620712,837.1712440531542,0,0.0,0,826,1.2107777239709443,5.163254055699479,38.551062319773045,0,,,,
1786377255023902500,1.001020800002152,802.1811334971997,813.1484536817317,0,0.0,0,803,1.2466134495641346,5.576352279966959,38.39093902814269,0,,,,
1786377256024250600,1.0003469000002951,771.7322860697346,782.2833134183443,0,0.0,0,772,1.2956549222797926,7.044976036447973,38.319272262993024,0,,,,
1786377257036261500,1.0120109999988927,791.493373096613,802.3145715569183,0,0.0,0,801,1.2634197253433208,6.102788997365092,37.765587373284546,0,,,,
1786377258061688800,1.0254284000002372,801.6161830507228,812.5757793033695,0,0.0,0,822,1.2476352798053527,5.449377378027418,36.761819186037926,0,,,,
1786377259085962100,1.0242728999983228,775.1840354277655,785.7822546621295,0,0.0,0,794,1.2900049118387908,6.608851244605994,36.8520653871025,0,,,,
1786377260113386200,1.027424500000052,797.1388651915139,808.0372481140541,0,0.0,0,819,1.2545030525030527,6.561395091868202,36.73097568379548,0,,,,
1786377261135896000,1.0225088000006508,797.0591548938075,807.9564480271213,0,0.0,0,815,1.2543715337423313,5.954067402458726,33.78074155652547,0,,,,
1786377262164444000,1.028548000002047,754.4616294022793,764.7765344917636,0,0.0,0,776,1.3255336340206185,6.4074108161351235,33.33143180241181,0,,,,
1786377263180054600,1.0156115999998292,846.7804030597373,858.3574788828196,0,0.0,0,860,1.1810336046511627,5.9307716638954515,34.8833407601165,0,,,,
1786377264204686800,1.0246312999988731,767.1052016475238,777.5929680762985,0,0.0,0,786,1.303623409669211,7.365479017686923,34.79668007507968,0,,,,
1786377265229272900,1.0245853000014904,806.1798270957025,817.2018169192766,0,0.0,0,826,1.2403458837772396,5.620692548493657,34.89248530518354,0,,,,
1786377266255882700,1.026611099998263,792.9000572869096,803.7404877576291,0,0.0,0,814,1.2612437346437346,6.268168154046956,34.87531599772701,0,,,,
1786377267278380900,1.022498499998619,793.1551977837574,803.9991165034572,0,0.0,0,811,1.2607934648581998,5.6304035158111425,34.87556203976114,0,,,,
1786377268300063000,1.021681800000806,758.5532012015761,768.924045749254,0,0.0,0,775,1.3183348387096774,5.872092320991929,35.41008990269383,0,,,,
1786377269326931700,1.0268689000004088,795.6224986458104,806.5001499944835,0,0.0,0,493,1.256848959608323,5.263408620725495,35.09663484346675,0,,,,
1786377270327673600,1.0007413999992423,797.4088011154572,808.3108745682076,0,0.0,0,0,1.2540248120300752,6.7707918079542875,34.17072005708977,0,,,,
1786377271327839700,1.000166600002558,818.8635773259228,830.0589777971758,0,0.0,0,0,1.2212131868131868,6.4194668608843335,31.764757410673617,0,,,,
1786377272342473000,1.0146333999982744,723.4139936663314,733.3044193609883,0,0.0,0,0,1.382383651226158,7.853157650661571,30.111621617190274,0,,,,
1786377273342679400,1.0002067999994324,851.8238428297863,863.4698719309748,4,0.004672897196261682,0,0,1.1740328638497652,5.996607068376476,30.466617971088876,0,,,,
1786377274343407100,1.0007273000010173,785.4287576637521,796.1670414599363,0,0.0,0,0,1.2730669211195929,6.1395775055536665,30.46317262443299,0,,,,
1786377275371505900,1.0280983000011474,790.7804146734729,801.5918656553368,0,0.0,0,0,1.2644742927429273,5.6647496652318825,30.434893257301507,0,,,,
1786377276400380500,1.0288746999976865,736.7272224710204,746.7996649657414,22,0.028205128205128206,0,0,1.3575060686015832,7.025093071398594,32.09122301424235,0,,,,
1786377277422698600,1.0223184999995283,782.5349927643579,793.233713368558,16,0.0196078431372549,0,0,1.277914375,7.149551257607873,32.10644997870008,0,,,,
1786377278442184400,1.019486200002575,846.5048374346021,858.0781457589032,0,0.0,0,0,1.1813544611819233,6.323015249226379,33.79042979577763,0,,,,
1786377279465048400,1.0228632999969705,794.8276177299625,805.6944015661144,15,0.018115942028985508,0,0,1.2580137761377612,6.370506925708473,33.07647015331924,0,,,,
1786377280488996100,1.0239478000003146,789.1027257441754,799.8912395727091,23,0.027677496991576414,0,0,1.2673574257425742,6.9974604943264795,31.032710042267652,0,,,,
1786377281511651300,1.022655400000076,798.9005876270141,809.8230565984773,0,0.0,0,0,1.2516772337821298,5.361024826524171,30.75206358240015,0,,,,
1786377282535672700,1.0240212999997311,795.8818825352695,806.7630801480564,0,0.0,0,0,1.2564993865030676,6.224942383863466,29.438809049249237,0,,,,
1786377283536075800,1.0004023000001325,757.6951792292956,768.0542930078211,15,0.019404915912031046,0,0,1.319399604221636,7.26006762815264,29.70210028676445,0,,,,
1786377284536126200,1.0000516000000061,844.9564002497419,856.5085385344064,0,0.0,0,0,1.1839168047337278,6.5789284524093326,30.676830867911136,0,,,,
1786377285537352500,1.0012260000003153,786.0363194720794,796.7829097773617,0,0.0,0,0,1.2721752223634053,6.478354269952065,30.6362020585758,0,,,,
1786377286537513300,1.0001607000012882,726.8831898704515,736.8210459819616,0,0.0,0,0,1.375755158184319,6.587516447155192,32.7232680495941,0,,,,
1786377287554365700,1.0168520000006538,859.5154457083607,871.2666334426548,3,0.0034207525655644243,0,0,1.163303890160183,4.652292040831135,35.152294169995656,0,,,,
1786377288608751400,1.0543861999976798,752.0963381365813,762.3789052595423,6,0.007509386733416771,0,0,1.3296731399747794,7.953893437715436,35.88112695452332,0,,,,
1786377289608783600,1.000032400002965,846.9725580866067,858.5522610291971,5,0.005868544600938967,0,0,1.1807759149940968,5.797937761402151,37.210348102062646,0,,,,
1786377290626468200,1.0176831999997376,792.9776181823657,803.8191090559527,8,0.0098159509202454,0,0,1.2607504337050806,5.5967942396065435,37.202618384820894,0,,,,
1786377291627087900,1.0006205999998201,768.5230545924582,779.0302057294645,0,0.0,0,0,1.3015111833550064,7.220111103469064,37.46725024181768,0,,,,
1786377292627244900,1.0001569999985804,798.8745766925933,809.7966900458124,26,0.03151515151515152,0,0,1.2517180225281601,6.55293418291108,36.78229352403109,0,,,,
1786377293627311400,1.0000672999995004,823.9445485322955,835.2094154067604,0,0.0,0,0,1.213763713592233,5.693972786749108,35.842527967628804,0,,,,
1786377294627321600,1.0000101000005088,782.9920917794747,793.6970617842721,0,0.0,0,0,1.2771632183908046,6.800107784633649,35.55835895553665,0,,,,
1786377295643652300,1.0163296999999147,795.0176010797163,805.886982344478,0,0.0,0,0,1.2576924504950495,5.945584415875349,35.4754118301113,0,,,,
1786377296665739600,1.022087500001362,802.2796482677924,813.2483153339537,0,0.0,0,0,1.2464919512195123,6.05299801313304,35.5172598041963,0,,,,
1786377297730951200,1.0652111999988847,757.5962400703681,767.9540011650802,12,0.014652014652014652,0,0,1.3197301115241635,7.522480684653861,36.12602565203951,0,,,,
1786377298731141600,1.0001918000016303,817.8431376848587,829.0245868328939,21,0.025029797377830752,0,0,1.2230359413202934,5.068862422288388,35.841055451763104,0,,,,
1786377299741200400,1.010056999999506,785.1042069906827,795.8380535706333,0,0.0,0,0,1.2734440100882725,5.592752702805655,35.87773079556247,0,,,,
1786377300786275500,1.0450755999991088,765.4948598940423,775.9606099316561,16,0.0196078431372549,0,0,1.30638375,7.60629523117468,36.24564543428543,0,,,,
1786377301786663400,1.0003891000014846,820.6806731488593,831.9009167270665,5,0.006053268765133172,0,0,1.2186623629719853,6.620702318322266,36.293731512744195,0,,,,
1786377302812004800,1.0253406999981962,789.0060347759756,799.7932266576785,8,0.009791921664626682,0,0,1.267378368355995,6.278165009282294,33.80059069484406,0,,,,
1786377303836987200,1.0249822000005224,792.2088793342813,803.0398601064296,4,0.004901960784313725,0,0,1.262331773399015,5.9703861848503434,31.99574959468823,0,,,,
1786377304859711000,1.0227242000000842,779.291230226032,789.9456025142784,17,0.020884520884520884,0,0,1.28317252195734,7.551467980070527,32.06670073561503,0,,,,
1786377305882691700,1.02298090000113,799.623922596303,810.5562809130494,1,0.001221001221001221,0,0,1.250640586797066,5.696708510506313,32.089621088945826,0,,,,
1786377306905632100,1.0229399999989255,789.8801493742045,800.6792920414299,9,0.011015911872705019,0,0,1.2659699257425743,5.969749382438026,30.241361416475524,0,,,,
1786377307930732800,1.025100899998506,798.9457428056044,809.8688291330247,3,0.0036496350364963502,0,0,1.2516824175824175,6.194412395826437,30.158414819057406,0,,,,
1786377308931240900,1.0005087999998068,792.5967267855647,803.433010159586,1,0.0012594458438287153,0,0,1.2617868852459015,6.8096356431644764,28.52261675061365,0,,,,
1786377309931341300,1.0001002999997581,815.9181634084075,827.0732945487568,13,0.015681544028950542,0,0,1.2255795343137255,5.641422951573273,28.822244677900944,0,,,,
1786377310931821500,1.0004790000020876,792.6203348579484,803.4569409985844,0,0.0,0,0,1.261476923076923,6.596492649188092,28.80742973818781,0,,,,
1786377311932123600,1.0003022999990208,786.7621617992585,797.5186757301077,0,0.0,0,0,1.271130368487929,7.932639159988011,28.82700448967275,0,,,,
1786377312950999900,1.018875300000218,753.7723213035351,764.0778022588569,0,0.0,0,0,1.3259166666666666,6.532697757476863,29.76470741684908,0,,,,
1786377313980896100,1.029897100001108,724.3442087556101,734.2473522346908,43,0.05449936628643853,0,0,1.3813117962466488,7.229233044936946,31.72348528250766,0,,,,
1786377314999072200,1.0181757999998808,853.4871875761551,865.1559577187978,7,0.007990867579908675,0,0,1.1716166858457997,5.241839880077732,32.268144303689034,0,,,,
1786377316021241500,1.0221701999980723,767.9738658018796,778.4735084983896,33,0.040342298288508556,0,0,1.3021510828025478,6.7699234051037385,32.55256289193726,0,,,,
1786377317021445500,1.0002044000029855,773.8418267283064,784.4216954531075,0,0.0,0,0,1.2923257105943151,6.661405967758918,30.355860219844946,0,,,,
1786377318022265900,1.0008192999994208,848.3049837273236,859.9029034267206,8,0.009334889148191364,0,0,1.1786,5.450934771903547,29.5411850377643,0,,,,
1786377319022855600,1.0005901000004087,791.5329164256937,802.3546555174512,1,0.0012610340479192938,0,0,1.2636276515151514,5.815998230221304,28.523636507294633,0,,,,
1786377320022889800,1.000034599997889,776.9731167318013,787.5957960621189,0,0.0,0,0,1.2870743886743885,7.6798555926507825,26.77202129835197,0,,,,
1786377321060669800,1.0377789000012854,748.7143937875761,758.9507233901406,22,0.02753441802252816,0,0,1.3352328185328184,6.999775476024869,27.9020292491008,0,,,,
1786377322075618700,1.0149495999976352,587.2212768017138,595.2496926954872,122,0.16991643454038996,0,0,1.703355201342282,11.078773681984318,46.666813939194206,0,,,,
1786377323086817400,1.011198800002603,733.7825163539453,743.8146991947219,134,0.15296803652968036,0,0,1.3627354447439355,6.812823112170888,47.467889998746365,0,,,,
1786377324087382500,1.0005649999984598,731.5866535418756,741.5888148207684,72,0.08955223880597014,0,0,1.3670273224043716,7.214443696364094,47.62529005386958,0,,,,
1786377325088523100,1.0011410000006435,764.1281298034025,774.5751940780584,41,0.05086848635235732,0,0,1.3086250980392158,6.561260416321157,47.6903470835221,0,,,,
1786377326089090000,1.000566800001252,794.5496492578059,805.4126327437525,11,0.013647642679900745,0,0,1.2585064150943397,5.471998236059418,47.684468665720885,0,,,,
1786377327089312400,1.0002222999974038,771.8284225436724,782.3807642581367,11,0.0140485312899106,0,0,1.2956930051813471,6.114211924497569,47.46464605548806,0,,,,
1786377328103179800,1.0138670000014827,793.9897442157825,804.8450727499827,0,0.0,0,0,1.2593839751552796,6.222281906472178,47.419326229527535,0,,,,
1786377329127832200,1.0246517999985372,803.1996820785118,814.180927731929,4,0.0048367593712212815,0,0,1.2448567436208993,6.618299877746266,47.0601883232717,0,,,,
1786377330161729300,1.0338969000004,794.0830463846854,804.9396505344761,0,0.0,0,0,1.2593809987819733,5.145104350557559,47.140331771564256,0,,,,
1786377331195809200,1.034080500001437,770.733032872095,781.2703985558932,3,0.00375,0,0,1.2972641154328732,7.3587303428759325,47.1015289813609,0,,,,
1786377332201645200,1.0058357999987493,824.1901908850638,835.4584161510705,7,0.008373205741626795,0,0,1.2134997587454766,6.73591802706886,47.21840140810185,0,,,,
1786377333232124100,1.030479799999739,750.136004606976,760.391770294962,0,0.0,0,0,1.3332160413971539,6.976212262232394,47.449741173663995,0,,,,
1786377334249437600,1.0173131000010471,846.3471078855799,857.9182597512031,1,0.001160092807424594,0,0,1.1815659698025551,5.859537436074557,49.09885443413014,0,,,,
1786377335249448800,1.00001169999814,770.9909794069749,781.5318717035547,3,0.003875968992248062,0,0,1.2970740596627757,7.081264628603654,49.1192108336533,0,,,,
1786377336250088300,1.0006399000012607,781.4999182013577,792.184487395517,0,0.0,0,0,1.2796257033248082,6.357738218596413,48.9560143770394,0,,,,
1786377337250859200,1.0007708000011917,865.3330013215501,877.1637259489933,0,0.0,0,0,1.155619053117783,6.165511494043757,51.539208913711626,0,,,,
1786377338250978700,1.0001186000008602,784.9069100397942,795.6380592004945,0,0.0,0,0,1.2737659872611464,5.920087165454914,51.42473789625851,0,,,,
1786377339283133600,1.0321549000000232,727.6039671952176,737.5516776842147,0,0.0,0,0,1.374567643142477,6.511249401068249,52.253723905022945,0,,,,
1786377340290073300,1.0069392999976117,862.0181971267372,873.8036021655794,5,0.0057273768613974796,0,0,1.1598112903225806,5.401957778329759,54.11252365886162,0,,,,
1786377341313768600,1.0236953000021458,796.1353344088731,807.0199971839944,0,0.0,0,0,1.2563435582822085,5.568286203508349,54.14727555789761,0,,,,
1786377342338098100,1.0243302999988373,797.5942916078216,808.4989010633973,5,0.006082725060827251,0,0,1.2537526315789473,5.812612825628238,54.23697527607399,0,,,,
1786377343370810400,1.0327109999998356,744.6420150459542,754.8226675954106,1,0.0012987012987012987,0,0,1.3425265279583876,7.140660708852985,54.41760742539305,0,,,,
1786377344411172500,1.0403619999997318,796.838023688114,807.732293543225,0,0.0,0,0,1.2552835946924006,7.1604439541503035,53.46494035843867,0,,,,
1786377345411820600,1.000650099998893,846.4497230359914,858.022277843124,10,0.011668611435239206,0,0,1.18153093270366,6.3196182269395536,53.14553815775546,0,,,,
1786377346471767700,1.059945200002403,753.8125555907877,764.1185866242555,1,0.00125,0,0,1.326229036295369,6.534170089359064,53.338186233353625,0,,,,
1786377347472494400,1.0007272999973793,854.3786104388669,866.0595680034608,0,0.0,0,0,1.1702269005847954,6.780285821001543,55.00638774540052,0,,,,
1786377348494890200,1.0223963000025833,742.3735786192519,752.5232173894369,2,0.002628120893561104,0,0,1.3476129117259552,7.14242526690266,54.08976739424928,0,,,,
1786377349507828300,1.0129373999989184,803.6034605898343,814.5902266525859,36,0.042352941176470586,0,0,1.2443423832923832,6.241055403791518,54.22492251978884,0,,,,
1786377350531016100,1.0231882000007317,812.1673021633808,823.2711519976458,4,0.004790419161676647,0,0,1.231320457280385,5.069759731555479,54.53058301234152,0,,,,
1786377351531586200,1.0005701999980374,785.5520782065483,796.2920480257785,2,0.0025380710659898475,0,0,1.2730648854961832,6.612000214245746,54.16291790646889,0,,,,
1786377352532240200,1.0006546000004164,787.4845126376995,798.250902458918,44,0.052884615384615384,0,0,1.269831725888325,5.5985623937494005,39.09075183225185,0,,,,
1786377353532350400,1.0001106000017899,792.9123038977697,803.752901802622,0,0.0,0,0,1.2612293820933165,6.869497558868094,37.5952677903817,0,,,,
1786377354532542300,1.0001899999988382,777.8522080813683,788.4869062387307,4,0.005115089514066497,0,0,1.284868766066838,6.682368555735757,35.91135178569512,0,,,,
1786377355532767700,1.0002253000020573,799.8198005972799,810.7548369335709,0,0.0,0,0,1.25042,7.206640437660405,35.4910494075923,0,,,,
1786377356533857600,1.0010917999970843,836.0871600411049,847.5180391822919,0,0.0,0,0,1.1965866188769414,5.8580859338757065,36.31872737200778,0,,,,
1786377357534077100,1.0002190000013798,737.8384133864504,747.9260479444682,0,0.0,0,0,1.3552815718157183,8.38407066201156,37.63516721752547,0,,,,
1786377358534595200,1.0005180000007385,842.5635520794006,854.0829756429862,1,0.001184834123222749,0,0,1.1867487544483986,5.81200008737821,38.66293256048739,0,,,,
1786377359535198000,1.0006025999973645,776.532061781617,787.1487110637876,0,0.0,0,0,1.2877993564993564,8.615342887360365,38.8091582095835,0,,,,
1786377360535605500,1.0004079999998794,817.6663921121169,828.8454248167748,17,0.02035928143712575,0,0,1.2230743276283618,6.242379400170111,39.025282586041854,0,,,,
1786377361536160300,1.0005548000008275,790.5613965365474,801.3698531298204,5,0.00628140703517588,0,0,1.264894816687737,5.706473893881876,38.73824787411745,0,,,,
1786377362536791600,1.0006310999997368,797.4966998329454,808.399975025974,0,0.0,0,0,1.2539604010025063,6.7351681423523075,38.38443392294426,0,,,,
1786377363537102500,1.0003097000007983,752.7668681003483,763.0586026251578,24,0.03088803088803089,0,0,1.3283362549800797,8.65691344494512,38.276052734298254,0,,,,
1786377364575223100,1.0381219000009878,716.6788408945924,726.4771844224482,30,0.03875968992248062,0,0,1.3953422043010755,7.085401104176982,39.735082864758425,0,,,,
1786377365584354300,1.0091305999994802,848.2549235950638,859.8521588785901,0,0.0,0,0,1.1787480140186914,5.6475413644420325,40.86253779581174,0,,,,
1786377366605626400,1.0212725999990653,801.9406375934785,812.9046697480769,0,0.0,0,0,1.2470905982905984,6.327303787954092,40.81049220332675,0,,,,
1786377367632663100,1.027036899999075,800.3607270593104,811.3031588745744,0,0.0,0,0,1.2494761557177616,6.145496947565487,38.55171797594991,0,,,,
1786377368656377500,1.0237128000007942,805.8900894854103,816.9081180525936,0,0.0,0,0,1.2405923636363636,5.071056998222915,38.594488680483686,0,,,,
1786377369681285300,1.0249089999997523,796.1682451809841,807.0533579080678,1,0.0012239902080783353,0,0,1.25625625,6.9183428623295455,36.47240583879607,0,,,,
1786377370750808800,1.0695211000020208,752.6733226660783,762.9637782494036,0,0.0,0,0,1.328587950310559,6.945575467514675,35.02520415845085,0,,,,
1786377371751204200,1.0003969999997935,858.6591123325813,870.3985923840033,0,0.0,0,0,1.1642431897555297,5.676726607884302,37.124516383818566,0,,,,
1786377372767005400,1.0158019000009517,748.1773759226951,758.4063634841382,1,0.001314060446780552,0,0,1.3369847368421053,7.364868524964791,38.08115458708262,0,,,,
1786377373776469700,1.0094637999973202,844.0124351187847,855.5516676301743,0,0.0,0,0,1.1843512910798122,5.854149587473232,38.087100861804544,0,,,,
1786377374799586900,1.0231177000023308,800.4944103675796,811.4386698843239,0,0.0,0,0,1.2497412698412698,6.462636235852207,38.09623687573305,0,,,,
1786377375824156800,1.0245701999992889,796.4315183094008,807.3202304737871,4,0.004878048780487805,0,0,1.255516299019608,6.768185794576402,36.855655743537085,0,,,,
1786377376856700000,1.0325427999996464,724.425176370661,734.3294268288537,29,0.03732303732303732,0,0,1.3804610962566846,6.855325777267902,38.371711323146414,0,,,,
1786377377871922200,1.0152226999998675,851.0448003183072,862.6801784476592,0,0.0,0,0,1.1750921296296295,5.39235635096688,38.188498987597235,0,,,,
1786377378904955200,1.0330328000018199,739.5699342737753,749.6812419689246,14,0.017994858611825194,0,0,1.352124345549738,6.63308306826626,38.32421243687371,0,,,,
1786377379919674600,1.014719499999046,839.6409056895043,851.120371196978,2,0.00234192037470726,0,0,1.1910025821596244,7.268946066046036,39.240562034316966,0,,,,
1786377380945233900,1.0255590999986453,788.8380104092184,799.6229050827819,2,0.002466091245376079,0,0,1.2676809641532756,7.154276517598128,39.103384398174164,0,,,,
1786377381968337700,1.0231034999997064,799.5281024844844,810.4591507606395,2,0.0024390243902439024,0,0,1.2506713936430318,5.23047791434246,39.08684222977628,0,,,,
1786377382968537500,1.000198800000362,791.8425816944724,802.6685544910765,0,0.0,0,0,1.2624520202020202,6.881256112007102,39.06910768895421,0,,,,
1786377383969111500,1.000575400001253,826.524417848934,837.8245563742125,0,0.0,0,0,1.2103110036275695,6.410356834083286,39.52171730863518,0,,,,
1786377384969181600,1.0000705999991624,797.9436651779068,808.853051225261,0,0.0,0,0,1.2533086466165413,5.611175678426585,39.38130245924417,0,,,,
1786377385969885100,1.0007035000016913,777.4530617697301,788.0823028486132,1,0.0012836970474967907,0,0,1.2861768637532134,5.865489886328316,39.52202160617766,0,,,,
1786377386985596800,1.015709399998741,778.7660525746641,789.4132446997082,17,0.02103960396039604,0,0,1.2837862199747156,6.030682210580524,38.842302711593504,0,,,,
1786377388020912500,1.0353171999995538,745.6651932377175,755.8598345515145,41,0.05043050430504305,0,0,1.3413098445595855,8.33443693950156,38.471148717921075,0,,,,
1786377389043252100,1.0223394999993616,754.1526078181284,764.4632880031419,13,0.016581632653061226,0,0,1.3261015564202334,6.739098188144473,37.96190756203781,0,,,,
1786377390043981200,1.000729200000933,841.3864609918598,852.8897915132329,8,0.009411764705882352,0,0,1.1884099762470308,5.869611623483325,38.989542032441534,0,,,,
1786377391044876000,1.0008952999996836,818.2674051923901,829.4546548727549,0,0.0,0,0,1.2222217338217338,6.168970879165075,39.00326124284537,0,,,,
1786377392045551400,1.0006754999994882,793.4640150582343,804.3121558891086,0,0.0,0,0,1.260248362720403,6.697065463200244,39.00091568198655,0,,,,
1786377393076554100,1.031002100000478,735.2070378902705,745.2586966114266,0,0.0,0,0,1.3599639841688653,6.574581213724642,40.42150952852267,0,,,,
1786377394077175100,1.00062170000092,854.4687767607016,866.1509670679769,0,0.0,0,0,1.1705921637426902,6.232224608272682,41.39475101907375,0,,,,
1786377395077533800,1.0003582999997889,777.7213424431668,788.3542514218819,2,0.002564102564102564,0,0,1.2857007712082262,7.140870304090739,38.80125621024876,0,,,,
1786377396100657000,1.0231228999982704,801.4677415600669,812.4253083392084,2,0.0024330900243309003,0,0,1.2474271951219513,7.296745728365787,37.52669591375753,0,,,,
1786377397125136000,1.0244794000027468,778.9322069315014,789.5816706981431,22,0.026829268292682926,0,0,1.2841293233082707,6.3442379981726535,37.611749840038705,0,,,,
1786377398146275900,1.0211385999973572,802.0458731088215,813.0113440302312,6,0.007272727272727273,0,0,1.2465849816849817,5.860391432476177,37.623182242675604,0,,,,
1786377399180117900,1.033842700002424,790.255616253889,801.0598922573602,0,0.0,0,0,1.265603182374541,5.940293562426732,37.55974657639186,0,,,,
1786377400195383700,1.0152662999971653,805.6999429630274,816.7153718707251,3,0.0036540803897685747,0,0,1.2411474327628362,5.983400741717442,37.625038765507085,0,,,,
1786377401195492000,1.0001081000009435,791.9143940532557,802.7413486594525,0,0.0,0,0,1.2628689393939394,6.184211317333933,36.79606644797779,0,,,,
1786377402195935400,1.0004430000008142,747.6687827286424,757.8908168675106,24,0.031088082901554404,0,0,1.337424064171123,6.29498809137752,35.7244793650385,0,,,,
1786377403195939300,1.0000051999995776,855.9955488235076,867.698612967579,1,0.0011668611435239206,0,0,1.1682783878504672,6.182770253897498,36.65925441755443,0,,,,
1786377404196657500,1.0007174999991548,782.4386003049425,793.1360030434867,0,0.0,0,0,1.2779624521072797,6.032726111121809,35.496741839380554,0,,,,
1786377405212272700,1.0156148999994912,790.6540165966474,801.4637394798046,0,0.0,0,0,1.2647565379825654,6.350649711986607,35.46959117524654,0,,,,
1786377406238154700,1.0258825000018987,799.311812023777,810.2399032037895,0,0.0,0,0,1.251105243902439,5.625786155503709,35.484482224562555,0,,,,
1786377407280019700,1.0418647000005876,748.657671192392,758.8932252907255,6,0.007633587786259542,0,0,1.3357047435897436,8.273966712859693,34.087306435542104,0,,,,
1786377408284298900,1.004279000000679,847.3740862842145,858.9592788701316,2,0.0023446658851113715,0,0,1.180092009400705,6.879331981877111,33.8740390598676,0,,,,
1786377409284895600,1.0005977999971947,799.5220457233095,810.4530111921829,0,0.0,0,0,1.250819875,6.395124130454576,32.27602059335119,0,,,,
1786377410285287700,1.0003918000002159,786.6917741627133,797.4473257625941,40,0.04836759371221282,0,0,1.2711771283354512,5.631232216174252,31.174805443137064,0,,,,
1786377411285530300,1.000241300000198,796.8077302945222,807.7015859821427,6,0.007471980074719801,0,0,1.25488130489335,7.132801086590643,31.166000473595407,0,,,,
1786377412285997300,1.0004680000020016,770.6393407869691,781.175425524291,8,0.010269576379974325,0,0,1.2977521400778211,6.495165430740042,31.439448908828922,0,,,,
1786377413311454900,1.02545569999711,778.1906132095701,788.8299379995447,18,0.022058823529411766,0,0,1.2846932330827066,6.396690876356152,31.55801107725198,0,,,,
1786377414329982100,1.0185287000022072,776.6104185363514,787.2281391022781,29,0.03536585365853658,0,0,1.287915170670038,6.973775441667701,30.998822148928063,0,,,,
1786377415352210300,1.0222275999985868,803.1479486575544,814.1284870181069,0,0.0,0,0,1.2445255785627283,6.919577202692941,31.055954731471278,0,,,,
1786377416378151100,1.025941399999283,799.2659229860234,810.193386776848,0,0.0,0,0,1.2515832926829267,7.254118210044588,30.980623241088054,0,,,,
1786377417399189200,1.0210376000031829,796.2488354958384,807.1350500436331,0,0.0,0,0,1.2560075030750308,5.811371412800728,30.889907921954915,0,,,,
1786377418399772000,1.0005840999983775,773.5481705148574,784.1240244086151,1,0.0012903225806451613,0,0,1.2928855297157622,7.016807517831741,29.809591663067952,0,,,,
1786377419463217900,1.063445200001297,745.6895757289918,755.8845503971615,9,0.011221945137157107,0,0,1.3409660781841108,6.520088129417856,30.24099473970047,0,,,,
1786377420471591000,1.00837159999719,848.8934039816129,860.499368489174,19,0.021714285714285714,0,0,1.177714953271028,6.011296052077094,30.695289305923346,0,,,,
1786377421496226900,1.024637200000143,792.4756196631224,803.3102472757042,3,0.0036809815950920245,0,0,1.262184236453202,6.647331077118577,30.318605769293047,0,,,,
1786377422518163200,1.021936100001767,773.0424632211681,783.61140314802,32,0.038929440389294405,0,0,1.2933875949367089,6.658095062043433,30.52727120523992,0,,,,
1786377423545606700,1.0274442999980238,773.7645729325951,784.3433854531579,28,0.03402187120291616,0,0,1.2925417610062893,6.640666124601519,28.783916641170357,0,,,,
1786377424583569000,1.0379618000006303,770.7412739076855,781.278752261892,4,0.004975124378109453,0,0,1.297486375,7.547911361713399,26.528153984138708,0,,,,
1786377425593726300,1.0101571000013791,804.8253088543257,815.8287798738185,25,0.029832935560859187,0,0,1.24250012300123,5.512135972459252,26.551349326384376,0,,,,
1786377426593944400,1.0002179000002798,771.8318178466752,782.3842059812978,3,0.003870967741935484,0,0,1.2957256476683938,6.701161184928855,26.706728419605767,0,,,,
1786377427646136900,1.0521928999987722,773.6224032693528,784.199272064051,2,0.0024509803921568627,0,0,1.2925090909090908,6.507363317197548,26.80327852074617,0,,,,
1786377428662401600,1.0162650999991456,849.1878743063454,860.7978647753774,0,0.0,0,0,1.1776027809965237,5.735296413820074,28.8971538212828,0,,,,
1786377429686431200,1.0240293999995629,807.5940007194647,818.6353249480511,2,0.0024125452352231603,0,0,1.238193107617896,5.5104000059573375,29.04866013613307,0,,,,
1786377430712899600,1.0264678000021377,790.0881060256455,800.8900918502148,0,0.0,0,0,1.2657318125770654,6.474572807851642,28.932541112349718,0,,,,
1786377431732216500,1.0193168000005244,792.6878081471672,803.5253367741792,3,0.0036991368680641184,0,0,1.261537995049505,7.057536088181875,28.933242069805285,0,,,,
1786377432812237000,1.0800114999983634,748.14018184179,758.3686608904083,3,0.0036991368680641184,0,0,1.3362288366336634,7.42123799334059,28.90801693328674,0,,,,
1786377433812965600,1.000737800000934,849.3733323545955,860.985858382881,0,0.0,0,0,1.1774729411764706,5.911490193822367,28.406886504325982,0,,,,
1786377434813334000,1.0003690999983519,782.7111013337877,793.4122296723356,10,0.012610340479192938,0,0,1.2779380587484035,6.224483940301922,28.403895776807577,0,,,,
1786377435834579800,1.0212455000000773,798.0451321449527,808.955905435997,7,0.00851581508515815,0,0,1.2530055214723927,7.092430639999269,28.43014590745057,0,,,,
1786377436835051800,1.0004724000027636,787.6279245662582,798.3962750974375,0,0.0,0,0,1.2697048223350254,6.655122687184368,28.400421268256473,0,,,,
1786377437849163100,1.014110799998889,811.54840279869,822.6437911182032,8,0.009626955475330927,0,0,1.232136695018226,6.1492631515232,27.428109875679514,0,,,,
1786377438850211300,1.0010475999988557,814.1470994994959,825.2780168754656,6,0.007308160779537149,0,0,1.2283393865030674,5.49842086779402,25.74618404385706,0,,,,
1786377439850231100,1.0000212000013562,792.983188755323,803.8247557890871,0,0.0,0,0,1.26108184110971,6.513000975349007,25.708920620506156,0,,,,
1786377440850526900,1.0002956999996968,785.7676485065748,796.5105655760007,0,0.0,0,0,1.2726148854961832,6.226657578888818,25.716256456305292,0,,,,
