window_end_ns,elapsed_s,fps,rate_kib_s,missing_frames,loss_rate,crc_errors,old_frames,avg_interval_ms,interval_jitter_ms,bandwidth_jitter_kib_s,latency_count,latency_avg_ms,latency_p50_ms,latency_p95_ms,latency_p99_ms
1785551190984431900,1.0214019999984885,19.580928958460625,78.59142384694644,0,0.0,0,0,50.24078947368421,36.11543529961939,0.0,20,991.838025,982.9675,1029.5724899999998,1032.911778
1785551192008323500,1.023893899997347,19.53327390665363,78.40015210580705,0,0.0,0,0,49.87542,67.59382134421988,0.13524954520901955,20,1038.373885,1016.47315,1166.550735,1201.2361469999998
1785551193041655900,1.0333489000040572,20.322274499849517,81.5669415960757,0,0.0,0,0,53.04284761904761,56.302310025980454,1.7757086111379887,21,1016.4065809523809,986.4482,1127.8722,1164.4326
1785551194064158500,1.0225030000001425,19.559844812188533,78.50679900204578,0,0.0,0,0,51.126385,48.73790486629559,1.535736903755153,20,1027.223115,1010.5302,1110.0895549999998,1144.199191
1785551195089301300,1.025144499995804,20.484917004467132,82.21973524253897,0,0.0,0,0,48.818128571428566,52.24683392606812,1.874403212269036,21,1032.4564238095238,1018.7361,1166.5349,1200.06946
1785551198679003500,1.0023767000020598,19.952578706148,80.08310398659012,0,0.0,0,0,51.09558947368421,34.047173304677905,0.0,20,1002.473455,991.47555,1051.104355,1086.229351
1785551199683349100,1.004341599997133,19.91354336020443,79.9264289164455,0,0.0,0,0,48.776945,49.42692851252853,0.11078600454213551,20,1025.205665,1016.4681499999999,1121.7707,1128.25046
1785551203698324700,1.0452529999965918,19.134123508916225,76.79809338051336,0,0.0,0,0,50.047478947368425,29.523002545107452,0.0,20,988.1616700000001,980.3948499999999,1033.89772,1046.518584
1785551204700258000,1.0019315000026836,19.961444469952717,80.1186882534235,0,0.0,0,0,50.231225,64.46757656139104,2.3480151522080384,20,1031.94351,1014.6336,1145.514225,1179.258605
1785551205724985900,1.0247272999986308,20.493257084131614,82.25320958572357,0,0.0,0,0,49.80419047619047,81.14872422920712,2.748964181905253,21,1045.5276047619047,993.1065,1253.6248,1289.9632000000001
1785551206749395000,1.024408900004346,19.523453964442474,78.36073807994,0,0.0,0,0,49.766415,66.99024190281884,2.3456414569157458,20,1035.42211,1011.66075,1172.45095,1205.69715
1785551207773624000,1.0242318999953568,20.503169253071693,82.29299377941861,0,0.0,0,0,50.237,57.82403923501886,2.41257288713972,21,1016.0985523809524,987.4106,1133.6687,1169.45046
1785551208798619600,1.0249909999984084,19.512366450077177,78.31623643536835,0,0.0,0,0,49.96501,56.48730940285242,2.2603840865591365,20,1020.60988,1005.8549499999999,1099.560305,1134.9095009999999
1785551209820152400,1.021532600003411,20.557346872659647,82.51044496741324,0,0.0,0,0,50.24590952380952,55.04230047509738,2.3225419926355944,21,1017.8560904761905,1012.1939,1142.3846,1179.34724
1785551210852585200,1.0324401999969268,19.37158200548519,77.75117386967202,0,0.0,0,0,53.980155,66.00168637873841,2.30414192653293,20,1035.7538049999998,1014.8849,1160.437885,1193.7682169999998
1785551211869060500,1.016468599998916,20.659762633122554,82.92150822473994,0,0.0,0,0,46.17126666666667,37.9280171704946,2.3933126349017293,21,1018.8342333333333,1016.2698,1135.7513,1172.1996199999999
1785551212892591300,1.0235319000057643,19.540182382090254,78.42788045936615,0,0.0,0,0,49.547109999999996,64.43819436728255,2.321001400487569,20,1031.954275,1007.6558,1155.0804699999999,1189.720814
1785551213916720200,1.0241258999958518,20.50529139052636,82.3015113428353,0,0.0,0,0,50.26640952380953,66.29556442564544,2.3109221955824233,21,1028.2492047619048,1016.8296,1176.467,1213.29052
1785551214941985900,1.0252682999998797,19.507089022456217,78.29505457255377,0,0.0,0,0,50.033789999999996,54.43794100047754,2.270029188714211,20,1017.71766,1004.0949499999999,1099.300675,1132.808695
1785551215981263600,1.0392808000033256,20.206281112797235,81.10138220077798,0,0.0,0,0,52.941795238095246,60.53035523163132,2.193645681662785,21,1024.762138095238,1016.0757,1145.8387,1182.4015
1785551216993792300,1.0125330000009853,19.752442636418305,79.27982347234301,0,0.0,0,0,50.631825,49.75809224905163,2.119273945888761,20,1022.56081,997.50705,1128.586065,1163.778093
1785551218012424400,1.018625400000019,20.616018410693087,82.74593326948104,0,0.0,0,0,46.40804285714286,41.2286334296393,2.1573856446356117,21,1025.9837190476192,1013.8786,1127.5202,1164.26204
1785551219037838700,1.0254142999983742,19.504311574386772,78.28390680735316,0,0.0,0,0,50.08211,49.74090222841497,2.1403575640860426,20,1012.533635,998.0219999999999,1084.8105950000001,1112.6249990000001
1785551220067189900,1.0293565999963903,20.401093265515218,81.88329425905034,0,0.0,0,0,52.24522380952381,52.374609878689355,2.1165545665291283,21,1020.1094904761904,1017.8626,1109.3961,1146.08514
1785551221092855800,1.0256663000036497,19.499519483021754,78.26467292501894,0,0.0,0,0,51.28398,44.95845408276635,2.104148038445661,20,1015.8967650000001,998.96915,1094.4554600000001,1128.437492
1785551222108565900,1.015701700001955,20.67536167356969,82.9841176546596,0,0.0,0,0,46.383266666666664,64.40724996843393,2.1488302673563786,21,1047.8323380952381,1016.602,1240.1332,1276.73552
1785551223141216000,1.0326580999972066,19.367494430203084,77.73476768372528,0,0.0,0,0,53.715565000000005,58.424286509214774,2.1662481932936295,20,1018.7081850000001,994.7614,1123.825785,1158.410117
1785551224158354200,1.017132799999672,20.646271558646788,82.86735947855303,0,0.0,0,0,46.43732857142857,47.206797541955154,2.1941933134098948,21,1024.8999285714285,1013.5108,1136.7935,1172.40382
1785551225181567600,1.0232122000015806,19.546287661512544,78.45238504767241,0,0.0,0,0,50.126755,51.38311626797142,2.175776020078105,20,1010.64456,996.3339,1087.00752,1117.141824
1785551226210970900,1.0294110999966506,20.40001317264631,81.87895912068001,0,0.0,0,0,52.00230476190476,56.541386759686716,2.155091026613676,21,1027.5967761904762,1017.2287,1113.3967,1149.87694
1785551227228353400,1.0173777000018163,19.65838252594321,78.90229705236973,0,0.0,0,0,47.84017,47.060623577926194,2.125682920420035,20,1011.1705250000001,990.5571,1103.3094,1135.79788
1785551228260008100,1.0316585000036866,20.355573089278046,81.70059120794217,0,0.0,0,0,52.0103380952381,55.78262458617805,2.102544934928715,21,1029.4693761904762,1016.319,1111.1365,1147.53242
1785551229283959800,1.0239510999963386,19.532182738093173,78.39577251324505,0,0.0,0,0,51.197165,42.03228178378933,2.092155874480702,20,1007.9021650000001,992.37655,1070.66018,1105.9512359999999
1785551230298555500,1.0145923000018229,19.712351453844136,79.11891062040958,0,0.0,0,0,48.59598,43.34585029618843,2.061770785085594,20,1020.0496800000001,1011.7308,1094.3902050000002,1129.7029209999998
1785551231325710000,1.0271527000004426,20.44486666879321,82.05898633666025,0,0.0,0,0,48.164295238095235,53.81730289541158,2.05527530697225,21,1016.8804761904763,986.476,1143.7485,1178.56162
1785551232350289300,1.0245833000008133,19.520130769244552,78.34739986483898,0,0.0,0,0,51.88525,58.64189459517021,2.047798454913505,20,1027.511745,1011.61545,1125.42548,1158.799816
1785551233381621700,1.031333499995526,20.361987659754192,81.72633718905247,0,0.0,0,0,51.26559047619048,52.24884624725129,2.0326609854297284,21,1019.9271952380952,1006.3196,1138.6957,1173.4637
1785551234396432000,1.0148087000052328,19.708147949359194,79.10203913268192,0,0.0,0,0,46.78996,44.53859354431485,1.9410607497641967,20,1021.25575,1006.5423000000001,1105.54472,1138.419584
1785551235434629600,1.0381962999963434,20.227388597006136,81.18610071649924,0,0.0,0,0,53.197266666666664,60.91689941709388,1.9477869410849045,21,1018.7414333333334,983.9262,1153.2071,1190.1162199999999
1785551236455094000,1.0204644999976153,19.598917943786127,78.66362573140721,0,0.0,0,0,51.025315,55.51041446831846,1.934819014229781,20,1033.32958,1011.79955,1156.5467449999999,1190.2534289999999
1785551237473726200,1.0186367999995127,20.615787688025847,82.74500722440061,0,0.0,0,0,48.50963333333333,41.09912291683769,1.9569301560495143,21,1015.1608047619047,1012.9886,1121.8588,1154.23096
1785551238501831500,1.0281019000030938,19.453324616888477,78.07926189005043,0,0.0,0,0,51.402325,57.38833983958831,1.9632306577927345,20,1038.24603,1014.9019000000001,1168.709325,1201.914105
1785551239525839400,1.0240091000014218,20.507630254429227,82.31089877510168,0,0.0,0,0,48.76318571428572,39.96470224088108,1.9664624278982856,21,1018.2672904761904,1013.5305,1127.7458,1163.00124
1785551240550117700,1.0242791999990004,19.52592613422153,78.37066055825241,0,0.0,0,0,51.21467,44.194228153996235,1.9536806631633918,20,1020.4192150000001,1005.5412,1097.41351,1128.512862
1785551241574204900,1.0240875000017695,20.506060273134587,82.3045973853351,0,0.0,0,0,48.76601904761905,38.34747104855311,1.9339665357720561,21,1014.7613761904762,1011.0973,1116.4492,1153.76496
1785551242595527500,1.0213233999966178,19.582435886680194,78.59747216235898,0,0.0,0,0,51.06755,48.480212461347236,1.896305859317222,20,1021.4483399999999,1002.54795,1117.78837,1152.129274
1785551243613822500,1.0182893000019249,20.62282300320774,82.77324467107793,0,0.0,0,0,46.53031428571429,41.33826643346677,1.921771075754262,21,1020.8436142857142,1013.941,1149.2404,1168.00736
1785551244644442800,1.030623899998318,19.40572113651997,77.88819713974323,0,0.0,0,0,53.58683,55.18347843587074,1.9359833411159477,20,1017.20632,994.3358000000001,1110.389405,1145.688441
1785551245661289800,1.0168387000012444,20.652243074515457,82.89132718384622,0,0.0,0,0,46.39197142857143,40.968474847254726,1.9616139930091554,21,1016.4436000000001,1003.0268,1129.7828,1163.5936000000002
1785551246684318000,1.023029600000882,19.54977646783901,78.46638797150229,0,0.0,0,0,50.01499,49.53351724301541,1.9858673859931701,20,1009.3666999999999,991.9612,1088.344985,1122.059877
1785551247708234000,1.0239202000011574,20.509410791950646,82.31804526847378,0,0.0,0,0,49.94040476190476,54.170604436229766,2.0111082254027766,21,1022.9473428571428,1015.7814,1132.2593,1167.94626
1785551248733024500,1.024791899995762,19.516157377983482,78.33145197608604,0,0.0,0,0,49.92253,52.220193266258306,1.992540036022222,20,1009.8940399999999,991.2574500000001,1086.9696999999999,1121.7123399999998
1785551249758367100,1.0253359000053024,20.481093073880864,82.20438723989292,0,0.0,0,0,49.904361904761906,55.48761114172673,1.9896795536205998,21,1025.4922761904763,1015.0114,1122.3817,1158.41282
1785551250790934500,1.0325766999958432,19.369021206928757,77.74089566452851,0,0.0,0,0,53.83944,50.05083323762374,2.023174172335059,20,1009.79581,996.07655,1088.990965,1117.078513
1785551251808140900,1.0172008000008645,20.644891352800894,82.86181978516765,0,0.0,0,0,46.53648095238095,56.164869103031116,2.044459591183326,21,1034.0680857142859,1016.1717,1163.753,1200.7242800000001
1785551252835529000,1.027393900003517,19.466730335786046,78.13306804695375,0,0.0,0,0,53.36693,53.64983908021288,2.0220269325250313,20,1010.2943750000001,990.9730999999999,1090.444155,1125.847311
1785551253857133700,1.0216053999974974,20.555881948207638,82.5045652413412,0,0.0,0,0,48.64841904761905,46.46737493273769,2.0085684093262053,21,1024.1894714285716,1012.1787,1108.3797,1141.6101
1785551254882480400,1.0253470999959973,19.50558986325516,78.28903743943233,0,0.0,0,0,51.26781,52.540830793322314,1.9856090078254454,20,1015.3797000000001,987.17855,1143.9216749999998,1177.479855
1785551255899460500,1.0169703000065056,19.666257706711846,78.93390544393134,0,0.0,0,0,48.92562,54.325039485476,1.972804107014244,20,1029.492625,1008.35085,1148.025515,1182.5692629999999
1785551256933929900,1.0344769999937853,20.300113004084345,81.47799262381508,0,0.0,0,0,51.08968095238095,54.96931667992262,1.9625615512394503,21,1020.4527809523809,988.2725,1166.4298,1199.4385200000002
1785551257948873600,1.014939200002118,19.705613892889605,79.09186826150028,0,0.0,0,0,48.72199,47.31965768912202,1.9584930025938563,20,1026.5320299999998,1012.0156999999999,1127.85812,1159.570184
1785551258971586600,1.0227099999974598,20.533680124426436,82.41545440565689,0,0.0,0,0,48.31874761904762,50.29065995690073,1.9813381536688857,21,1014.221380952381,984.7117,1140.2449,1173.92434
1785551260005109300,1.0335304000036558,19.35114825836691,77.6691595135625,0,0.0,0,0,54.102045,57.59078318244001,2.0089627417319122,20,1025.24002,1006.4666,1120.114885,1152.373617
1785551261025546900,1.0204386999976123,20.57938414139834,82.59889533315155,0,0.0,0,0,48.59420476190476,44.62386654825505,2.0433625760413356,21,1020.6933285714285,987.4867,1157.0803,1191.76478
1785551262045307000,1.0197514000028605,19.612623233411494,78.71863426691527,0,0.0,0,0,46.9207,50.849191495192294,2.0372421489140704,20,1022.7988950000001,1002.877,1117.3447850000002,1151.6403169999999
1785551263069557300,1.0242491999961203,20.50282294589983,82.2916038160628,0,0.0,0,0,50.24635714285715,53.29987280851214,2.0391799819964778,21,1010.7232999999999,975.6017,1131.57,1166.8377600000001
1785551264096723900,1.027169100001629,19.470990706367903,78.15016777653523,0,0.0,0,0,51.9619,64.7811404076266,2.0607362579615165,20,1033.46945,1008.3057,1167.427455,1200.451811
1785551265117090700,1.0203670999981114,20.58082821372707,82.60469136564282,0,0.0,0,0,47.85642857142857,48.04858151867902,2.093185254017931,21,1013.3607428571429,1009.2838,1113.4537,1149.34906
1785551266147423900,1.03034050000133,19.411058771322864,77.90962065443064,0,0.0,0,0,54.203250000000004,54.51513243216342,2.1333510211344304,20,1017.55765,1000.8646,1098.5790550000002,1132.807251
1785551267175353500,1.027928499999689,20.429436483185704,81.99705463466137,0,0.0,0,0,48.94791904761905,42.225447246176316,2.1349803643016756,21,1015.876061904762,1008.9907,1134.8591,1171.80158
1785551268195923100,1.0205682000014349,19.596926496408454,78.65563271507689,0,0.0,0,0,51.027564999999996,52.69753349161884,2.1075370256717405,20,1026.46679,1000.91455,1143.7037850000002,1177.023477
1785551269219655200,1.0237347000002046,20.513127082627758,82.33296123984383,0,0.0,0,0,48.75131904761905,37.275038643717316,2.1016745585608416,21,1014.6133142857143,1014.2489,1108.8441,1146.18426
1785551270247718900,1.0280618000033428,19.454083402315863,78.08230740577949,0,0.0,0,0,51.401265,44.31456298090629,2.1081891810765385,20,1016.85736,998.9746,1091.72603,1126.083046
1785551271261299900,1.0135792999935802,20.718655166036847,83.15788352774554,0,0.0,0,0,46.034261904761905,53.18568481991631,2.1442380173962987,21,1029.2126571428573,1012.1201,1178.5425,1214.34266
1785551272284600100,1.023300000000745,19.54461057362009,78.44565376716658,0,0.0,0,0,50.586255,58.09359283571255,2.1405301401144823,20,1017.9878850000001,997.465,1115.227105,1148.7158209999998
1785551273308128300,1.0235259000037331,20.517311774839705,82.34975722128046,0,0.0,0,0,49.70935238095238,49.83298807284809,2.150177764225256,21,1020.2103761904762,1013.2122,1112.8755,1148.17222
1785551274339634700,1.0315113999968162,19.38902468752331,77.82118307199296,0,0.0,0,0,53.47952,49.14276224436203,2.1498950862639266,20,1009.809865,992.7217499999999,1078.8087400000002,1113.928948
1785551275363315200,1.0236814000018057,20.514195139193657,82.33724806844329,0,0.0,0,0,48.74749047619048,44.844397027130434,2.137546633917166,21,1026.1629,1015.7361,1116.4718,1152.8066000000001
1785551276382239500,1.0189171000019996,19.628682254877017,78.78308990971146,0,0.0,0,0,47.703025000000004,51.98654951184236,2.1010322166773903,20,1017.3336750000001,993.54135,1125.704965,1161.1599529999999
1785551277409141200,1.02690419999999,20.44981411118993,82.07884374706114,0,0.0,0,0,50.117466666666665,57.1721314079625,2.1004349449741766,21,1023.9797428571428,1013.5595,1113.5103,1147.7031800000002
1785551278430083000,1.0209321000002092,19.58994138787085,78.6275967813957,0,0.0,0,0,49.80377,44.15006269475313,2.0888046250417154,20,998.847285,983.6801499999999,1053.6279000000002,1088.37358
1785551279462051200,1.0319772000002558,20.349286786563496,81.67536005153903,0,0.0,0,0,52.19294285714285,53.97566499088799,2.073723694944046,21,1025.9616904761906,1016.0903,1111.789,1146.02124
1785551280477980600,1.015929099994537,19.686413156299537,79.01480280506944,0,0.0,0,0,47.82903,46.199000150824645,2.05607131021385,20,1010.58452,986.40915,1110.697055,1142.500851
1785551281501929400,1.023947700006829,19.53224759415604,78.39603282420052,0,0.0,0,0,51.908944999999996,56.56504431464137,2.0321167369747917,20,1025.032765,1013.5699999999999,1105.727195,1141.115759
1785551282534766500,1.0328429000001051,20.33223058414582,81.6069020516009,0,0.0,0,0,51.33410952380952,48.96337921564346,1.9888886862029602,21,1013.5418523809524,988.9772,1131.2215,1166.57998
1785551283550088200,1.0153162999995402,19.698295004235682,79.06249264395376,0,0.0,0,0,46.733835,45.4758830264463,1.9625654773196801,20,1024.2324800000001,1009.8945,1108.71493,1143.4002659999999
1785551284580068000,1.029985699999088,20.388632580062612,81.83328115630599,0,0.0,0,0,52.88766666666667,55.28942178631762,1.9395000267830718,21,1014.5786285714286,985.3874,1124.5852,1159.20392
1785551285607176000,1.027107399997476,19.472160360298396,78.15486238361953,0,0.0,0,0,51.35471,48.58060868411224,1.9442401197812698,20,1025.7274499999999,1009.54985,1110.081455,1143.6043710000001
1785551286621315600,1.0141337000022759,20.70732882651752,83.11242331737013,0,0.0,0,0,45.62282380952381,39.88413979849515,1.9986430235016717,21,1009.2144761904763,977.6151,1136.7977,1172.36298
1785551287646868400,1.0255528999987291,19.501675632748718,78.27332700253636,0,0.0,0,0,50.0336,65.20114597707781,2.021697601254631,20,1031.5952300000001,1009.91315,1146.6371050000002,1181.604781
1785551288669380800,1.0225152999992133,20.537589999891598,82.43114736284616,0,0.0,0,0,50.41840952380952,61.91633833781601,2.047967369403964,21,1023.7241571428573,1015.0498,1147.8416,1185.1327999999999
1785551289701762300,1.0323843000005581,19.37263090884779,77.75538382359805,0,0.0,0,0,53.852019999999996,53.718876411238305,2.062809910350942,20,1020.7142449999999,1004.54615,1101.130235,1135.794367
1785551290730431100,1.028662999997323,20.41484917806381,81.93850597836158,0,0.0,0,0,48.97676666666666,42.47830043785101,2.029357992730555,21,1017.5432952380953,1017.0428,1127.794,1164.97024
1785551291740960700,1.0105237000025227,19.791717898303695,79.43746148635564,0,0.0,0,0,46.89065,49.066436338472435,1.989704318523124,20,1024.833245,1006.5188,1135.68721,1169.154722
1785551292764765000,1.0238113000013982,20.51159232172112,82.32680121315802,0,0.0,0,0,50.613366666666664,51.21166116433184,2.003914002491463,21,1025.1114190476192,1009.0677,1125.9362,1160.9767600000002
1785551293789487600,1.0247208000000683,19.517511501668228,78.33688698423478,0,0.0,0,0,49.528955,52.54617602498703,2.002187832100399,20,1025.54941,1010.8347,1111.53272,1138.3017439999999
1785551294823677700,1.0341804999989108,20.3059330552279,81.50135239940104,0,0.0,0,0,52.482619047619046,50.97495690237138,1.9758653550721355,21,1033.9763428571428,1025.5825,1130.7867,1160.23726
1785551295836724300,1.0130553999988479,19.742256938784145,79.23894142422151,0,0.0,0,0,47.71984,46.17030524685525,1.9377145139974699,20,1034.72256,1014.99695,1137.066285,1161.907417
1785551296875401400,1.0386845000030007,20.217881368153016,81.14794181944228,0,0.0,0,0,52.25314761904762,58.093353644944784,1.89413711140883,21,1040.873780952381,1018.6737,1180.5642,1203.91516
1785551297886981600,1.011573399999179,19.771180222825386,79.35502999591048,0,0.0,0,0,47.880785,49.37455573117409,1.8753026061212246,20,1037.028205,1022.72915,1156.0975,1181.8037399999998
1785551298908207300,1.021227799996268,20.563482506133052,82.53507138692075,0,0.0,0,0,49.62221428571428,43.154648891611735,1.8957585495532212,21,1029.075438095238,1021.9697,1120.8255,1139.0991000000001
1785551299944753100,1.036549800002831,19.29477966224621,77.4429144646796,0,0.0,0,0,53.48301,48.98112309617913,1.9312057640341456,20,1020.80338,1001.69715,1105.321985,1128.115677
1785551300959354600,1.0145926999975927,20.69796086651306,83.0748233997741,0,0.0,0,0,46.6258,42.653304203144685,1.9565941889437186,21,1042.0034238095238,1025.9089,1137.7296,1161.00952
1785551301983287600,1.023923200002173,19.53271495358007,78.39790865157626,0,0.0,0,0,50.984205,44.980942531119425,1.9157218910189697,20,1023.7717,1014.2678000000001,1103.849765,1124.185313
1785551303027402000,1.0441294999982347,20.112447737599123,80.72476582180899,0,0.0,0,0,51.60792380952381,46.302594571005464,1.8880688273235033,21,1046.1661142857142,1024.9739,1149.5699,1164.7099
1785551304029180700,1.0017730000035954,19.964602759236094,80.1313645902933,0,0.0,0,0,47.430845,43.11809271021639,1.8477246498680124,20,1020.60108,998.9672,1123.7229049999999,1149.506741
1785551305030582800,1.001406199997291,20.970511267112997,84.16875127718204,0,0.0,0,0,50.21691428571429,54.68658916478779,1.9255392267114189,21,1038.4267190476191,1019.2902,1146.9898,1168.70084
1785551306060818200,1.030237600003602,19.412997545352717,77.91740225722624,0,0.0,0,0,51.513980000000004,46.84494134916755,1.9435845823878515,20,1033.7821749999998,1034.1406499999998,1101.1548,1129.21248
1785551307075223000,1.0144042999963858,19.716004752810353,79.13357376372123,0,0.0,0,0,50.719335,44.28699772512868,1.9352952633338874,20,1031.422405,1020.6545,1104.612805,1130.6960809999998
1785551308125095100,1.049872099996719,20.002436487326055,80.28321676065437,0,0.0,0,0,47.268095238095235,45.69862779181095,1.9057451162244432,21,1010.4245428571428,983.9198,1108.8971,1143.1898999999999
1785551309148836400,1.0237411000052816,19.536189374341635,78.41185383646886,0,0.0,0,0,49.82469,60.99793895600856,1.9124135107347717,20,1026.69151,1014.1499,1119.6959299999999,1154.5560659999999
1785551310173756600,1.024914000001445,20.489523999057866,82.23822620715609,0,0.0,0,0,50.36647142857142,64.97304709814019,1.929791519327475,21,1031.0464333333334,1018.1125,1160.5832,1193.40416
1785551311197479900,1.023723299993435,19.53652906027269,78.41321722433668,0,0.0,0,0,50.56724,58.362761592676364,1.9460843526840046,20,1046.00551,1037.7662500000001,1148.757345,1167.878109
1785551312222009900,1.0245250000007218,20.497303628496333,82.26945108703119,0,0.0,0,0,49.668099999999995,54.24799784297113,1.9489732389168832,21,1025.0432666666666,987.4381,1158.3475,1182.8623
1785551313247609800,1.025610400000005,19.500582287387004,78.26893867300839,0,0.0,0,0,50.16633,55.41173407509982,1.97021416988332,20,1036.096315,1022.4938999999999,1136.5393800000002,1159.082196
1785551314281692100,1.0340873000022839,20.30776318397259,81.50869793567124,0,0.0,0,0,52.47704285714286,54.12788382588563,1.9702533262955144,21,1029.812338095238,1024.3451,1141.9889,1168.67602
1785551315313320700,1.0315055000028224,19.38913558865685,77.82162819275356,0,0.0,0,0,51.57479500000001,48.85887607628057,2.0002946057828317,20,1032.34311,1017.7813000000001,1127.90614,1157.797548
1785551316331145300,1.0179446999973152,20.62980434993707,82.80126550609508,0,0.0,0,0,48.47156666666667,38.18831985511189,2.0169573904245364,21,1031.9455666666665,1022.456,1152.3391,1179.1544600000002
1785551317354813500,1.0236670000012964,19.537603537063003,78.41752982161029,0,0.0,0,0,51.18018,52.75194412326231,1.9766942188107284,20,1051.15848,1031.2412,1194.9690699999999,1200.8160540000001
1785551318377353600,1.0225425999960862,20.537041684209907,82.42894660361594,0,0.0,0,0,48.69586666666667,42.17034123388538,1.9833353297953418,21,1040.6065714285714,1024.8852,1176.0284,1203.3243200000002
1785551319403873100,1.0265189000056125,19.483323687357974,78.19966831546999,0,0.0,0,0,51.32624500000001,59.05538426713008,1.979115367569742,20,1068.614935,1044.1515,1224.213425,1237.740285
1785551320412984100,1.0091059999977006,20.810499590774263,83.52651691218966,0,0.0,0,0,46.28760952380952,28.629422000695456,2.0147106168167235,21,1021.450480952381,1017.0612,1122.2519,1152.0554200000001
1785551321449885600,1.0369073999972898,19.28812543921692,77.41620659685698,0,0.0,0,0,53.699,49.21232472762125,2.062687612984685,20,1022.412775,1008.6421,1102.92235,1128.66431
1785551322465588100,1.0156970000025467,20.675457345987382,82.9845016523517,0,0.0,0,0,46.30031904761905,42.56877282132548,2.1166914310170966,21,1035.6803619047619,1024.4613,1148.1781,1173.6137800000001
1785551323487778900,1.0221897000010358,19.565839882733833,78.53086124808209,0,0.0,0,0,50.35886,50.37661018466073,2.107727386264564,20,1019.4425800000001,1002.66885,1110.50368,1137.5274559999998
1785551324516498500,1.0287261999983457,20.413594987698154,81.93347206976506,0,0.0,0,0,51.767919047619046,44.73457383146305,2.0991380455993864,21,1036.4340571428572,1022.8274,1116.0417,1144.26514
1785551325558745200,1.0422432999985176,19.18937737477271,77.01986426788656,0,0.0,0,0,52.107965,46.553937801202,2.1718998660952344,20,1027.87877,1004.09155,1131.09406,1157.2237719999998
1785551326595573500,1.0368306000018492,20.254031854347804,81.29303800914987,0,0.0,0,0,49.37670952380953,49.43936325082378,2.1732149350902157,21,1052.4129095238095,1026.8792,1191.457,1211.42252
1785551327602724700,1.0071414999983972,20.85109192703649,83.68944123058591,0,0.0,0,0,47.94896190476191,49.02492250208537,2.2569503265656947,21,1049.106142857143,1026.9143,1187.6083,1207.57078
1785551328619979100,1.006788200000301,18.871893810430358,75.7455894149109,0,0.0,0,0,52.997394736842104,46.55775842017781,2.403003400451263,19,1037.691252631579,1022.9073,1121.8890800000001,1140.4937360000001
1785551329643555300,1.034052499999234,20.308446621439003,81.5114410294085,0,0.0,0,0,49.243166666666674,54.785092851891136,2.3761781489833216,21,1050.3523142857143,1030.5365,1217.1589,1245.62106
1785551330665302100,1.021746999998868,20.553033187299075,82.4931312498039,0,0.0,0,0,48.654738095238095,44.987093580175596,2.3536217454706483,21,1036.4299999999998,1021.4173,1142.5378,1171.41636
1785551331688827400,1.0235244000068633,19.54032556514128,78.42845514915103,0,0.0,0,0,51.175995,53.50159375589198,2.321367395527378,20,1036.45204,999.8229,1176.744485,1202.9520969999999
1785551332711944800,1.0231191999992006,20.525467609264304,82.38249206452763,0,0.0,0,0,48.72069047619048,44.8346225000156,2.3284686722532206,21,1032.6767333333332,1018.3873,1135.3666,1163.57076
1785551333726306800,1.0143450999967172,19.717155433653428,79.13819221905818,0,0.0,0,0,48.20286,58.47214047959664,2.337345610897345,20,1066.084815,1026.97215,1231.3937449999999,1240.345709
1785551334751329700,1.0250345000022207,19.51153839208014,78.31291288227477,0,0.0,0,0,52.141769999999994,55.52687161358619,2.364846193809576,20,1034.91021,1019.55405,1136.418175,1166.072995
1785551335774761700,1.0234306999991531,20.519220304821204,82.35741743438979,0,0.0,0,0,47.80466666666667,50.85874244305824,2.28231329454926,21,1031.4581523809525,1017.6712,1157.4865,1186.1281800000002
1785551336797959300,1.0231979000018327,19.54656083633887,78.45348148178981,0,0.0,0,0,52.094885,52.60186080153914,2.2661701665723917,20,1036.2332549999999,1023.1393499999999,1113.73722,1138.9801639999998
1785551337822131500,1.0241733999937424,20.5043403784245,82.29769429230929,0,0.0,0,0,48.12865238095238,54.56434486361601,2.2892808558572835,21,1039.0134904761903,1018.2011,1189.4879,1213.46198
1785551338844161800,1.0220284000024549,19.568927830138538,78.54325525573182,0,0.0,0,0,50.16879,56.68163087769868,2.3112866007173425,20,1039.88971,1021.13275,1143.1016300000001,1168.410086
1785551339873435000,1.02927279999858,20.40275425526544,81.88996092689545,0,0.0,0,0,49.66822857142857,52.32281948096971,2.304272034989902,21,1020.9926904761904,999.9272,1143.9661,1172.8873800000001
1785551340893168000,1.0197344000043813,19.612950195574523,78.71994658575322,0,0.0,0,0,49.721109999999996,55.28797843349902,2.2940418246973544,20,1028.83089,1011.9956,1127.2290950000001,1150.6902189999998
1785551341917595400,1.0244288999965647,20.499226447116456,82.2771686500475,0,0.0,0,0,50.02074761904762,51.74005059254019,2.2971887995932367,21,1016.0631809523809,1016.1063,1112.8611,1147.4518200000002
1785551342942283400,1.0246904000014183,19.518090537368476,78.33921104353948,0,0.0,0,0,50.377335,53.071769886777155,2.2963353877405903,20,1017.031855,999.9067,1089.994155,1124.515711
1785551343965078400,1.0227879000012763,20.532116189459998,82.40917728386778,0,0.0,0,0,50.236242857142855,51.94875875774677,2.2991742396270376,21,1020.3167428571429,1019.3978,1125.455,1155.0044400000002
1785551344996803900,1.0317359999971814,19.384803864607456,77.80424207376626,0,0.0,0,0,53.38603500000001,52.09608012064949,2.334688911691843,20,1019.8099,1001.88445,1108.535645,1136.2261689999998
1785551346011648600,1.0148408000022755,20.692900797793026,83.05451394426693,0,0.0,0,0,46.38150952380953,45.731906350248565,2.343326603797803,21,1024.031038095238,1013.607,1146.5897,1179.93802
1785551347038053200,1.026400900002045,19.485563584326698,78.20865852693626,0,0.0,0,0,49.991665,51.228173632395055,2.331932649952345,20,1014.3663199999999,1000.04225,1086.37975,1120.0074699999998
1785551348061424600,1.02337489999627,20.520339125062126,82.36190801172397,0,0.0,0,0,49.71801904761905,53.8194715511925,2.3356477796853885,21,1022.0230952380953,1015.1325,1133.0055,1169.34326
1785551349095475200,1.0340534999995725,19.341359030270937,77.62986876407574,0,0.0,0,0,54.03622,51.53761710226404,2.3555657957150653,20,1015.352965,997.31035,1092.77483,1122.763366
1785551350108804800,1.0133239999995567,20.72387508833225,83.17883458305228,0,0.0,0,0,46.56052857142858,54.50257525845125,2.382708071320237,21,1031.551619047619,1017.2736,1159.0874,1195.4318
1785551351142820500,1.0340224000028684,19.341940754808135,77.63220361548969,0,0.0,0,0,53.479395,55.116256913378585,2.358712323450893,20,1016.76882,993.4811500000001,1114.8984899999998,1149.6424980000002
1785551352158393100,1.0155651999957627,20.678140605928228,82.99527137730958,0,0.0,0,0,46.447271428571426,43.361167197714394,2.351484350065198,21,1025.8715238095238,1016.6405,1111.4475,1146.34654
1785551353182473200,1.0240886000028695,19.529560235260856,78.38524664738488,0,0.0,0,0,53.214095,57.31212501049315,2.3261013745973056,20,1017.4721750000001,993.5488,1127.6004200000002,1160.675924
1785551354211762100,1.0292880999986664,20.402450975608488,81.8887436618661,0,0.0,0,0,49.013419047619045,47.30595637529823,2.3221126838712567,21,1027.2960476190476,1013.8261,1141.5721,1178.3041
1785551355234637900,1.0228769000023021,19.552694952789516,78.47810181246574,0,0.0,0,0,51.144645000000004,47.48418387317563,2.3263395254290025,20,1012.8189150000001,988.36005,1110.880185,1143.2407569999998
1785551356258310100,1.0236662999959663,20.514497742167297,82.33846261748788,0,0.0,0,0,46.622280952380954,49.994139987408715,2.2753145877078653,21,1028.0142476190476,1010.5456,1136.6539,1171.8634200000001
1785551357279241700,1.0209330000070622,19.589924118293414,78.62752746697845,0,0.0,0,0,49.9904,47.9783026784312,2.2915455702868597,20,1000.51512,980.16455,1090.46499,1124.798598
1785551358310482000,1.0312442999929772,20.36374891976907,81.73340630883875,0,0.0,0,0,52.236533333333334,64.09718568067815,2.2190221516757314,21,1031.984842857143,1013.5463,1155.7021,1191.30226
1785551359330931600,1.0204505000001518,19.59918682973552,78.66470495137986,0,0.0,0,0,51.022845000000004,55.39940248957161,2.073764272536539,20,1018.919075,985.56525,1160.6539,1195.2673399999999
1785551360350597600,1.0196580000047106,19.6144197367231,78.72584484173042,0,0.0,0,0,49.040655,61.780977262000874,2.08236726806271,20,1045.420085,1014.7528,1197.18349,1228.9634979999998
1785551361374006900,1.0234123999980511,20.519587216297154,82.35889009666143,0,0.0,0,0,47.709628571428574,43.93250563520299,2.077538051873655,21,1004.1045904761905,980.5154,1092.2038,1128.94612
1785551362397397900,1.0232697000028566,19.54518930829689,78.44797661826193,0,0.0,0,0,50.02662,61.672484372091695,2.0769495666978215,20,1026.400075,1008.29745,1124.498965,1159.269953
1785551363421247400,1.0239708999943105,20.508395307050897,82.31396944529217,0,0.0,0,0,50.12128095238096,59.18156499331206,2.0745649704095563,21,1021.255780952381,1013.1392,1151.3161,1186.33834
1785551364445422600,1.0241744000013568,19.527924150392263,78.37867993956269,0,0.0,0,0,49.987265,54.86601514379586,2.093179814194713,20,1019.01109,1005.6181,1104.564235,1138.320927
1785551365470636800,1.0252154000045266,20.483500345300392,82.21404923748497,0,0.0,0,0,49.952285714285715,50.76055755399349,2.091350801670957,21,1012.8313142857144,1017.053,1092.7161,1129.9661
1785551366504147400,1.033509699998831,19.351535839501675,77.67071513706239,0,0.0,0,0,54.42928500000001,61.00147939237362,2.111711893264752,20,1025.8084000000001,1006.7741000000001,1131.131845,1164.529969
1785551367525587600,1.0214424000005238,20.55916222000304,82.51773117598876,0,0.0,0,0,48.64177142857143,43.28207682446792,2.1260741661212306,21,1019.0786142857144,1018.8954,1134.008,1168.4502400000001
1785551368547898800,1.0223121999952127,19.56349537850928,78.52145117741519,0,0.0,0,0,51.11683,50.0870790054481,2.1177090768609745,20,1023.5009400000001,1001.5749000000001,1122.617445,1156.6083689999998
1785551369566695400,1.0187895000053686,20.612697716151708,82.73260509119484,0,0.0,0,0,46.09939523809524,43.99526660761901,2.1419763816414314,21,1021.9060904761906,1017.1414,1127.7218,1162.4435600000002
1785551370590565100,1.023868999996921,19.53374894645716,78.40205875970598,0,0.0,0,0,50.12192,62.06440575259492,2.150149039951332,20,1026.416455,1002.9934000000001,1140.6602300000002,1175.2893259999998
1785551371613472400,1.0229094000023906,20.52967740833247,82.39938881664692,0,0.0,0,0,50.04280952380952,55.40508228044522,2.165708664048962,21,1017.8992666666667,1016.0787,1119.7297,1155.74298
1785551372637955400,1.0244793999954709,19.52211044954971,78.35534565200128,0,0.0,0,0,49.842155,56.907533133528624,2.164130310048597,20,1017.033885,997.4691,1111.807535,1145.807427
1785551373661023500,1.0230709000024945,20.526436633031786,82.38638140796937,0,0.0,0,0,50.26062380952381,61.25776355795978,2.168621474619694,21,1032.600361904762,1016.2936,1152.7644,1186.89224
1785551374691056800,1.030039700002817,19.416727335796185,77.93237241222883,0,0.0,0,0,53.470119999999994,57.11571168044559,2.176802508815583,20,1020.26317,1001.4409,1120.386655,1155.616531
1785551375714530400,1.0234746999994968,20.5183381670405,82.3538768227895,0,0.0,0,0,48.73768571428572,43.31022026980797,2.161754507607608,21,1021.2308666666667,1015.5921,1124.8255,1161.90094
1785551376733981200,1.0194405000002007,19.61860451884741,78.74264118404575,0,0.0,0,0,47.931895,45.767136676480625,2.1195601338792343,20,1015.7699150000001,997.1079,1098.720245,1128.433889
1785551377764541400,1.030565499997465,20.377161859242968,81.7872414467662,0,0.0,0,0,49.75601428571428,56.63645632115665,2.10314135222417,21,1025.3420333333333,1016.659,1121.1484,1157.2663200000002
1785551378781916300,1.0173737000004621,19.658459816673968,78.90260727200196,0,0.0,0,0,50.140765,58.71811090340441,2.083115487259003,20,1017.25725,992.6124,1134.6908,1168.0274399999998
1785551379808472200,1.0265583000000333,20.456704699576555,82.10650030787073,0,0.0,0,0,49.874719047619045,58.56909869576805,2.0510310288308955,21,1026.3480476190477,1014.2476,1132.8131,1168.63662
1785551380831591100,1.0231168000027537,19.548110245033772,78.45970029989141,0,0.0,0,0,49.850155,51.10886063110753,2.0089059071748347,20,1008.3688,989.4712,1081.206605,1114.1025209999998
1785551381857753500,1.0261678999959258,20.464487341772603,82.13773727996622,0,0.0,0,0,52.024571428571434,60.79798533437719,1.977317023162612,21,1027.608661904762,1013.1951,1131.5657,1166.3605
1785551382883485700,1.025731599998835,19.498278107082513,78.25969044932532,0,0.0,0,0,51.28633,56.31221250755377,1.9489438871578177,20,1021.2120849999999,990.94895,1150.491955,1185.782631
1785551383909066200,1.0255803000036394,20.476212345269776,82.18479759673708,0,0.0,0,0,48.833999999999996,56.073201967134,1.9499010345205143,21,1042.566519047619,1015.4488,1184.6459,1215.0011
1785551384927756000,1.0186811000021407,19.633229673111604,78.8013417543835,0,0.0,0,0,47.880035,47.321981051596495,1.9464914874718702,20,1008.875445,983.5669,1117.73297,1149.260354
1785551385950339400,1.0225844999949913,19.558285892361912,78.50054200938229,0,0.0,0,0,49.85689,59.79922799356368,1.945798759452091,20,1026.631665,1009.4092,1122.622695,1155.8254989999998
1785551386980922500,1.0305920000027982,20.37663789350488,81.7851384202198,0,0.0,0,0,53.20022857142857,72.11905412887182,1.9276807142629864,21,1030.3861000000002,989.0787,1200.6059,1237.01214
1785551387998364100,1.0174359000011464,19.65725801495452,78.89778363424129,0,0.0,0,0,46.65936,44.444923348512575,1.9206321047776291,20,1019.727235,1005.0627999999999,1118.927445,1152.260209
1785551389030439800,1.0320792999991681,20.347273702725097,81.66728019355483,0,0.0,0,0,53.156352380952384,60.930549713740646,1.9188754761917064,21,1021.6203809523809,1015.2365,1145.4863,1182.29318
1785551390045922300,1.015480199996091,19.6951156704749,79.04973184145689,0,0.0,0,0,48.788695000000004,49.109306061065936,1.9093763282260474,20,1025.5923950000001,1005.5388,1130.891335,1163.2329069999998
1785551391070190400,1.0242689000006067,20.50242861028736,82.29002108230571,0,0.0,0,0,48.15029523809524,53.35326220655561,1.9231908448951949,21,1027.5378571428573,1018.2485,1172.2099,1204.6351000000002
1785551392098456700,1.0282693000044674,19.450157658030935,78.06655075635463,0,0.0,0,0,54.05642,60.43244022784626,1.9283927302971173,20,1025.2291,1006.0458,1130.8975249999999,1165.791025
1785551393122843300,1.0243826000005356,20.50015297017835,82.28088740960256,0,0.0,0,0,48.77549047619048,43.2366230011307,1.9346665952782964,21,1017.3150333333333,1013.6169,1132.0784,1166.238
1785551394147514300,1.024675999993633,19.518364829589327,78.34031196251185,0,0.0,0,0,51.23931,48.52547559994593,1.9306437297410506,20,1022.77122,1002.14015,1122.55087,1150.488014
1785551395180153100,1.0326361000043107,20.33630240111917,81.62324498886699,0,0.0,0,0,46.05199523809524,40.571927317622915,1.915675906192123,21,1016.1677952380953,1013.3591,1122.5967,1159.15758
1785551396189281900,1.0091238999957568,19.81917185796917,79.54765267212235,0,0.0,0,0,50.157655,59.74338031657588,1.8860265336252124,20,1023.0084650000001,1000.77125,1126.34685,1157.94385
1785551397213452700,1.024174000005587,20.504328365966565,82.29764607824471,0,0.0,0,0,50.10208095238096,66.72843465897144,1.8590696318182576,21,1030.721138095238,1012.1354,1187.7642,1221.4146
1785551398243336900,1.0298865999939153,19.419613771184288,77.94395761676506,0,0.0,0,0,53.66975,57.58771447938765,1.8650495638934061,20,1020.10304,998.71965,1122.57251,1157.1572219999998
1785551399261507600,1.0181682000038563,20.62527586298655,82.78308964538547,0,0.0,0,0,46.34419523809524,48.19944220809486,1.8928941732351228,21,1018.5790142857143,1009.775,1146.1815,1180.2695800000001
1785551400286225900,1.0247189000001526,19.517547690392966,78.33703223390145,0,0.0,0,0,50.234065,54.07554451770786,1.873512553930734,20,1014.79043,998.6180999999999,1095.747125,1130.937025
1785551401308775500,1.022546300002432,20.53696737247991,82.42864834071527,0,0.0,0,0,49.938428571428574,55.924032607745154,1.8829374084661747,21,1021.198161904762,1012.003,1117.1691,1152.5554200000001
1785551402334844500,1.0260732999959146,19.491784846247956,78.23362863093662,0,0.0,0,0,49.87135,52.13742100033132,1.8805735164005737,20,1012.247625,994.7743499999999,1087.198275,1122.170055
1785551403359575900,1.0247290000042995,20.493223086212932,82.25307312923354,0,0.0,0,0,49.94725714285714,57.23707952286325,1.882226214276213,21,1024.3150952380952,1014.2145,1130.6921,1163.9526600000002
1785551404381446600,1.0218724999940605,19.571913325895597,78.55523805608486,0,0.0,0,0,50.207875,51.06180287800755,1.8689402315591634,20,1009.2882750000001,989.55605,1100.359555,1130.594711
1785551405408382000,1.0269351000024471,20.44919878573627,82.07637403259383,0,0.0,0,0,49.70400476190476,50.93111611970109,1.8471737268228632,21,1017.4012523809523,1012.9204,1085.8617,1122.4346600000001
1785551406431111200,1.0227274999997462,19.55555120988236,78.48956589122706,0,0.0,0,0,50.097755,48.29970226555805,1.8377963936037616,20,1004.2916499999999,984.2251,1088.8301099999999,1122.470902
1785551407462812200,1.03170659999887,20.354624076285837,81.69678218118632,0,0.0,0,0,52.22303333333333,59.57403988300888,1.83462427856502,21,1027.2261095238096,1013.0357,1124.6389,1161.8380200000001
1785551408488010200,1.0251946999997017,19.508489460593015,78.3006754717161,0,0.0,0,0,51.256764999999994,49.71237820459942,1.8492489790883406,20,1016.16321,994.56915,1119.578725,1153.905265
1785551409512042300,1.0240350000021863,20.507111573291112,82.30881695920554,0,0.0,0,0,48.766157142857146,42.42055379408161,1.870658885217542,21,1023.1375666666668,1012.1236,1101.5776,1136.02256
1785551410530069500,1.0180265000017243,19.64585401260785,78.85201171076001,0,0.0,0,0,50.900725,40.84252788524127,1.8580149601098046,20,1005.299205,984.9590499999999,1080.076785,1112.183517
1785551411552032600,1.021957699995255,19.570281627207134,78.5486889529505,0,0.0,0,0,46.841584999999995,56.75651532692107,1.8551849604364505,20,1036.98329,1010.8407500000001,1168.8130600000002,1201.7113319999999
1785551412573895900,1.0218645999993896,20.550667867359866,82.48363763168852,0,0.0,0,0,50.00446666666667,55.204540810374766,1.8685547410192815,21,1009.3088333333333,980.1367,1133.3502,1168.2459600000002
1785551413604026300,1.030133800006297,19.414953669006632,77.92525349571999,0,0.0,0,0,54.35037,58.48792462860311,1.8816633871103254,20,1027.73678,1011.84715,1117.374695,1150.845019
1785551414626446000,1.0224220999953104,20.539462126353023,82.43866146417082,0,0.0,0,0,48.689190476190475,39.55543375741068,1.891357778389417,21,1015.8900428571429,1012.2308,1124.4712,1160.69888
1785551415654736500,1.0282880000013392,19.449803945950894,78.06513107212712,0,0.0,0,0,51.41194,47.51144947684661,1.9151174600409933,20,1024.175245,1007.68345,1109.59684,1142.382328
1785551416679147100,1.0244101999996928,20.49960064826209,82.27867057066132,0,0.0,0,0,48.77209523809523,42.18947138590949,1.9235615934669528,21,1018.6404761904762,983.2663,1152.9615,1188.42078
1785551417692571500,1.0134204999994836,19.73514449333736,79.21039440196928,0,0.0,0,0,46.964205,51.063511203335125,1.9137279930814683,20,1024.997605,1005.79355,1139.463255,1169.2986509999998
1785551418717938300,1.025364900000568,20.48051381511925,82.20206228529308,0,0.0,0,0,50.03106666666666,55.86735894733466,1.9287031061815836,21,1010.4426904761905,978.8635,1118.6348,1152.49584
1785551419742032400,1.0240947999991477,19.529442000893518,78.38477209343003,0,0.0,0,0,50.039210000000004,56.62986550178643,1.9445862741497468,20,1020.749035,999.7496,1123.307495,1154.821579
1785551420767780100,1.0257475000034901,20.47287465962973,82.17140122175604,0,0.0,0,0,49.77261428571428,53.531573257268334,1.9619713179496425,21,1013.0998142857143,978.8256,1130.9145,1166.15362
1785551421789992900,1.022216199999093,19.56533265665105,78.52882540901936,0,0.0,0,0,50.209545000000006,54.265367692581115,1.9536919987125902,20,1014.9228049999999,999.64525,1087.5169,1122.5985
1785551422815606500,1.0256111999988207,20.475595430338657,82.1823215026288,0,0.0,0,0,49.76532857142857,47.08316916379082,1.9416018427356374,21,1011.4387523809525,1011.8843,1099.1557,1135.0142600000001
1785551423838390500,1.0227876999997534,19.554400194688323,78.48494609391504,0,0.0,0,0,50.31341,58.48682169569573,1.9357119732103745,20,1022.9245450000001,1001.49755,1123.00222,1155.6825239999998
1785551424860796400,1.0224013999977615,20.539877977520355,82.44033055430533,0,0.0,0,0,49.83057142857143,49.24015750490795,1.9422429732275603,21,1021.2147380952381,1013.5916,1128.2977,1165.22178
1785551425887209500,1.0264122000007774,19.485349063451167,78.20779751053155,0,0.0,0,0,50.24543,50.345084710019634,1.966147338187454,20,1008.9579900000001,994.6538,1089.28879,1122.6435179999999
1785551426908714800,1.021506600001885,20.55787011063976,82.51254507297794,0,0.0,0,0,49.73818571428571,48.06598633401052,2.0035147948526846,21,1013.4713,1008.1018,1101.5952,1137.4552
1785551427937309200,1.028601099998923,19.44388354243539,78.0413685150483,0,0.0,0,0,53.553565000000006,54.913716867744576,2.0118209037453645,20,1015.263765,993.93385,1106.2105450000001,1139.9856289999998
1785551428959598800,1.0222846000033314,20.542224738523466,82.44974968294086,0,0.0,0,0,46.71933333333333,48.88540909658355,2.0048246379658985,21,1029.3630904761903,1015.7281,1145.5435,1178.44966
1785551429983257500,1.0236587999970652,19.537760042757743,78.41815798411555,0,0.0,0,0,49.981595,49.92484795884895,1.9813391221032546,20,1008.1205,990.9657500000001,1077.99784,1112.773008
1785551431008952600,1.0256900000022142,20.474022365387853,82.17600773607819,0,0.0,0,0,50.32379047619048,54.66090030197001,1.9797116768959493,21,1020.3817952380953,1011.3937,1102.7889,1138.9068200000002
1785551432036763400,1.0278195999999298,19.458667649460438,78.10070706961172,0,0.0,0,0,53.094615,53.98060159012558,1.9803177647236174,20,1014.8375550000001,992.1041,1115.64112,1146.193424
1785551433061984200,1.0252194999993662,20.483418428944223,82.21372045211011,0,0.0,0,0,48.8191,47.38198813650605,1.9773182990375633,21,1028.1920523809524,1014.678,1115.802,1150.17112
1785551434079255500,1.01726790000248,19.660504376429493,78.91081346398947,0,0.0,0,0,47.706425,45.58359454599376,1.9594961715800876,20,1008.13483,985.14975,1107.945745,1139.946989
1785551435110496500,1.0312473999947542,20.363687704916224,81.73316061250554,0,0.0,0,0,52.11549523809524,49.1822765921066,1.952178022870577,21,1020.2617666666667,1012.8365,1095.3785,1129.1485
1785551436132898000,1.0223996999993687,19.561821076446275,78.51473107831464,0,0.0,0,0,51.11848,45.42061200146912,1.9504701669704747,20,1008.12505,986.1973,1108.599175,1144.735275
1785551437156786300,1.0238893999994616,19.533359755468233,78.40049667477973,0,0.0,0,0,51.195350000000005,56.40657882508033,1.9532436207376243,20,1037.8475700000001,1016.2674999999999,1160.3538,1192.81796
1785551438175618300,1.0188280000002123,20.61191879296174,82.72947874909448,0,0.0,0,0,45.76618571428571,48.41633116133735,1.9891901114163117,21,1021.9624285714285,986.7282,1167.3438,1200.64172
1785551439203241100,1.0276267000008374,19.462320315328224,78.11536767187403,0,0.0,0,0,54.268335,53.69074714622892,1.9956985589252914,20,1021.5892550000001,1006.1609000000001,1094.727505,1126.8588609999997
1785551440226634000,1.0233915999997407,20.520004268166087,82.36056400601818,0,0.0,0,0,48.733399999999996,50.85570154103667,1.9975748625231997,21,1025.4203761904762,990.6882,1175.4478,1211.43484
1785551441253427300,1.0267955000017537,19.478075235006234,78.17860274987854,0,0.0,0,0,51.340025000000004,46.67934982958203,2.017349559896802,20,1023.2068299999999,1006.9766999999999,1102.0728750000003,1135.512495
1785551442271343600,1.017908100002387,20.630546117032328,82.80424271582311,0,0.0,0,0,45.783947619047616,42.759384482001366,2.0456599756518936,21,1012.5837476190476,1012.175,1111.4246,1145.9133199999999
1785551443293776000,1.0224357999977656,19.56113039082132,78.51195889284729,0,0.0,0,0,50.085775,55.6600018724386,2.0316512526748944,20,1019.040095,1003.5360499999999,1098.324485,1132.924017
1785551444317509600,1.023733900001389,20.51314311265018,82.33302557909398,0,0.0,0,0,50.092971428571424,52.41784892125146,2.019089013490002,21,1012.8851999999999,986.4793,1125.035,1160.2301200000002
1785551445342382300,1.024868599997717,19.514696810932204,78.32558973919078,0,0.0,0,0,49.98482,57.21680406702029,2.013413960511819,20,1020.96426,1001.68795,1115.68772,1148.5519439999998
1785551446368373700,1.0259963999997126,20.46790807453699,82.15146697885451,0,0.0,0,0,50.00004761904762,61.20716402208665,1.9998821169300929,21,1022.3149428571428,1017.2808,1152.6457,1186.7039399999999
1785551447399378600,1.0310070999985328,19.398508506904037,77.85924801110897,0,0.0,0,0,54.055499999999995,56.66780522087058,2.017067362909508,20,1021.776245,1000.37435,1121.188245,1152.347409
1785551448414296700,1.0149101999995764,20.691485808309704,83.0488346407743,0,0.0,0,0,46.07961904761905,46.250367331866876,2.0717006313625204,21,1031.8672523809523,1015.4125,1176.0093,1211.53474
1785551449443109100,1.028812000004109,19.439897668301032,78.02537052413793,0,0.0,0,0,50.12666,65.5022542162795,2.0832376316296943,20,1031.006535,1001.3190999999999,1166.86946,1200.372692
1785551450461894500,1.0187856999982614,20.612774600228327,82.7329136786508,0,0.0,0,0,49.91157619047619,62.180886061432936,2.102997813274082,21,1030.8503952380952,1013.1038,1170.9534,1204.05028
1785551451494832900,1.0329445000024862,19.36212448970091,77.71321450456128,0,0.0,0,0,53.852374999999995,53.63763589203186,2.1276235913395505,20,1017.108905,997.5725500000001,1104.75293,1137.2935459999999
1785551452509113700,1.014268799997808,20.70457062274358,83.10135279245715,0,0.0,0,0,46.64646190476191,41.647719106638675,2.166692306194939,21,1020.8540952380953,1015.1868,1113.2588,1149.75808
1785551453533898900,1.024787300004391,19.516244980704098,78.33180358466196,0,0.0,0,0,49.777555,60.627761320298035,2.1690216622038156,20,1022.71408,1001.42165,1135.799345,1169.284109
1785551454558721400,1.0247942999994848,20.491917255990355,82.24783195519566,0,0.0,0,0,49.78382857142857,53.546904505892236,2.1733696570096557,21,1026.6078666666667,1015.2414,1114.5388,1148.67728
1785551455583854900,1.0251688999996986,19.508980422646335,78.30264603230121,0,0.0,0,0,50.00755,52.65642938940675,2.1678414922417164,20,1010.4587100000001,990.9121,1086.044,1120.8641599999999
1785551456616164100,1.0323127999945427,20.342671329960275,81.6488077794304,0,0.0,0,0,52.40975238095238,53.123812411983565,2.1487385873572786,21,1024.4518476190476,1015.614,1098.1323,1135.00838
1785551457629823200,1.0136570000031497,19.730540014953633,79.19191353658147,0,0.0,0,0,47.93161,44.14751653538396,2.1179055448822344,20,1008.2636699999999,987.9331999999999,1102.9684100000002,1135.4236019999998
1785551458658851500,1.0290221000032034,20.407724965221473,81.90991172564478,0,0.0,0,0,49.742961904761906,56.06624971868973,2.098208105497588,21,1025.4211904761905,1012.7448,1132.1998,1165.6441200000002
1785551459678627100,1.019779499998549,19.612082808125145,78.71646517714292,0,0.0,0,0,49.972905000000004,55.419812699245455,2.0800955167374657,20,1015.566185,994.26175,1117.281835,1148.395247
1785551460709518400,1.030897399999958,20.370601380894797,81.7609098393336,0,0.0,0,0,51.938961904761904,59.819578117757366,2.069365905128135,21,1030.7605714285714,1013.9849,1138.4382,1174.12996
1785551461739461200,1.0299404999968829,19.41859748214633,77.93987856603653,0,0.0,0,0,51.494415000000004,39.37515509768318,2.0841246208984283,20,1003.5859350000001,982.78105,1074.4559,1108.7045399999997
1785551462750552000,1.0110867000039434,19.780697342692765,79.39322859225318,0,0.0,0,0,46.406684999999996,53.24152273440518,2.052409615549905,20,1036.83796,1011.67665,1168.676615,1202.975643
1785551463776028600,1.0254767999940668,20.478278982149085,82.19309239905542,0,0.0,0,0,50.01695238095238,54.65837115532825,2.051729004804617,21,1012.7502095238096,988.1483,1123.5116,1159.9237600000001
1785551464798919000,1.0228931000019656,19.552385288317584,78.47685892088406,0,0.0,0,0,51.967535,52.3878816195951,2.0629192524479274,20,1022.97425,1010.6197999999999,1099.5710000000001,1128.6288399999999
1785551465830860100,1.0319438000005903,20.3499454136824,81.67800356468229,0,0.0,0,0,51.12350952380952,58.24353972616967,2.0615529788205054,21,1024.0348571428572,987.8775,1167.3219,1204.6182999999999
1785551466848605300,1.017746099998476,19.651266656811504,78.87373628856962,0,0.0,0,0,50.888455,48.822415818205506,2.052314644562815,20,1025.248315,1004.5161,1136.90898,1167.573156
1785551467876925900,1.0283169000031194,20.421720191447108,81.96608397153088,0,0.0,0,0,48.955799999999996,45.59522886766773,2.0456321447440473,21,1019.4555142857143,985.7969,1159.4558,1193.9613200000001
1785551468893803500,1.01687210000091,19.668156890116368,78.94152814294753,0,0.0,0,0,48.909845000000004,46.8560093147807,2.010560171971877,20,1021.3344950000001,1003.02265,1113.65012,1148.531384
1785551469922971600,1.0291770999974688,20.404651444393437,81.89757562154007,0,0.0,0,0,50.86167142857143,51.708569972569755,1.9920275890963486,21,1020.7055857142857,1013.2973,1147.8383,1183.43206
1785551470949739700,1.026766499999212,19.478625373943682,78.18081082705912,0,0.0,0,0,51.336425,48.17544298707508,1.9930069166377955,20,1021.60785,1002.8361500000001,1110.9974650000001,1145.149813
1785551471982804700,1.0330623000045307,20.32791245978863,81.58957051731569,0,0.0,0,0,45.91707619047619,42.17877288601347,1.970015795001927,21,1015.0857095238094,1011.8121,1129.9436,1166.70864
1785551472991397800,1.0085891999988235,19.829678921827966,79.58982457882122,0,0.0,0,0,50.169394999999994,62.35433070409173,1.9174183538596499,20,1024.12505,999.9877,1135.03931,1169.472022
1785551474015528300,1.0241347999981372,20.50511319412073,82.3007961209338,0,0.0,0,0,50.00315714285714,55.160761167278785,1.925721081162509,21,1017.6115571428572,1013.7492,1119.1435,1153.65998
1785551475039124200,1.023593099998834,19.539014086772156,78.42319130530622,0,0.0,0,0,50.131825,55.65433942940143,1.9189979020894068,20,1017.0048300000001,998.8041,1104.0196200000003,1136.897524
1785551476060917600,1.0217937999987043,20.55209182129176,82.48935291553626,0,0.0,0,0,49.87849047619048,51.47535329870893,1.928029279742617,21,1013.8759380952381,1011.6529,1114.2795,1150.83654
1785551477086496600,1.0255785000044852,19.50118884113945,78.27137318074524,0,0.0,0,0,50.386825,53.60326542031671,1.933558118462069,20,1019.38917,1007.6428,1086.6306550000002,1121.6857309999998
1785551478108893900,1.0223964999968302,20.539976418214565,82.44072566295104,0,0.0,0,0,50.27616666666667,53.5339703628671,1.92102403303117,21,1034.5308761904762,1022.621,1131.177,1160.973
1785551479145683000,1.0367946999976994,19.2902220661857,77.42462176955392,0,0.0,0,0,53.229724999999995,47.63574841776836,1.925943210992512,20,1021.7956899999999,1000.83775,1105.1361900000002,1131.594678
1785551480170594200,1.0249097000050824,20.48960996261023,82.23857123664848,0,0.0,0,0,48.80408571428571,50.942106626535235,1.916109423052851,21,1037.8871666666666,1025.3553,1164.1498,1195.33876
1785551481185335400,1.0147452999954112,19.709379289650755,79.10698132857871,0,0.0,0,0,50.741165,43.59663006480728,1.873337575995135,20,1017.1963250000001,997.39335,1106.16674,1135.877268
1785551482213642900,1.0283061000009184,20.421934674880607,81.96694483765556,0,0.0,0,0,48.96590952380953,48.26789308326918,1.838390056791603,21,1037.4088904761904,1020.1055,1147.2617,1176.52642
1785551483237885300,1.024240999999165,19.526654371399214,78.37358346333083,0,0.0,0,0,51.21018,43.540115213233925,1.796851971527574,20,1015.56548,1003.0145500000001,1087.0447199999999,1116.142384
1785551484258916000,1.021023300003435,20.567601150658707,82.55160227461649,0,0.0,0,0,46.97988095238095,44.72252943123431,1.8110339341983313,21,1030.8728380952382,1021.8509,1117.1701,1147.31106
1785551485298421000,1.0395129999960773,19.23977862717972,77.22215835713736,0,0.0,0,0,53.69884499999999,48.688969233195174,1.859890804153239,20,1013.01241,995.30115,1079.722005,1110.853201
1785551489387798400,1.0223037999967346,19.56365612654857,78.52209636729944,0,0.0,0,0,50.127478947368424,36.41666990130541,0.0,20,1003.5699500000001,996.7064,1038.323665,1040.572733
1785551490411425100,1.0236332999993465,19.538246753024513,78.42011147942456,0,0.0,0,0,53.927485000000004,52.10522294035887,0.07211420579487557,20,1027.62299,1009.57455,1107.5890000000002,1136.60732
1785551491424131100,1.0127038000064204,20.736566802520997,83.2297749593372,0,0.0,0,0,46.22190476190476,37.20164927407757,2.7478931757891334,21,1023.639980952381,1020.4076,1121.8954,1153.12772
1785551492457974500,1.033843599994725,19.34528588279895,77.6456298616247,0,0.0,0,0,53.780985,48.963331874483536,2.5471584366616127,20,1017.663155,1004.7806,1087.4644600000001,1118.1830519999999
1785551493472587000,1.014608199999202,20.69764466718928,83.07355427944135,0,0.0,0,0,46.42492857142857,45.42810877731036,2.7359939749829665,21,1029.2850904761904,1020.2464,1146.8194,1177.1521200000002
1785551494495133500,1.0225477999993018,19.558987853686308,78.50335945180736,0,0.0,0,0,49.97495,53.8255746359577,2.5408786294114614,20,1021.0749599999999,1002.4312500000001,1110.851785,1140.064437
1785551495519720800,1.0245869000063976,20.496065292137615,82.2644808112164,0,0.0,0,0,50.06575714285715,54.94764234839901,2.485830099026127,21,1027.631119047619,1021.5094,1118.9894,1148.82628
1785551496555226900,1.0355103999972926,19.314146917358137,77.5206482718183,0,0.0,0,0,53.58431,48.93992108238857,2.4937739173495133,20,1016.290295,998.8607,1093.884265,1123.166533
1785551497571618600,1.0163891999982297,20.661376567201398,82.9279860265603,0,0.0,0,0,46.85214285714286,48.06792816404272,2.542046634686019,21,1033.874838095238,1021.7818,1130.0094,1160.3518
1785551498593373100,1.0217554999981076,19.57415448219955,78.56423332210953,0,0.0,0,0,49.560655000000004,50.067075476304524,2.4541544287928136,20,1015.167085,993.09015,1111.8128199999999,1141.6476839999998
1785551499624266600,1.0308954000065569,20.370640900974465,81.76106845996587,0,0.0,0,0,52.09194285714286,53.69247846872568,2.3835741873289176,21,1033.5007333333333,1021.9609,1113.7281,1144.54682
1785551500649318300,1.0250508999961312,19.51122622308364,78.31165993835327,0,0.0,0,0,51.252655000000004,45.0568247908592,2.338543810225973,20,1018.7866700000001,994.9029,1123.16165,1152.00137
1785551501663977000,1.014655600003607,19.71112168496276,79.11397473163764,0,0.0,0,0,48.83917,43.34788901007268,2.254372858215363,20,1028.073465,1018.5255500000001,1097.797315,1127.4269029999998
1785551502697131400,1.0331598999982816,20.325992133487688,81.58186295765078,0,0.0,0,0,51.002880952380956,44.682478876016035,2.207365079014838,21,1020.2988904761904,990.9763,1142.6025,1172.18946
1785551503721392100,1.024258600002213,19.526318841703443,78.37223675722768,0,0.0,0,0,51.211325,50.14465020901112,2.173500576157374,20,1036.84807,1017.09435,1136.57341,1165.9627619999999
1785551504747095300,1.0257034999958705,20.47375289260936,82.17492616076609,0,0.0,0,0,48.84352380952381,40.77251182752792,2.169841762520602,21,1020.2751619047618,989.5865,1135.6674,1166.67476
1785551505761608000,1.0145072000013897,19.714004986827696,79.12554735924007,0,0.0,0,0,46.939955,44.12219732865671,2.114856504233205,20,1025.5342,1013.64795,1105.4117700000002,1134.738194
1785551506785944300,1.0243365999995149,20.50107357289581,82.28458240683767,0,0.0,0,0,50.78221904761905,55.064241005798124,2.1173336112202397,21,1023.5681476190477,997.7601,1154.6057,1185.4849
1785551507808969800,1.0229999000002863,19.550344042061393,78.46866602819564,0,0.0,0,0,49.023235,51.87776681777307,2.095176182729721,20,1026.24563,1010.48065,1118.8886949999999,1147.370379
1785551508843130900,1.0341909999988275,20.305726891864083,81.50052492730605,0,0.0,0,0,52.87315238095238,50.914542330680135,2.063260623575208,21,1018.3572714285715,993.4655,1119.7185,1149.15818
1785551509866628500,1.0234987000003457,19.54081622184107,78.43042448414725,0,0.0,0,0,51.17521,47.47059559778365,2.0464651031108043,20,1029.37185,1012.0405000000001,1121.75556,1151.428392
1785551510880770900,1.0141376000028686,20.70724919373919,83.11210369752743,0,0.0,0,0,46.18360952380952,45.207405653298714,2.098795923794416,21,1026.655942857143,1018.8005,1157.9334,1189.5614
1785551511906391700,1.0256208999999217,19.500382646259965,78.2681373790317,0,0.0,0,0,49.79069,54.24542774003024,2.0906692501006248,20,1025.51203,1009.8018999999999,1111.324905,1140.3022609999998
1785551512929006300,1.0226141999955871,20.535603749772516,82.42317520660649,0,0.0,0,0,50.26560952380952,51.460490218223775,2.097239508260211,21,1020.244080952381,1017.5138,1138.077,1168.1189200000001
1785551513962703200,1.033699899999192,19.347975171532504,77.65642378417832,0,0.0,0,0,53.735935,55.003022730404034,2.116783269605737,20,1026.99411,1008.247,1123.417565,1152.777353
1785551514977299700,1.0145940000002156,20.697934346147857,83.07471695573017,0,0.0,0,0,46.22460952380953,45.64574821185326,2.15290250276173,21,1029.2034095238096,1021.3101,1137.6137,1169.20634
1785551516001552200,1.0242519000021275,19.5264465703783,78.3727494182176,0,0.0,0,0,50.103655,56.06306577575195,2.1415751226281836,20,1028.2179899999999,1011.4817,1125.3934600000002,1155.116452
1785551517024404700,1.0228529000014532,20.530811419677416,82.40394036608808,0,0.0,0,0,49.870966666666675,50.93114468672714,2.14336982930288,21,1027.7297,1025.6219,1111.0804,1141.37872
1785551518055712700,1.0313124999956926,19.392764074985546,77.83619174627988,0,0.0,0,0,53.64116,48.86259663106224,2.152096768442337,20,1020.88858,1007.8315,1092.896985,1121.746357
1785551519072363100,1.0166461000044364,20.656155568696285,82.90703065170091,0,0.0,0,0,46.603361904761904,44.604877506159305,2.1728854291696793,21,1037.1257476190476,1023.8062,1152.459,1183.69876
1785551520107299300,1.0349401999992551,19.324788040907478,77.5633582501267,0,0.0,0,0,53.65588,49.168209498335514,2.206149258458085,20,1017.5838,1001.4920500000001,1094.2425050000002,1123.754901
1785551521120417400,1.013113399996655,20.728183044533154,83.1961253056946,0,0.0,0,0,46.495514285714286,45.45931976266567,2.2430721276861907,21,1029.8995952380953,1021.7667,1133.3856,1165.4956000000002
1785551522146713500,1.0262946000002557,19.4875818307872,78.21675910599158,0,0.0,0,0,49.906144999999995,50.13206767752211,2.210636140798775,20,1016.6972149999999,997.7079000000001,1105.77079,1135.1355179999998
1785551523178712400,1.032004100001359,20.348756366348105,81.67323111883859,0,0.0,0,0,52.232795238095235,58.869422114307156,2.170723500288461,21,1038.8315952380954,1023.4924,1139.5688,1170.5591200000001
1785551524202064400,1.023352000003797,19.543617445342164,78.44166767612919,0,0.0,0,0,51.16512,42.13368918945103,2.135211628742927,20,1015.39066,995.17695,1107.239025,1137.2001249999998
1785551525226230600,1.0241660999963642,20.504486528185762,82.29828088949559,0,0.0,0,0,48.77135714285714,39.82356903408547,2.1435209104078035,21,1030.0800952380953,1020.1887,1110.7056,1142.4968800000001
1785551526240935000,1.0146999999997206,19.710259189913774,79.1105129595172,0,0.0,0,0,47.781034999999996,44.35096113339686,2.122522244326266,20,1016.6295700000001,994.49755,1116.3429199999998,1144.6106639999998
1785551527280273100,1.0393422999986797,20.20508546609397,81.09658326723263,0,0.0,0,0,52.30312380952381,61.57988649176698,2.0651581228164373,21,1042.3293333333334,1022.2622,1160.4094,1189.66876
1785551528289079500,1.008802399999695,19.825488123349082,79.57300408883273,0,0.0,0,0,47.791669999999996,43.24353189630122,2.0104231841252633,20,1019.407985,993.4704,1129.5385600000002,1156.5985119999998
1785551529314190300,1.0251104000053601,19.510093741996396,78.30711453086444,0,0.0,0,0,50.177785,60.39142304322322,2.0183040085489705,20,1040.337525,1025.07865,1150.913765,1177.149953
1785551530346488500,1.0323040000002948,20.34284474340311,81.64950380408865,0,0.0,0,0,52.70984285714286,57.37918969691513,2.0154709907471524,21,1024.4365952380952,992.6661,1160.035,1191.6677200000001
1785551531360976000,1.0144855999969877,19.714424729202054,79.12723206740279,0,0.0,0,0,48.83939,52.596175925860855,1.99425704530044,20,1039.0830899999999,1018.49005,1158.88995,1189.0551099999998
1785551532397077200,1.0361028999977862,20.268257139367982,81.35013363554923,0,0.0,0,0,51.13308571428571,51.08672130127638,1.9923008467091028,21,1025.8701333333333,987.8521,1163.8802,1193.9315600000002
1785551533410191800,1.0131098999991082,19.74119490888166,79.2346787846715,0,0.0,0,0,46.945544999999996,49.07518062117041,1.9871144370077174,20,1029.81129,1013.4566,1136.95069,1165.870058
1785551534432374200,1.022181600004842,20.54429467317796,82.45805772144669,0,0.0,0,0,50.15319047619048,52.57766473047187,1.9945733755335575,21,1022.1628761904761,992.8373,1126.8354,1157.6175600000001
1785551535458180600,1.0258108999987599,19.496770798618126,78.25364060773487,0,0.0,0,0,49.824985,61.566252129566415,2.001220047240436,20,1039.22063,1018.5159,1159.997255,1187.944811
1785551536480419900,1.0222353999997722,20.54321343205751,82.45371797437144,0,0.0,0,0,50.033195238095246,61.6900941408787,2.028957465824266,21,1034.3585238095238,1021.8803,1179.3003,1208.7755
1785551537513695900,1.0332808000021032,19.3558227346906,77.68792132771324,0,0.0,0,0,53.864755,55.802259952145455,2.05189037647262,20,1031.196115,1012.9448,1125.9106199999999,1154.643484
1785551538529484100,1.0157821999964654,20.673723166317618,82.97754122418496,0,0.0,0,0,46.299752380952384,46.707457663103646,2.085195382056003,21,1032.629257142857,1021.6293,1161.1465,1191.45818
1785551539563066400,1.0335898000048473,19.350036155451807,77.66469589737005,0,0.0,0,0,53.854885,50.94485552998277,2.129670170702584,20,1024.636095,1007.6362999999999,1102.5707599999998,1131.606712
1785551540586630200,1.0235621999963769,20.516584141222033,82.3468367386939,0,0.0,0,0,48.739604761904765,42.432239153378134,2.1357534776652054,21,1026.953138095238,1021.4139,1145.0725,1174.83922
1785551541609844100,1.0232134999969276,19.546262827904492,78.45228537371823,0,0.0,0,0,51.16122,46.34345227629079,2.0976438017908516,20,1026.0155,1006.6148000000001,1119.33206,1147.687052
1785551542624780200,1.014931700003217,20.691047486183983,83.0470753595861,0,0.0,0,0,46.354661904761905,44.5615986687358,2.126934595045282,21,1034.642780952381,1022.5995,1156.0876,1187.1932800000002
1785551543648788900,1.0240085999976145,19.531085969440678,78.39137044375116,0,0.0,0,0,49.945845000000006,50.058287357150235,2.1195575245747706,20,1027.539585,1009.95625,1137.032815,1138.264243
1785551544650270500,1.0014859000002616,20.9688423970767,84.16205298045432,0,0.0,0,0,50.85990476190476,55.61976356711233,2.179400702899478,21,1033.8845714285715,1022.2145,1129.1232,1161.0786400000002
1785551545708183200,1.05791290000343,18.90514805135201,75.87906102642263,0,0.0,0,0,52.895444999999995,41.01770874904585,2.2738373956730906,20,1014.4115949999999,1006.6578999999999,1055.32507,1081.363734
1785551546731238600,1.0230538999967393,20.526777719206123,82.38775041595427,0,0.0,0,0,48.716138095238094,44.29943643166892,2.2804597071036814,21,1030.400314285714,1021.9835,1119.4005,1150.06074
1785551547746879500,1.0156379000036395,19.692057572810477,79.03745764087017,0,0.0,0,0,47.62799,47.80309314104552,2.2580245857929206,20,1024.1342,1002.13345,1131.5881399999998,1160.600988
1785551548770075600,1.0231958000003942,20.52393100127259,82.37632462424838,0,0.0,0,0,50.13053333333333,55.89559205153241,2.24443319548343,21,1032.8588571428572,1020.4122,1134.287,1165.2849999999999
1785551549801657000,1.0315864000003785,19.387615036406704,77.8155251949527,0,0.0,0,0,53.256769999999996,52.8729999972536,2.2390472893430653,20,1023.1669599999999,999.4704999999999,1124.1957400000001,1152.8605079999998
1785551550824131200,1.0224747999964166,20.538403489331568,82.43441244253198,0,0.0,0,0,48.68962380952381,47.59748517794721,2.217189403100177,21,1034.3430952380954,1022.0072,1128.801,1160.18188
1785551551852160900,1.0280291000017314,19.45470220635419,78.08479108214428,0,0.0,0,0,51.401284999999994,50.49700737298853,2.1887365519418327,20,1025.82621,997.7869000000001,1140.0019699999998,1169.421114
1785551552874692300,1.0225311999965925,20.537270647653568,82.42986558775017,0,0.0,0,0,48.69190952380952,48.23562751158012,2.1922816919829984,21,1033.829,1019.9596,1137.2435,1163.2155
1785551553900684200,1.0259915000060573,19.49333888232205,78.23986602181995,0,0.0,0,0,51.299345,43.52051612068757,2.209833261916519,20,1013.4594649999999,993.9666,1098.3280600000003,1127.137532
1785551554913617800,1.0129305999944336,19.744689320383753,79.24870420583713,0,0.0,0,0,48.7379,51.0548296227332,2.192209381397807,20,1039.32237,1020.25295,1151.636675,1180.5710149999998
1785551555937158400,1.0235407000000123,20.51701510257457,82.34856647615379,0,0.0,0,0,47.98846666666667,50.73829326747534,2.1938461327870344,21,1025.989338095238,1007.9719,1143.593,1173.33452
1785551556961213600,1.0240577000004123,19.530149521840368,78.38761185035538,0,0.0,0,0,50.32887,58.21619617253477,2.2107464036722653,20,1035.699785,1021.53755,1126.6878,1155.6057999999998
1785551557996690500,1.0354780000052415,20.280488817622103,81.39922757854184,0,0.0,0,0,52.71006666666666,53.30512838536582,2.2155220089102636,21,1022.9955333333334,991.4967,1143.4409,1174.2921800000001
1785551559019350800,1.0226605999996536,19.556830487071444,78.4947004901012,0,0.0,0,0,51.133105,45.615478575951954,2.2353774463905003,20,1032.56379,1017.34475,1119.8392749999998,1147.408655
1785551560031353300,1.0119965999983833,20.751057859318447,83.28793730644416,0,0.0,0,0,46.03552380952381,42.910291168703395,2.274244358434037,21,1029.761780952381,1005.3216,1169.7837,1199.4929000000002
1785551561069841700,1.0384941000011167,19.258655393399437,77.29792350280438,0,0.0,0,0,54.188055,58.763811133244744,2.327979955406642,20,1034.89559,1016.7748,1139.34751,1166.315502
1785551562080537600,1.0106941999983974,20.777798071892864,83.39526374558561,0,0.0,0,0,46.28509523809524,42.30444240320958,2.388200319320856,21,1026.905780952381,1023.5867,1143.1155,1173.7011
1785551563116946900,1.036410300002899,19.297376724202813,77.45333821921247,0,0.0,0,0,53.754774999999995,58.39451716585687,2.4383581555819487,20,1033.98259,1016.4181,1138.91924,1167.7360079999999
1785551564129192000,1.012239599993336,20.746076324358633,83.26794305968161,0,0.0,0,0,46.10041904761905,45.72876141987249,2.4917585362317904,21,1035.417519047619,1020.5978,1171.8256,1201.9600799999998
1785551565165895800,1.0367104000033578,19.291790648512084,77.43091754432096,0,0.0,0,0,54.04411,56.13289667650943,2.515561042686968,20,1027.2431199999999,1008.44525,1121.648115,1151.648583
1785551566178705100,1.0128034000008483,20.734527549949387,83.22159006864452,0,0.0,0,0,46.01246666666667,38.69286972967156,2.546044211786239,21,1023.167657142857,1019.1373,1134.2514,1165.66748
1785551567211668300,1.0329676999972435,19.361689625003155,77.71146910035446,0,0.0,0,0,53.974965,54.56006447747844,2.5593970681857106,20,1026.482705,1007.1196,1120.562185,1149.3355569999999
1785551568226308100,1.014635100000305,20.69709593132909,83.0713518337525,0,0.0,0,0,46.255985714285714,42.938748492641075,2.5650418651986806,21,1034.7645333333332,1020.2551,1167.0321,1195.5621800000001
1785551569248549300,1.022241300001042,19.56485225159619,78.52689722076204,0,0.0,0,0,50.39227,49.27645105811967,2.5388848721975092,20,1017.9155000000001,1005.7465,1083.742215,1113.117963
1785551570280708300,1.0321658000029856,20.345568512286743,81.66043611865089,0,0.0,0,0,51.896971428571426,51.97109605631906,2.503519461976244,21,1030.4301333333333,1024.41,1118.8654,1148.0647600000002
1785551571297369300,1.0166549999994459,19.672356895909527,78.95838558807438,0,0.0,0,0,47.720565,46.84197572076246,2.4879386737152833,20,1023.105655,1004.58005,1117.728165,1145.744273
1785551572332543000,1.0351760999983526,20.286403443852134,81.42296694749245,0,0.0,0,0,52.2528619047619,64.93677420703524,2.472441183008918,21,1049.805723809524,1027.8522,1182.0867,1211.45022
1785551573345079800,1.0125330000009853,19.752442636418305,79.27982347234301,0,0.0,0,0,47.6276,47.17594954826029,2.4266274914050574,20,1025.1264150000002,1005.0047500000001,1126.423475,1155.594935
1785551574376688600,1.0316154999964056,20.356421554419423,81.70399666861702,0,0.0,0,0,51.98405238095238,55.31706623977467,2.4150996596367955,21,1036.7377619047618,1022.5919,1134.8735,1164.94902
1785551575394716900,1.0180212000050233,19.645956292365337,78.85242222814604,0,0.0,0,0,47.816019999999995,42.57836700777817,2.3185166079630792,20,1014.16328,996.9805,1102.034275,1130.497415
1785551576427693300,1.03298189999623,20.32949464078378,81.59592087267707,0,0.0,0,0,52.12749047619048,53.90132944367796,2.18473740020446,21,1034.328919047619,1022.5569,1116.2996,1145.9844
1785551577441886400,1.0141881000017747,19.720207720801497,79.15044309813882,0,0.0,0,0,47.961005,55.51836372520997,2.1609880616247232,20,1032.26282,1001.28045,1174.5684800000001,1203.840336
1785551578474929600,1.0330472999994527,20.32820762419216,81.59075521038065,0,0.0,0,0,51.8093,49.484268240936935,2.161749090644532,21,1028.9598952380952,1021.3019,1093.0705,1123.25994
1785551579498008000,1.023080500002834,19.548803833075304,78.46248413470654,0,0.0,0,0,51.15544,41.84622100966698,2.1525737594792616,20,1010.77808,992.1062999999999,1087.2016950000002,1118.180739
1785551580523958500,1.0259493999983533,19.49413879479056,78.24307660799728,0,0.0,0,0,51.296749999999996,49.71502800717516,2.1375537667124043,20,1036.237445,1016.6168,1134.7017649999998,1163.664833
1785551581548530300,1.0245694999975967,20.496413371712958,82.26587788841822,0,0.0,0,0,48.77408095238095,43.413443311267294,2.131751672595822,21,1024.8583809523811,992.5428,1161.9988,1193.3792
1785551582572106000,1.023578300002555,19.53929660285889,78.42432523217778,0,0.0,0,0,51.194605,47.72184733422446,2.120919545037864,20,1033.90702,1018.75185,1124.007255,1153.087211
1785551583592321200,1.0202168999967398,20.583858197278545,82.61685272540511,0,0.0,0,0,48.58324285714286,41.06577319752511,2.127878415155096,21,1024.3843095238096,996.6118,1151.6022,1181.6197200000001
1785551584609961600,1.0176332000046386,19.653446841070863,78.88248683281373,0,0.0,0,0,47.471325,52.26060258908813,2.1102766972850353,20,1035.746715,1013.3480500000001,1154.618825,1183.243845
1785551585645499800,1.035540899996704,20.279256956501516,81.39428329220823,0,0.0,0,0,52.55225714285715,49.61048504177894,2.111349630971326,21,1015.2778428571428,985.2773,1124.6177,1156.26394
1785551586667849400,1.0223532000018167,19.562710812627632,78.51830218740191,0,0.0,0,0,51.123895,51.55427559058486,2.1006485693347643,20,1037.536995,1014.83335,1152.465045,1180.757489
1785551587691216300,1.0233657999997376,20.520521596486205,82.36264039214679,0,0.0,0,0,48.73147619047619,37.8910262300311,2.1078080441930966,21,1027.355661904762,1021.1726,1141.7303,1173.4593399999999
1785551588704923600,1.013702899996133,19.729646625334006,79.18832776379176,0,0.0,0,0,47.105515000000004,49.42250211980768,2.1078384974627884,20,1028.832275,1010.6403,1138.82339,1168.270198
1785551589741226200,1.0363075000059325,20.26425554179602,81.33407253591959,0,0.0,0,0,52.75791428571428,58.65056096666328,2.089611265277278,21,1029.7638666666667,1025.4321,1150.3331,1180.85526
1785551590764215800,1.0229902999999467,19.550527507446592,78.46940239805224,0,0.0,0,0,51.149585,47.23295626284319,2.04081038930835,20,1028.949605,1006.2964,1132.36731,1161.604662
1785551591777891500,1.013669399995706,20.716813588423364,83.15049203947268,0,0.0,0,0,45.99389523809524,35.86038274813134,2.0343591631410596,21,1023.6175047619048,1019.0655,1129.4447,1161.1175
1785551592799149400,1.0212590000010096,19.58367074364116,78.60242847301286,0,0.0,0,0,50.093375,60.789415410881446,1.9773556947882276,20,1032.548185,1010.8669,1148.17871,1176.166622
1785551593826157400,1.0270109999983106,20.44768751263087,82.07030827823525,0,0.0,0,0,50.053914285714285,55.207134440525756,1.933203769008302,21,1022.8646333333332,1019.2351,1118.7227,1149.60454
1785551594848974700,1.022816700002295,19.55384576723779,78.48272080405012,0,0.0,0,0,50.332544999999996,47.14775673818008,1.8835676869481632,20,1016.368275,999.11655,1087.4776600000002,1115.490652
1785551595885257100,1.0362845999989077,20.264703345029094,81.33586987116169,0,0.0,0,0,52.16762380952381,51.27375897503425,1.8178525786863995,21,1028.508342857143,1023.324,1114.9612,1146.86096
1785551596898825900,1.0135556000022916,19.7325139340701,79.19983620022276,0,0.0,0,0,47.294085,54.708614875108296,1.7457758356842301,20,1038.744595,1017.5899,1176.013145,1205.918309
1785551597920212700,1.0213951999976416,20.560112285674034,82.52154442785184,0,0.0,0,0,50.1954,54.24966315804182,1.728466479693488,21,1031.1018333333334,1021.7085,1121.3544,1152.56576
1785551598945677700,1.0254641999999876,19.503362477208118,78.28009744270055,0,0.0,0,0,49.993775,47.050598176194995,1.6919865556036982,20,1016.9286050000001,1000.7691500000001,1077.50543,1108.801166
1785551599976917200,1.0312458999978844,20.363717324881563,81.73327949732737,0,0.0,0,0,51.99042857142857,55.521081104271936,1.6827080540824715,21,1033.0464666666667,1021.4845,1129.3463,1158.88814
1785551600993895400,1.0169712999995681,19.66623836878041,78.93382782781981,0,0.0,0,0,47.803219999999996,46.209020750163624,1.681732934878235,20,1019.1002500000001,1001.0165999999999,1108.2941499999997,1137.7069099999999
1785551602029777100,1.035887800004275,20.272465801714564,81.36702582524107,0,0.0,0,0,52.227738095238095,58.57036020412949,1.6762082662434235,21,1035.8898523809523,1022.775,1134.6104,1165.45512
1785551603042096000,1.0123137999980827,19.756719704935247,79.2969902219569,0,0.0,0,0,47.640125,47.13386063023476,1.672667131497387,20,1019.6393850000001,996.6737,1121.882495,1151.285299
1785551604072913900,1.0308244000043487,20.372043967829445,81.76669990994046,0,0.0,0,0,51.92229047619047,56.064252460305795,1.684832372480497,21,1033.5781571428572,1023.564,1112.9016,1142.68544
1785551605089790600,1.0168713999955798,19.668170429502627,78.94158248560136,0,0.0,0,0,48.035465,49.34236883719258,1.6824408421705381,20,1022.6403899999999,999.70615,1132.35909,1161.7420579999998
1785551606112153400,1.022362499999872,19.562532858944362,78.51758793970832,0,0.0,0,0,50.425574999999995,63.33598012305714,1.6930028967457666,20,1043.1421249999999,1026.55325,1154.2872550000002,1184.622731
1785551607137386200,1.0252338999998756,20.483130727536953,82.21256571306336,0,0.0,0,0,49.61288571428571,55.605222129412326,1.7138572963283663,21,1026.2084952380953,1010.6576,1140.267,1164.72676
1785551608170065300,1.0326647000038065,19.367370647923064,77.73427086226934,0,0.0,0,0,54.30168,56.59929996605035,1.763788637285901,20,1039.008595,1024.95895,1130.6097450000002,1159.653069
1785551609186701200,1.0166513999938616,20.65604788438475,82.90659844220833,0,0.0,0,0,46.00730476190476,48.670393014310825,1.8152618469414206,21,1035.7992857142858,998.2414,1191.3918,1220.3338800000001
1785551610208934800,1.0222310000026482,19.56504938702523,78.52768845768915,0,0.0,0,0,49.978735,56.22889811338608,1.8130972654663118,20,1030.9293149999999,1016.8665000000001,1119.68314,1147.5681479999998
1785551611233933800,1.025000200002978,20.48780088036957,82.23131017413958,0,0.0,0,0,49.98020952380952,52.653108616281195,1.8076293197562743,21,1023.4565333333334,1002.5351,1128.0448,1159.0888
1785551612262098600,1.028161899994302,19.45218938779081,78.07470545294944,0,0.0,0,0,51.856825,53.12922383580062,1.8184304094878425,20,1028.783415,1014.7458,1113.58618,1138.711476
1785551613286678000,1.024579700002505,20.49620932363647,82.26505890639247,0,0.0,0,0,48.07619523809524,56.97614062508513,1.82168615181723,21,1035.4008619047618,1023.6116,1184.8326,1216.63708
1785551614305123600,1.0184488000013516,19.63770785529273,78.819315708255,0,0.0,0,0,50.461825,55.54409204920353,1.7914295768824022,20,1024.6360650000001,1008.5695000000001,1120.459415,1151.6378829999999
1785551615335776300,1.0306570999964606,20.375350832078016,81.77997257796939,0,0.0,0,0,52.11707619047619,53.28826133976323,1.793968844483084,21,1025.6448952380952,1017.3414,1136.8349,1168.13106
1785551616366336000,1.0305528000026243,19.407059977857582,77.8935708095651,0,0.0,0,0,51.52126,46.65869660077936,1.8359824766326096,20,1031.99776,1016.8942,1127.0258949999998,1148.675179
1785551617389330600,1.0230000000010477,20.52785923751563,82.39209127557544,0,0.0,0,0,48.71933809523809,42.695940705721384,1.8485527192146445,21,1043.3902238095238,1026.588,1179.6829,1210.12378
1785551618410974100,1.0216447999991942,19.576275433512482,78.57274612474248,0,0.0,0,0,51.082655,56.16998478075255,1.8354655898491232,20,1056.800315,1036.7068,1197.398345,1222.244949
1785551619423681100,1.0126922999988892,20.736802284388887,83.23072010628742,0,0.0,0,0,46.390457142857144,36.888685756279955,1.904205311985977,21,1031.0198285714287,1023.6236,1138.9572,1169.61272
1785551620447894600,1.02422469999874,19.526965127890982,78.37483073792181,0,0.0,0,0,50.147345,51.04589580431232,1.9282242429693217,20,1030.9029150000001,1016.2193,1123.14457,1144.410434
1785551621472255100,1.0243533000029856,20.500739344461323,82.28324092357035,0,0.0,0,0,50.458819047619045,65.74332537174872,1.932079778814961,21,1065.3633761904762,1028.0087,1213.8553,1240.62378
1785551622498154500,1.0258983000021544,19.495109797879575,78.24697389578618,0,0.0,0,0,49.48623,51.733878589058776,1.8970038351237721,20,1031.269875,1015.7253499999999,1130.315135,1155.3865469999998
1785551623539578200,1.041432399993937,20.164534923363494,80.93382669435933,0,0.0,0,0,52.4808,50.503995573399926,1.8760984737543553,21,1033.3141285714287,1020.9672,1134.3809,1159.2860200000002
1785551624566659900,1.0270804000028875,19.472672246441245,78.1569169266343,0,0.0,0,0,51.35081,49.12757457510524,1.8846188915023565,20,1035.89751,1015.28265,1136.119995,1161.251599
1785551625574116800,1.0074528000041028,20.84464899984841,83.66358143493844,0,0.0,0,0,46.197514285714284,51.27687976820827,1.9607813376709087,21,1055.6357476190476,1031.5158,1205.5461,1233.66658
1785551626602539600,1.0284316999968723,19.447086277154646,78.05422324131406,0,0.0,0,0,53.28968999999999,53.672245759246444,1.9945446643777167,20,1024.237985,1003.1927000000001,1123.923025,1150.0354849999999
1785551627628554400,1.0260132999974303,20.467570936997205,82.15011381939308,0,0.0,0,0,48.85715714285714,42.921877294482016,2.014610527966745,21,1036.6971142857142,1025.048,1126.939,1160.2054
1785551628642728100,1.0141682000030414,19.72059467052903,79.15199618737726,0,0.0,0,0,47.7404,44.37969005454966,1.9818056460531532,20,1018.748645,997.95975,1118.3095449999998,1146.636949
1785551629666944300,1.0242159999979776,19.52713099584413,78.37549647746033,0,0.0,0,0,50.608225,60.438093401672944,1.978665527293065,20,1040.09969,1026.4023,1135.4803200000001,1164.223824
1785551630689477600,1.0225336000003153,20.537222444322147,82.42967211539455,0,0.0,0,0,49.53000000000001,50.68339600006101,2.00099450245817,21,1018.4036714285714,995.8919,1128.1694,1158.7902800000002
1785551631713714100,1.0242356000017026,19.52675732025596,78.37399666626172,0,0.0,0,0,52.019515,57.89625861178246,2.016176019639675,20,1040.995285,1023.9682,1144.338755,1172.628311
1785551632749240100,1.0355304999975488,20.279460624336714,81.3951007480702,0,0.0,0,0,51.102976190476184,46.99345601508687,2.016731215943632,21,1021.5455714285714,995.1394,1141.5501,1171.43634
1785551633768966800,1.0197293000019272,19.613048286405228,78.7203402901616,0,0.0,0,0,50.988245,47.167374211200766,2.028595455030751,20,1035.084705,1020.54785,1128.493915,1156.6916629999998
1785551634786118400,1.0171040999994148,20.646854142080524,82.86969777729585,0,0.0,0,0,45.79304761904762,45.62951572791036,2.0674819760253222,21,1030.8866952380954,1018.7515,1166.9776,1197.35688
1785551635819514300,1.0334433000025456,19.352779199353012,77.67570557552821,0,0.0,0,0,54.44454,56.73173526465913,2.1074826201152583,20,1033.04867,1015.83005,1119.210475,1148.310495
1785551636835694700,1.0161736999943969,20.665758226291228,82.94557256841497,0,0.0,0,0,45.90768571428572,41.75236617556286,2.140359210479424,21,1025.5946238095237,1019.4738,1135.5368,1166.46776
1785551637866085300,1.0303972000037902,19.409990632667125,77.90533349634948,0,0.0,0,0,54.125530000000005,59.019158150241886,2.15538732230338,20,1035.16745,1014.4861000000001,1139.2165799999998,1168.4717159999998
1785551638883393200,1.0172997999979998,20.642882265425875,82.85375596767612,0,0.0,0,0,46.13075714285714,43.50318478258312,2.155731266539388,21,1023.5687571428571,995.4302,1152.4359,1185.18166
1785551639906210100,1.022813399998995,19.553908855730334,78.48297402055827,0,0.0,0,0,49.925795,53.21814436896771,2.1277141393463843,20,1024.5448199999998,1009.50105,1113.3469049999999,1142.0400209999998
1785551640929872000,1.0236663000032422,20.514497742021483,82.33846261690263,0,0.0,0,0,50.06462857142857,53.47388985976373,2.1364584685483554,21,1021.5575476190477,1021.9074,1116.3786,1147.5601199999999
1785551641954819500,1.0249485000022105,19.513175539997246,78.31948385682487,0,0.0,0,0,49.800995,58.96117114690128,2.137349530480799,20,1033.977015,1013.721,1145.6804849999999,1173.669537
1785551642979373300,1.0245544999997946,20.496713449605863,82.26708230261728,0,0.0,0,0,50.05812380952381,62.202250191620124,2.128993849253138,21,1038.441761904762,1024.0899,1169.5578,1198.58268
1785551644013415200,1.034047199995257,19.34147686884287,77.63034172943769,0,0.0,0,0,54.07358000000001,54.32305266487845,2.154299988422826,20,1024.84498,1006.6235999999999,1112.683235,1141.7887269999999
1785551645025865000,1.012446100001398,20.741844923864097,83.25095960652484,0,0.0,0,0,46.116119047619044,44.40273882208866,2.206978186464383,21,1027.6937095238095,1021.9569,1146.1985,1176.01066
1785551646059431300,1.0335688999984995,19.35042743645734,77.66626637093718,0,0.0,0,0,53.868215,58.53236012345987,2.2430378672424327,20,1030.796665,1011.4549,1140.208885,1168.799857
1785551647081459100,1.0220298000058392,20.547346075310152,82.47030504836398,0,0.0,0,0,48.67740952380952,48.91950265738507,2.2349665010561997,21,1037.349980952381,1023.7254,1166.3392,1196.37944
1785551648106887400,1.0254290999946534,19.504030069074773,78.28277693739972,0,0.0,0,0,51.27386,44.72766990636839,2.232860846414056,20,1021.831615,1007.10845,1103.73389,1132.811338
1785551649130755900,1.0238662000047043,20.510492484177632,82.32238682614265,0,0.0,0,0,48.753352380952386,47.29019396408329,2.241490974184712,21,1035.1769857142858,1021.6509,1145.2054,1174.63876
1785551650159337500,1.0285835999966366,19.444214354638163,78.04269628668247,0,0.0,0,0,51.43134,43.26960440535839,2.212375099257084,20,1017.227485,1002.93695,1095.58092,1124.702904
1785551651180807900,1.0214689999993425,20.558626840377453,82.5155823378431,0,0.0,0,0,48.63979047619048,46.0449300816377,2.2245003990772365,21,1040.7213,1023.4881,1152.9889,1183.8565
1785551652207459500,1.0266516999981832,19.48080347018896,78.18955299069982,0,0.0,0,0,51.33242,41.25561362515409,2.2258455281937244,20,1015.111405,1001.2643499999999,1087.353055,1115.324931
1785551653227078800,1.019619500002591,20.595918379303885,82.66525833880759,0,0.0,0,0,48.55412380952381,45.814220844153894,2.2390241996826608,21,1033.013880952381,1022.5252,1113.1611,1143.14038
1785551654249210700,1.0221302999998443,19.566976930439345,78.53542498447823,0,0.0,0,0,51.106205,47.19448984744406,2.2596894226256197,20,1021.619825,999.6092000000001,1123.023035,1152.0054069999999
1785551655276980900,1.0277702000021236,20.43258308127304,82.00968404690644,0,0.0,0,0,48.93975238095238,47.57545252839556,2.2456759049459456,21,1032.4475190476192,1022.0322,1121.4546,1152.9874
1785551656290351700,1.0133265999975265,19.736973252304658,79.21773444040248,0,0.0,0,0,47.93211,45.45417605264843,2.167188248549999,20,1019.8098200000001,998.9426,1116.210545,1145.117069
1785551657314172100,1.0238590000008116,19.53393973192026,78.40282450995339,0,0.0,0,0,50.21585,62.58347215688904,2.155987043516797,20,1045.76718,1025.0991,1160.97623,1189.871886
1785551658338492400,1.024317900002643,20.501447841481454,82.28608459813357,0,0.0,0,0,50.03566666666667,51.3432889566332,2.1602610723285443,21,1017.882819047619,992.5458,1126.505,1156.853
1785551659374361000,1.0358479999995325,19.307852117307778,77.49538300989742,0,0.0,0,0,54.18199500000001,57.03629257537395,2.2099785759030466,20,1033.642185,1017.2891999999999,1126.40813,1156.016666
1785551660397424000,1.0230927000011434,20.525999256935886,82.38462592383448,0,0.0,0,0,48.71993809523809,48.52573263702956,2.2171843214637357,21,1032.2468142857144,998.5619,1179.1831,1208.62542
1785551661412581900,1.015153599997575,19.70145207587086,79.07516409358324,0,0.0,0,0,47.452515,45.799576514708136,2.1921667818496786,20,1029.144895,1015.46665,1117.463265,1145.8335329999998
1785551662434929100,1.0223415000000386,20.54108142924767,82.44516081465618,0,0.0,0,0,49.71354761904762,48.117634554741144,2.199968311270313,21,1018.9928904761904,988.2075,1130.7916,1157.24384
1785551663457056700,1.0221332000000984,19.566921414936992,78.5352021634678,0,0.0,0,0,50.322404999999996,60.502836457209746,2.2152715415959303,20,1043.18961,1027.5162,1155.05105,1183.07301
1785551664493297100,1.036244800001441,20.26548166994015,81.33899381196682,0,0.0,0,0,52.209466666666664,45.0706265884371,2.2040729629647378,21,1022.1349857142857,1021.9056,1122.5046,1151.9246
1785551665517969000,1.0246708999984548,19.518461976455228,78.34070187815527,0,0.0,0,0,51.23253,43.64761186661938,2.1803262632122933,20,1029.62165,1016.9294,1107.45083,1135.325046
1785551666541155800,1.0231867999973474,20.524111530811815,82.37704921058258,0,0.0,0,0,48.72278095238095,39.3281681045357,2.1617808321790415,21,1030.9593857142856,1024.5468,1143.9934,1176.08668
1785551667554589000,1.0134328999993159,19.734903021219758,79.20942521212227,0,0.0,0,0,46.802139999999994,45.01923938843317,2.11437881764467,20,1026.62465,1013.19785,1117.377945,1146.927429
1785551668582168800,1.0275822000039625,20.436321298596862,82.0246880246417,0,0.0,0,0,52.61953333333333,48.45905168025199,2.091942076130786,21,1022.1314619047619,1020.6482,1106.4188,1138.73912
1785551669602208800,1.020037999995111,19.60711267628839,78.6965166987747,0,0.0,0,0,47.613815,52.45338393112072,2.058887253038812,20,1032.8643200000001,1004.9429,1155.7202,1186.789
1785551670626651400,1.024436700005026,20.499070367058277,82.27654219590774,0,0.0,0,0,49.626285714285714,51.68319839687058,2.064549316007557,21,1031.4059142857143,1025.4249,1119.3657,1149.8222600000001
1785551671650866400,1.0242170999990776,19.527110023859212,78.37541230279429,0,0.0,0,0,50.56418,54.958039307865064,2.059960880014502,20,1024.9226350000001,1011.9368999999999,1109.427775,1136.834515
1785551672672944000,1.0220783999975538,20.546369045711426,82.46638357214253,0,0.0,0,0,49.86956190476191,56.799005362404685,2.0670414074937624,21,1033.3867142857143,1022.7582,1141.6426,1172.62932
1785551673699096600,1.0261490999982925,19.490345019094477,78.22784963718584,0,0.0,0,0,50.0147,51.11374668399676,2.070077295722482,20,1019.713485,1001.3859,1102.13475,1130.86351
1785551674722043700,1.0229522000008728,20.528818453083225,82.39594125212115,0,0.0,0,0,50.05452857142857,57.29961805188708,2.0468046295308326,21,1034.8056047619048,1022.7454,1152.1863,1177.95822
1785551675746984100,1.024936500005424,19.513404001022657,78.3204008244171,0,0.0,0,0,49.808859999999996,51.577290057976406,2.006217498084106,20,1018.805885,1000.27595,1113.220355,1142.6559909999999
1785551676770364700,1.0233786999961012,20.520262929138553,82.36160218628852,0,0.0,0,0,50.360523809523805,52.51354056165805,1.9831608446638163,21,1033.2128714285714,1022.8523,1119.2462,1149.6809200000002
1785551677801525300,1.0311682000028668,19.395477866699533,77.84708401575692,0,0.0,0,0,53.061054999999996,46.7753249185764,1.9944230675100894,20,1014.3449850000001,996.9596,1084.264315,1114.766383
1785551678821298900,1.0197669999979553,20.592939367563478,82.65330156316982,0,0.0,0,0,46.4599380952381,47.17895256280576,2.0074576351735978,21,1030.996519047619,1020.8041,1138.434,1168.9724
1785551679843641700,1.0223448000033386,19.562871547773987,78.51894732553816,0,0.0,0,0,50.01974,56.042532911506264,1.999849191019352,20,1019.1692999999999,998.85605,1128.9894700000002,1159.5349339999998
1785551680883006700,1.0393692999932682,20.204560592790276,81.09447659801565,0,0.0,0,0,52.637209523809524,51.22010979213052,1.961418352163816,21,1032.8628523809523,1025.0311,1100.8678,1131.5978
1785551681898708400,1.0157023000065237,19.690809009560716,79.03244631767046,0,0.0,0,0,50.785264999999995,46.20444425975624,1.9312234809844806,20,1023.6275149999999,1024.6375,1094.7142,1120.7365999999997
1785551682913621900,1.014911199999915,19.706157543636994,79.09405029721489,0,0.0,0,0,47.117115,54.91806419101742,1.9052090604745286,20,1049.21636,1034.4321,1171.333145,1200.797509
1785551683939155100,1.0255309999993187,20.47719669128866,82.18874843866836,0,0.0,0,0,49.57938095238095,56.18928023305352,1.8863303296833058,21,1029.6908047619047,1018.5331,1147.1956,1178.26208
1785551684986716900,1.047566299996106,20.04646388498567,80.45992828837021,0,0.0,0,0,52.596447619047616,53.48559489830527,1.8588537762499784,21,1028.3774428571428,1021.8664,1112.2995,1143.2011
1785551688456520500,1.026774199999636,18.504555334567947,74.27121330573658,0,0.0,0,0,56.26723333333334,54.11153848764605,0.0,19,1022.2420684210525,1018.7087,1096.31087,1122.481214
1785551691751445900,1.0038538000007975,19.923219895152172,79.96526735261273,0,0.0,0,0,51.276131578947364,33.619866721744096,0.0,20,1004.356685,997.5046,1040.08792,1045.3504639999999
1785551692758169800,1.0067292000021553,19.866315589095045,79.73687213982484,0,0.0,0,0,50.86179,46.6736191006158,0.16149980375285983,20,1027.457295,1021.36595,1089.8644300000003,1120.178246
1785551693770243100,1.0120698000027915,19.761482854191318,79.31610794016242,0,0.0,0,0,47.828985,38.950599788386135,0.32929592256682,20,1010.9378549999999,994.8945,1089.70121,1118.7120819999998
1785551694793305400,1.023062000000209,19.54915733356914,78.46390296969645,0,0.0,0,0,52.13311,59.37919884488968,0.6615268738424174,20,1036.511875,1020.2018,1148.50642,1174.986644
1785551695817284700,1.0239770999978646,20.50827113227805,82.31347104849881,0,0.0,0,0,48.09532380952381,42.751424614179875,1.4354040578856484,21,1013.8559619047619,986.7663,1126.462,1157.4100799999999
1785551696858965700,1.0416870999979437,19.199623380225674,77.06098837180421,0,0.0,0,0,54.578275,51.4327824995107,1.7459018150301029,20,1027.19274,1013.16425,1095.774865,1126.203213
1785551697876636000,1.0176716999994824,20.63533848883749,82.82347772375205,0,0.0,0,0,48.461890476190476,36.95433983793926,2.0349073932557644,21,1021.4999285714287,989.5793,1139.1771,1169.33606
1785551698901910800,1.0252754000030109,19.50695393641676,78.29451238151648,0,0.0,0,0,51.263825,50.49933467493851,1.9732357942629586,20,1033.83005,1013.7091,1138.1030050000002,1166.463241
1785551699914341300,1.0124241000012262,20.742295644655798,83.25276865188997,0,0.0,0,0,46.35684285714286,43.28239447749594,2.184648700822901,21,1026.9034761904763,1020.8477,1151.5925,1182.01898
1785551700937213200,1.0228687999988324,19.55284978877333,78.47872327329921,0,0.0,0,0,50.30451,51.91385165417293,2.125363910326983,20,1026.858625,1010.4638,1104.108185,1133.784437
1785551701974622500,1.0374167999980273,20.242587164618822,81.24710277986657,0,0.0,0,0,52.05171428571428,52.3438706860057,2.0527019053616065,21,1031.555357142857,1025.667,1150.0618,1178.86228
1785551702983892000,1.0092674999978044,19.81635195827024,79.53633452001043,0,0.0,0,0,46.968765000000005,49.454479586141424,1.963611354884731,20,1030.653495,1011.99035,1145.25312,1172.839904
1785551704009685700,1.025792200001888,20.471982532096998,82.167820514569,0,0.0,0,0,50.237523809523815,52.251702233591445,1.9703994497783153,21,1018.2802952380953,985.8009,1122.9421,1152.19562
1785551705033418500,1.0237290000004577,19.53642028309353,78.41278062843205,0,0.0,0,0,50.143915,49.513768275142425,1.9527169949391345,20,1023.104865,1009.33255,1101.97144,1123.571248
1785551706068608200,1.0351971999989473,20.285989954398403,81.4213073365014,0,0.0,0,0,52.22628571428571,46.68213412885368,1.9134569167675326,21,1027.8264238095237,1020.7749,1116.6329,1146.9477
1785551707081421300,1.0128076000037254,19.747087205829057,79.25832853120843,0,0.0,0,0,47.3241,41.57888198588064,1.8624532586567382,20,1019.12218,1004.6157499999999,1101.9704,1130.05088
1785551708105492700,1.024072599997453,20.506358631265236,82.30579489697277,0,0.0,0,0,50.117195238095235,55.97798298596937,1.8803510788662559,21,1027.9209476190476,1018.9144,1136.7983,1164.8448600000002
1785551709129594000,1.0241002999973716,19.529337116736837,78.38435112284024,0,0.0,0,0,49.803765,51.970954378659535,1.875831060767167,20,1020.637975,1003.6550500000001,1103.783485,1133.204377
1785551710151351300,1.021758900002169,20.552793814622433,82.49217048642403,0,0.0,0,0,49.97598571428571,54.13020087741487,1.9014610765146553,21,1027.563361904762,1022.658,1122.0814,1153.5598
1785551711177638200,1.0262872000021162,19.487722345127914,78.21732308444895,0,0.0,0,0,50.09828,60.36018814267878,1.9062537178769685,20,1030.3306850000001,1005.9449500000001,1155.372285,1183.373497
1785551712209677400,1.0320431000000099,20.347987404789393,81.67014475945743,0,0.0,0,0,52.123066666666666,54.622521131364245,1.8870808728475166,21,1035.0071095238095,1023.2135,1134.566,1160.94208
1785551713237683000,1.028005399995891,19.455150722048682,78.08659127697273,0,0.0,0,0,51.40054,41.950922909205524,1.8974271069426152,20,1016.0918600000001,1001.0137,1094.98399,1122.384878
1785551714257816900,1.0201342000000295,20.58552688459949,82.62355028877334,0,0.0,0,0,48.57859523809524,43.23703598374288,1.9252187080716634,21,1035.8205238095238,1022.262,1124.7963,1154.8285400000002
1785551715280738700,1.022920700001123,19.55185773440507,78.47474149258284,0,0.0,0,0,51.14366,52.810520063738494,1.9170856513917023,20,1028.209475,997.3952999999999,1155.96595,1185.28295
1785551716311637400,1.0308998000036809,20.37055395677157,81.76071949446401,0,0.0,0,0,49.09241904761905,46.76928207089156,1.903601837808159,21,1035.3325,1017.2773,1150.2301,1178.16258
1785551717327798300,1.0161607999980333,19.68192435689185,78.99678623713429,0,0.0,0,0,50.80772,41.5224994492409,1.8807717568380875,20,1016.4151099999999,994.052,1114.679055,1143.6070109999998
1785551718340209800,1.0124069000012241,19.754902895244804,79.28969814400014,0,0.0,0,0,49.034679999999994,47.07257997392626,1.8522465964754096,20,1034.5189500000001,1016.7764,1133.767175,1163.020715
1785551719374674600,1.0344669999976759,20.30030924142305,81.47878025610228,0,0.0,0,0,50.76677142857143,54.025585465695265,1.8348851633079004,21,1034.6587,1013.7268,1184.6079,1213.03622
1785551720387847000,1.0131733000016538,19.7399595902965,79.22972062120958,0,0.0,0,0,49.13001,49.92618974645313,1.810761723574196,20,1034.088585,1016.2511999999999,1144.405995,1173.3071989999999
1785551721421598100,1.0337529000025825,20.314332370866904,81.53506449635057,0,0.0,0,0,50.685971428571435,43.8296769441225,1.7967864375692433,21,1018.1590095238096,1016.8191,1119.7896,1149.64872
1785551722442734400,1.0211373999991338,19.586002823926503,78.61178867806437,0,0.0,0,0,51.058550000000004,45.69668075350654,1.8199819304042082,20,1029.1561649999999,1012.09305,1117.0106650000002,1146.367413
1785551723458620200,1.015880200000538,20.67172881210686,82.96953654078045,0,0.0,0,0,46.093333333333334,38.93142787240578,1.8881962799747753,21,1016.193780952381,993.1552,1116.1738,1152.61764
1785551724484980900,1.0263567000001785,19.48640272918423,78.21202657904999,0,0.0,0,0,49.89466,61.688950084660945,1.918004146837862,20,1035.0919099999999,1008.1717,1158.88844,1186.5424079999998
1785551725518546200,1.033573199994862,20.317864279089658,81.54924041704932,0,0.0,0,0,52.85389523809524,54.76465346452469,1.9023797554764421,21,1026.6358,1019.2197,1135.5618,1164.8234
1785551726543947700,1.0254016000035335,19.504553142818462,78.28487638377332,0,0.0,0,0,51.26959000000001,45.949043718139265,1.9003489688686588,20,1025.7062449999999,1005.1992,1117.1222,1145.9094799999998
1785551727555824600,1.011874899995746,20.753553626133314,83.29795449551554,0,0.0,0,0,46.12472857142858,40.10994202807009,1.8857258974645061,21,1022.9464619047619,1018.7675,1131.3652,1166.61048
1785551728581381000,1.0255539000063436,19.50165661685484,78.27325067897793,0,0.0,0,0,50.03876,46.76881378196373,1.867997199354307,20,1014.27017,1000.0831000000001,1073.3116850000001,1107.0919370000001
1785551729614684300,1.0333078999974532,20.32308085523372,81.57017804200252,0,0.0,0,0,52.44546666666667,55.50064697327711,1.8447104256975604,21,1028.501642857143,1019.5618,1128.1973,1159.05618
1785551730636144100,1.0214587000009487,19.579842043522095,78.58706132702716,0,0.0,0,0,51.072044999999996,42.64300266502021,1.7890986723173585,20,1021.6025149999999,1003.7478,1100.6742150000002,1130.185243
1785551731651571200,1.0154207999948994,20.681081183392624,83.0070738903747,0,0.0,0,0,46.59687619047619,41.16691962066028,1.8282341290049946,21,1035.6512809523808,1020.3707,1145.6318,1176.78892
1785551732676868800,1.0252938000048744,19.506603863112133,78.29310730213952,0,0.0,0,0,50.01067,52.192894100261945,1.8583913923108586,20,1020.2480149999999,999.3739,1114.24578,1143.092036
1785551733702367700,1.0255057999966084,20.47769988240871,82.19076808271465,0,0.0,0,0,50.046428571428564,49.54541800004459,1.8854176175885098,21,1029.8474142857142,1018.4558,1110.7272,1141.0685600000002
1785551734724740800,1.0223715000029188,19.562360648690717,78.51689674425668,0,0.0,0,0,49.974360000000004,50.919742815051094,1.8822015967546613,20,1017.82755,997.6885,1116.63315,1141.44031
1785551735751537400,1.0267975000024308,20.451939160302093,82.08737299691562,0,0.0,0,0,49.946157142857146,57.15797925100722,1.8791998571240536,21,1031.9251904761904,1018.8317,1134.55,1165.05168
1785551736779022700,1.0274891999943065,19.464924789584963,78.12582117694747,0,0.0,0,0,53.229195000000004,46.39397777743499,1.9108253081286186,20,1016.548545,1000.1848,1092.0422250000001,1121.067005
1785551737801434700,1.0224061000044458,20.539783555583917,82.43995157563467,0,0.0,0,0,46.85638095238095,46.16266126796222,1.9421521957758394,21,1027.8984904761903,1014.5637,1130.1733,1158.49642
1785551738831316500,1.029887400000007,19.41959868622518,77.94389707068895,0,0.0,0,0,53.425895000000004,48.57005447191418,1.9540834383584949,20,1013.83337,995.68335,1092.2369600000002,1121.836832
1785551739858105400,1.0267883999986225,20.452120417437687,82.0881005035829,0,0.0,0,0,48.894014285714285,46.70220527258092,1.9519787622744285,21,1033.4293095238095,1019.0681,1128.6224,1161.31744
1785551740885120500,1.0270144999958575,19.473921741202943,78.16193198861728,0,0.0,0,0,51.349745,37.68011046579063,1.9466870845759803,20,1009.929415,990.6278,1085.23327,1114.486734
1785551741910600000,1.0254813999999897,20.47818712265304,82.19272370517969,0,0.0,0,0,48.83476666666667,49.14140414129752,1.9433723559241,21,1034.7379333333333,1020.3452,1147.2518,1178.55324
1785551742915856500,1.0052530000029947,19.895488996243156,79.85396462359313,0,0.0,0,0,48.332685,34.76239934154923,1.9280363698219762,20,1015.48933,1020.4679,1071.42365,1101.3805699999998
1785551743952578900,1.0367248999973526,19.291520826837544,77.4298345686546,0,0.0,0,0,53.76564,50.947331924680604,1.9570494192894006,20,1030.05576,1016.85815,1106.356335,1134.6106269999998
1785551744972474000,1.0198977000036393,20.590300380052888,82.64270953322008,0,0.0,0,0,48.56791428571429,42.57118113853885,1.957858411204348,21,1028.4397142857142,1026.8041,1140.6237,1171.0053
1785551745987931500,1.0154498999982025,19.6957033528049,79.05209060549625,0,0.0,0,0,49.02931,46.5201146489276,1.9427227291340465,20,1030.23387,1017.0608,1126.5989900000002,1154.8860379999999
1785551747022548000,1.0346227999980329,20.29725229333814,81.46651066955054,0,0.0,0,0,50.927119047619044,53.019334428570666,1.9355931797041208,21,1031.3226476190478,1020.8519,1171.2876,1202.09008
1785551748048797100,1.0262474000046495,19.488478119320337,78.22035651406894,0,0.0,0,0,51.310770000000005,48.74864475163549,1.9579338435533598,20,1034.05393,1013.5516,1138.6800950000002,1167.730259
1785551749070356500,1.0215609000006225,20.556777378604842,82.50815920514248,0,0.0,0,0,48.64730952380952,43.19459163215812,1.9930576069985892,21,1025.1593238095238,1021.2706,1140.4096,1171.54704
1785551750096583100,1.0262266999998246,19.488871221147743,78.2219342958176,0,0.0,0,0,51.311515,45.43927322163963,2.016736435930366,20,1026.82842,1010.1161999999999,1111.69944,1139.342768
1785551751107946200,1.0113596000010148,20.7641278136668,83.34039581461967,0,0.0,0,0,46.10854761904762,40.02500317348668,2.0856852309801415,21,1024.174604761905,998.7169,1155.6336,1177.5516
1785551752132912000,1.0249650999976438,19.512859511066257,78.31821542039287,0,0.0,0,0,49.930085,55.41465298556705,2.105564684389559,20,1026.74727,1010.6417,1119.558895,1148.811219
1785551753155784300,1.022872699999425,20.5304139997204,82.40234525278402,0,0.0,0,0,50.46868571428571,48.01455229191755,2.117653778783939,21,1033.5819714285713,1021.5702,1127.8433,1157.89282
1785551754181222400,1.0254372999988846,19.503874103294034,78.28215094193212,0,0.0,0,0,49.500074999999995,53.295501952681605,2.0923896902492,20,1023.40139,1012.3860999999999,1108.22195,1136.54943
1785551755204181800,1.022959300004004,20.52867596972607,82.39536937067788,0,0.0,0,0,50.60890952380952,53.294541851684066,2.09344278177381,21,1029.0045238095238,1022.2826,1125.7396,1155.00584
1785551756240771100,1.0365921999982675,19.29399044294702,77.43974679737525,0,0.0,0,0,53.231669999999994,54.73243484863528,2.1465927853081532,20,1027.31563,1005.2248500000001,1128.5066199999999,1163.7694040000001
1785551757251716100,1.01094379999995,20.772668075120535,83.37467362182167,0,0.0,0,0,46.28617619047619,43.91012537854913,2.188999877846911,21,1033.5716523809524,1017.5991,1166.7652,1196.66472
1785551758276738200,1.0250239000015426,19.51174016524873,78.31372273356669,0,0.0,0,0,50.300830000000005,52.374737185031854,2.1495363762860342,20,1019.3103349999999,997.7139,1118.17642,1145.874164
1785551759301675900,1.0249314999964554,20.48917415463631,82.23682204644066,0,0.0,0,0,50.16502857142857,52.07620206258463,2.147265227472817,21,1026.4740238095237,1017.3048,1129.3955,1159.6759800000002
1785551760333518100,1.0318498999986332,19.382664087118187,77.79565370903882,0,0.0,0,0,53.063900000000004,51.08797758201043,2.18398516711734,20,1020.48249,999.0291500000001,1111.1630049999999,1140.050681
1785551761359587700,1.0260717000055593,20.466406002510567,82.14543815460785,0,0.0,0,0,48.86100952380953,45.58032678811007,2.1882489245910484,21,1034.5335285714286,1024.0265,1126.4327,1155.40542
1785551762378715000,1.0191265999965253,19.624647222502276,78.76689461375426,0,0.0,0,0,50.94672,46.66727602169257,2.147235418826563,20,1020.8226699999999,998.7392,1120.890965,1150.379953
1785551763410423200,1.0317060000015772,20.35463591368849,81.69682969263641,0,0.0,0,0,49.13750952380953,38.85896901046018,2.1324252442741956,21,1030.4670761904763,1018.283,1106.8132,1140.50752
1785551764422402000,1.01197339999635,19.763365321728944,79.3236635471738,0,0.0,0,0,47.75313,42.68912316205814,2.1098994158636315,20,1014.3354499999999,993.4987,1120.3614400000001,1149.5384479999998
1785551765455531800,1.0330560000002151,20.328036427837045,81.59006808438501,0,0.0,0,0,51.9029,53.9265162003536,2.0986249192039845,21,1030.5647000000001,1019.4376,1117.745,1147.94884
1785551766467440400,1.0119865000015125,19.763109488091104,79.32263671489692,0,0.0,0,0,47.93606,34.7993616707397,2.0793428788440154,20,1005.5069900000001,989.76645,1069.46171,1103.319862
1785551767503286900,1.0358484000025783,20.273236894460357,81.37012073850788,0,0.0,0,0,51.86369523809524,50.088538969513536,2.0499464699689254,21,1027.2999,1017.7299,1105.9606,1137.0552400000001
1785551768528454800,1.0251695999977528,19.50896710168136,78.30259256631875,0,0.0,0,0,51.26016,40.99271349212918,2.0432777935936723,20,1012.89535,988.77805,1107.505505,1135.608861
1785551769550159100,1.0217019999981858,19.575179455492417,78.56834722858773,0,0.0,0,0,51.081309999999995,48.653399657468626,2.0225071937951693,20,1033.18389,1016.4033,1125.87921,1154.206082
1785551770569617500,1.0194608000019798,20.599124556784545,82.67812688318797,0,0.0,0,0,48.549566666666664,35.17843409372187,2.0439793662677666,21,1019.7566714285715,1003.8844,1119.9648,1149.78184
1785551771587858600,1.018235099996673,19.641829278980218,78.83585775059443,0,0.0,0,0,47.311155,42.045982173924465,2.0238763714034267,20,1021.91692,1008.6425999999999,1093.6617,1122.26506
1785551772612874500,1.0250159000061103,20.48748707202963,82.23005065043142,0,0.0,0,0,50.07101904761905,53.20833744906544,2.025110529720793,21,1022.6557047619049,989.5314,1149.6211,1177.00598
1785551773637157600,1.0242794999940088,19.525920415391486,78.37063760474513,0,0.0,0,0,49.914985,58.74674209525669,2.0535482942584773,20,1033.299485,1015.61145,1140.17115,1167.43919
1785551774660973600,1.0238189000010607,20.51144006032536,82.3261900858762,0,0.0,0,0,50.3063,59.34285451695933,2.018303592837808,21,1033.5388095238095,1017.8003,1173.0609,1196.54234
1785551775685354100,1.0243842000054428,19.523924714861607,78.36262751765743,0,0.0,0,0,49.522545,49.94126175274599,2.004406339232379,20,1025.09586,1007.6212,1121.656075,1140.258975
1785551776709023500,1.0236632999949506,20.5145578630235,82.33870392287753,0,0.0,0,0,49.88076190476191,60.29029665677119,2.026822794390606,21,1030.7941142857144,1019.252,1169.8337,1199.1969000000001
1785551777743147000,1.0341307000053348,19.339915157626425,77.62407353305137,0,0.0,0,0,54.15432500000001,56.57736849895181,2.074772362711436,20,1026.5552,1010.3561,1122.03045,1150.76073
1785551778758596300,1.0154468999971868,20.6805496181614,83.0049403619564,0,0.0,0,0,46.376823809523806,38.589834811578356,2.099238860360459,21,1023.9076333333334,1000.2027,1157.2726,1185.03052
1785551779788372300,1.0297812999997404,19.42159951827154,77.95192775400004,0,0.0,0,0,53.56875,48.72165423476614,2.1049877642883716,20,1022.3924300000001,1004.6927000000001,1099.1821400000001,1123.1394679999999
1785551780804759700,1.0163743000011891,20.661679461961437,82.92920174673975,0,0.0,0,0,46.518880952380954,42.673292002535014,2.125407294772885,21,1024.2967714285714,1017.6768,1144.3181,1177.08114
1785551781829559400,1.0248060000012629,19.515888860892066,78.33037423658827,0,0.0,0,0,49.749265,52.121406141383275,2.08180272278408,20,1019.695195,1007.46815,1098.63498,1127.797396
1785551782852067000,1.0225038999997196,20.537818975561617,82.43206639605297,0,0.0,0,0,50.296428571428564,50.360597025513336,2.0876304181769423,21,1023.5411952380952,1017.2523,1109.1592,1142.4187200000001
1785551783885936700,1.0338765999986208,19.34466840629402,77.64315151354339,0,0.0,0,0,53.469145000000005,48.66622144701573,2.107658185109944,20,1017.051115,1002.1336,1094.032755,1123.520071
1785551784908166700,1.0222299000015482,20.543323962611733,82.45416160774826,0,0.0,0,0,48.677528571428574,42.65386758438375,2.114418489202801,21,1037.1611857142857,1022.5642,1146.9552,1177.66048
1785551785925915300,1.0177470999988145,19.651247348209882,78.87365879017833,0,0.0,0,0,48.033285,48.110894148954124,2.0939465872087126,20,1024.33213,1006.17625,1132.2665399999998,1158.2591479999999
1785551786953551200,1.0276364000019385,19.46213660781408,78.11463033019128,0,0.0,0,0,52.20206,51.46704965076301,2.066480143638807,20,1033.03501,1024.2382,1116.04454,1144.713868
1785551787984516200,1.030962400000135,20.369317057535028,81.7557549867861,0,0.0,0,0,51.00965238095238,50.51531462147513,2.0020289358792143,21,1027.2158142857143,1002.5146,1146.9155,1180.0697400000001
1785551789001960100,1.0174458999972558,20.63991805368388,82.84185859437572,0,0.0,0,0,46.77384285714285,43.02449728048628,2.026269627896422,21,1028.6630904761903,1015.8489,1131.6994,1162.7777999999998
1785551790031567800,1.0296091999989585,19.424845854155375,77.96495748103378,0,0.0,0,0,53.262865,47.938939128901254,2.0384810718416206,20,1014.1410400000001,996.54785,1094.55183,1123.205806
1785551791060950200,1.0293835999982548,20.400558159305824,81.88114651830756,0,0.0,0,0,49.01777142857143,44.620289031057865,2.0086937885282667,21,1031.0203047619048,1019.1371,1105.3836,1137.7039200000002
1785551792081143000,1.0201923999993596,19.604145257318674,78.68460645271459,0,0.0,0,0,51.010419999999996,42.245780305413504,2.0004575628170294,20,1014.6555350000001,995.53035,1092.31788,1121.609496
1785551793093872000,1.012723800005915,19.748721220813792,79.26488693119599,0,0.0,0,0,48.998545,41.589398041460356,1.9900315646965199,20,1026.67869,1017.22145,1114.8578949999999,1144.373179
1785551794117893600,1.0240193999998155,20.507423980447815,82.31007085902395,0,0.0,0,0,47.74062380952381,45.175488442339,2.008621512113654,21,1017.5959142857143,985.9846,1147.3228,1176.9508
1785551795140742700,1.0228508000000147,19.553193877347226,78.48010433193076,0,0.0,0,0,52.18835,55.44028547553618,2.027935478041297,20,1031.554515,1014.6809499999999,1122.8545250000002,1151.256105
1785551796164958000,1.0242155999949318,20.50349555318618,82.29430344101094,0,0.0,0,0,47.991885714285715,39.9954682968619,2.048221360566009,21,1009.5772142857144,983.6364,1125.2026,1156.63092
1785551797188557700,1.023601699998835,19.538849925730645,78.42253241675093,0,0.0,0,0,49.992360000000005,63.80797572588522,2.0687848065931584,20,1039.720885,1019.7769499999999,1165.15183,1193.895486
1785551798226193900,1.0376385000054142,20.23826216923372,81.22974366752987,0,0.0,0,0,52.907900000000005,60.177785653910526,2.0662541846461466,21,1026.9907904761906,997.0104,1165.7784,1195.9916
1785551799236856400,1.0106364999955986,19.78950888879147,79.42859524700484,0,0.0,0,0,46.78105,45.87516333730853,2.040349884884665,20,1026.951535,1007.70965,1128.01352,1156.328384
1785551800271032600,1.0342043000055128,20.305465757479503,81.49947681957106,0,0.0,0,0,52.82201904761905,51.3566015948643,2.026971418803688,21,1023.8282095238095,1018.1133,1145.9747,1175.5818199999999
1785551801296035000,1.025001499998325,19.512166567593006,78.31543417266333,0,0.0,0,0,51.24889,50.23803979551436,2.0107608672282002,20,1031.127195,1011.612,1135.97243,1165.676726
1785551802309705700,1.0136676999973133,20.71684833210692,83.15063148921821,0,0.0,0,0,46.31294285714286,41.890750603558914,2.0629747874649023,21,1022.6600857142856,992.1583,1155.6476,1185.81
1785551803333406200,1.023694700001215,19.537074872006528,78.41540793354183,0,0.0,0,0,49.900574999999996,51.992317846853965,2.060680841601479,20,1024.503415,1008.7315000000001,1104.59416,1133.620992
1785551804359655900,1.0262546000012662,20.46275846166642,82.13079812250878,0,0.0,0,0,50.04129523809523,56.49230198379666,2.058468177590838,21,1023.4602,1019.664,1137.3601,1166.45042
1785551805391149100,1.0314973999993526,19.389287845042123,77.82223929992493,0,0.0,0,0,53.682335,53.13625690716745,2.0734470769443774,20,1024.114005,1002.9594500000001,1129.84069,1156.6898179999998
1785551806404621900,1.0134694000007585,20.720901884145967,83.16690111703119,0,0.0,0,0,46.38305238095238,44.25493546870924,2.1119434542859037,21,1033.4772523809525,1021.1723,1165.5702,1196.90324
1785551807429885500,1.0252490999992006,19.507454334771516,78.29652081631927,0,0.0,0,0,50.06467,52.53242331508077,2.1101978963663095,20,1021.54545,1006.2644,1106.658985,1134.6495570000002
1785551808451915600,1.022042099997634,20.547098793727393,82.46931254123007,0,0.0,0,0,50.00098571428572,53.6651247670243,2.089681324970909,21,1027.7748095238096,1017.7749,1155.2186,1185.22092
1785551809478178500,1.0262633000020287,19.48817618242849,78.2191446384581,0,0.0,0,0,50.116,53.44314488254636,2.065335002992887,20,1023.688985,1002.0020999999999,1120.7038300000002,1147.913806
1785551810511187400,1.0330142000020714,20.32885898369828,81.59336955371086,0,0.0,0,0,52.01754285714286,55.99392301961501,2.033855662498563,21,1031.6465571428573,1020.0298,1135.9154,1165.2794800000001
1785551811526928500,1.0157336999982363,19.690200295643166,79.03000313973966,0,0.0,0,0,47.73861,46.29925753284308,1.987215437834464,20,1020.8974099999999,1000.3577,1112.347065,1142.171973
1785551812552389100,1.0254645999957575,20.47852261315201,82.19407025395972,0,0.0,0,0,50.087785714285715,49.46929493912649,1.9859165404398935,21,1024.7478571428571,1017.1973,1112.6631,1146.14318
1785551813572615700,1.0202250000002095,19.60351883162625,78.68209218553115,0,0.0,0,0,49.581055,49.68525809725684,1.9680213079030473,20,1013.7371300000001,997.19245,1094.4427500000002,1123.3417499999998
1785551814605483200,1.0328717000011238,20.331663651910638,81.60462657163353,0,0.0,0,0,52.19278095238095,59.60638174478987,1.9214421055212088,21,1036.5015476190476,1018.7925,1141.7733,1172.20594
1785551815623285100,1.0177961000008509,19.650301273490122,78.86986155668399,0,0.0,0,0,47.966265,42.445612080070994,1.8975763223812592,20,1015.1298650000001,993.9929500000001,1117.775325,1148.1574649999998
1785551816652612700,1.0293337000039173,20.40154713667694,81.88511594896701,0,0.0,0,0,51.80063809523809,53.049573785691024,1.9028028601844924,21,1029.452761904762,1017.6535,1111.3509,1141.2332999999999
1785551817669788600,1.0171692000003532,19.662412113926628,78.9184704963266,0,0.0,0,0,48.121425,45.7741313986505,1.8759437443495954,20,1019.9411400000001,993.7632,1134.57842,1155.6945640000001
1785551818713450600,1.0436694999953033,20.121312350408346,80.76034546892413,0,0.0,0,0,52.3055380952381,53.210979717521425,1.85914665225197,21,1028.4168142857143,1014.5412,1113.4907,1142.87542
1785551819720653700,1.0072006999980658,19.857015587894654,79.69954498656936,0,0.0,0,0,47.48307,42.6804039485533,1.8001905411924892,20,1015.58038,990.3616999999999,1125.7955650000001,1155.4745529999998
1785551820740445200,1.0197895000019344,19.611890493049852,78.71569328753408,0,0.0,0,0,49.94135,58.738120341388814,1.7727303002851977,20,1032.3847,1016.2662,1127.1566150000003,1157.313643
1785551821764528000,1.024085600001854,20.506098318306577,82.30475008617191,0,0.0,0,0,49.90320952380952,53.67173546423578,1.787811420902359,21,1023.2785999999999,995.6616,1141.393,1172.3687599999998
1785551822788881100,1.0243502000012086,19.524572748632647,78.36522851257831,0,0.0,0,0,50.15331,59.639932844458116,1.7984472570853844,20,1032.35723,1013.8975,1140.95882,1167.7536839999998
1785551823822952100,1.034076099997037,20.30798313592217,81.50958075062513,0,0.0,0,0,52.85728571428571,51.69734813736857,1.8026821680033767,21,1019.5526523809524,986.5181,1144.8941,1169.6669800000002
1785551824839747200,1.0167912000033539,19.66972176778677,78.94780904844103,0,0.0,0,0,47.50629,51.38056916546627,1.7794532586292249,20,1032.6518449999999,1011.0486,1151.05275,1180.46247
1785551825861038200,1.0212874999997439,20.562280454823217,82.53024674738616,0,0.0,0,0,49.60129523809523,52.95140115466705,1.7969180348407046,21,1024.1827333333333,1018.0126,1133.7539,1166.73406
1785551826885362800,1.024321199998667,19.525125517294796,78.36744714461095,0,0.0,0,0,50.08664,56.961536387547476,1.7933530745654793,20,1030.018035,1010.82905,1132.39278,1160.991276
1785551827919512100,1.0341581000029691,20.306372884319824,81.5031177290571,0,0.0,0,0,52.52562380952381,53.63431061798879,1.7750940414507965,21,1023.1891142857143,1015.6803,1141.8966,1172.56276
1785551828943782100,1.0242698999936692,19.526103422665855,78.37137213589519,0,0.0,0,0,51.21165499999999,49.135382964808514,1.801147672995012,20,1032.761375,1013.808,1138.0404800000001,1162.621616
1785551829956631400,1.0128446000016993,20.733684120905387,83.21820482121205,0,0.0,0,0,46.57835238095238,45.05679593327314,1.8747120951228156,21,1026.8886333333332,1017.9144,1156.8102,1187.71252
1785551830989071200,1.032445299999381,19.371486315073536,77.75078979975804,0,0.0,0,0,53.360400000000006,46.09076386362708,1.9199693964241484,20,1018.1145,1001.5656,1076.64626,1111.055412
1785551832022282100,1.0332076999984565,20.325051778099766,81.57808867967778,0,0.0,0,0,49.19499047619048,38.63075851812782,1.900264272971061,21,1038.4641714285713,1026.1287,1151.8121,1174.77642
1785551833039151500,1.0168727000054787,19.668145284942987,78.94148156358953,0,0.0,0,0,50.848115,41.87461067153844,1.83968237069939,20,1022.912945,1001.3634,1099.8636,1127.99272
1785551834051727300,1.0125713999950676,20.739278237665307,83.24065777031682,0,0.0,0,0,46.44762380952381,44.92416248244262,1.8889674692141736,21,1026.8738761904763,1016.9022,1153.7962,1184.71092
1785551835078359600,1.0266282000011415,19.481249394842028,78.19134278593822,0,0.0,0,0,50.09594,56.406913241304025,1.8982575971038318,20,1027.234195,1006.5878,1138.379255,1166.743291
1785551836104701400,1.0263462000002619,20.46093218837332,82.1234680607562,0,0.0,0,0,49.834733333333325,54.17739160505361,1.8727911008607492,21,1025.9681142857141,1018.545,1138.0526,1167.4218
1785551837124223800,1.0195204000046942,19.617067005140765,78.73647010852396,0,0.0,0,0,50.24599,49.82992953160939,1.8183865310520786,20,1014.417725,991.6158,1108.81881,1136.464722
1785551838151558900,1.0273381999941193,20.441175067879502,82.04416946189919,0,0.0,0,0,50.006742857142854,55.66038604855856,1.81035778024892,21,1026.4763238095238,1017.905,1130.5876,1164.2398400000002
1785551839182912100,1.0313546000033966,19.391972460232527,77.83301446440984,0,0.0,0,0,53.227599999999995,46.820004888542655,1.8206689693826363,20,1013.77829,1001.0234,1089.516245,1118.070129
1785551840206074800,1.0231645000021672,20.524558856328106,82.3788446284263,0,0.0,0,0,48.73618571428572,40.436498986068095,1.8237137829066195,21,1028.3580285714286,1017.8292,1119.1295,1150.7531800000002
1785551841223342200,1.0172606999985874,19.66064353024527,78.91137198174614,0,0.0,0,0,48.012965,43.71977256240831,1.82536479319877,20,1018.33639,1004.7737,1109.12629,1139.1689379999998
1785551842259912900,1.036580200001481,20.25892449032887,81.31267544458169,0,0.0,0,0,52.0772380952381,53.11048450881875,1.8207471762472056,21,1033.5738952380952,1024.3762,1124.1419,1148.31862
1785551843268639200,1.0087222999936785,19.82706241363489,79.57932277347598,0,0.0,0,0,47.605765000000005,39.59993411738638,1.7900864132551761,20,1009.2036,989.7544499999999,1096.291975,1125.458875
1785551844293389800,1.0247475000069244,19.517002968892196,78.3348459005341,0,0.0,0,0,52.40477,54.320181793608086,1.8015210888015307,20,1028.9907349999999,1016.9853,1108.415575,1136.9911949999998
1785551845316803600,1.0234108999939053,20.51961729167147,82.35901080934545,0,0.0,0,0,47.9415,44.873049133750655,1.8266390706291367,21,1016.883561904762,993.8972,1112.3947,1146.60182
1785551846341100100,1.0242983999996795,19.52556012974955,78.36919153639712,0,0.0,0,0,50.273695,55.539319929108494,1.8418388136697812,20,1031.92256,1018.21415,1116.28401,1145.082082
1785551847376606800,1.0355111000026227,20.27984055404796,81.39662566126671,0,0.0,0,0,52.580438095238094,61.93051877703332,1.8287788967818541,21,1033.3886476190476,1017.8909,1179.2831,1209.5387799999999
1785551848400011800,1.0234055000037188,19.542595774526642,78.43756702471143,0,0.0,0,0,51.169934999999995,45.73464423151718,1.8425439501136152,20,1027.092905,1012.0246,1109.3022850000002,1137.913017
1785551849412818100,1.0128014000001713,20.734568494866267,83.22175440810582,0,0.0,0,0,45.910199999999996,36.42934833039153,1.9217443890540593,21,1020.9202857142858,1018.2331,1131.9635,1162.9299800000001
1785551850436746600,1.0239247999998042,19.532684431516675,78.39778614602884,0,0.0,0,0,50.291285,58.581604132303966,1.9496975598187982,20,1031.992695,1014.81065,1127.424325,1157.262305
1785551851460394600,1.0236533999996027,20.514756264188787,82.3395002400546,0,0.0,0,0,49.83378095238095,56.12028168076689,1.9646887387406757,21,1023.5906857142857,1015.7221,1143.7519,1174.6443800000002
1785551852489971800,1.029583299998194,19.42533450186603,77.96691875260682,0,0.0,0,0,53.67939,48.318248980983526,1.9757018963456727,20,1018.4129150000001,1004.1349,1083.45599,1112.9392779999998
1785551853509527100,1.0195490999976755,20.59734053028724,82.67096638621148,0,0.0,0,0,46.40557619047619,35.15394470536564,1.9934878402334777,21,1020.2726809523808,1017.3751,1121.325,1148.4602
1785551854532528900,1.0229987999991863,19.55036506398239,78.4687504032887,0,0.0,0,0,49.656835,64.98865158562829,2.00984621116647,20,1039.7149,1009.81845,1176.8692899999999,1204.821938
1785551855569896400,1.0373738999987836,20.243424285134438,81.25046270693608,0,0.0,0,0,52.96250952380952,59.64173154506754,2.00232583671622,21,1039.0188333333333,1027.1197,1163.7128,1193.75224
1785551856592927400,1.0230314000000362,19.5497420704773,78.46624991177902,0,0.0,0,0,51.15202,46.61618226108318,1.985566046214138,20,1025.694105,1002.6020000000001,1124.39526,1151.9172919999999
1785551857604749600,1.011817600003269,20.754728915500337,83.30267172139295,0,0.0,0,0,46.32255714285714,34.46119181146484,2.033059727728774,21,1015.7438190476191,1014.599,1117.3533,1148.0372200000002
1785551858638223000,1.0334772999995039,19.352142519249917,77.67315015050504,0,0.0,0,0,53.62503,55.40802859943579,2.0783260461286464,20,1027.51956,1007.5335,1134.22963,1161.134086
1785551859651887000,1.013660600001458,20.71699343939164,83.15121390224574,0,0.0,0,0,46.61481904761905,38.99999546816152,2.1139256549819825,21,1026.951,1018.8976,1134.5789,1165.4989
1785551860681883600,1.0299966000020504,19.41753982485009,77.93563347669323,0,0.0,0,0,50.062235,52.65731293659405,2.089942570847834,20,1024.30774,1007.5342,1113.16873,1141.222306
1785551861707956700,1.0260727999993833,20.466384061650032,82.14535009119301,0,0.0,0,0,49.893928571428575,54.32842877159381,2.065340548714379,21,1029.2877,1016.5463,1144.5561,1172.8028199999999
1785551862725375800,1.0174164999989443,19.6576328377029,78.89928804976456,0,0.0,0,0,49.87147,51.88166500768436,2.0687048670480404,20,1020.015025,998.3316500000001,1125.1400050000002,1148.931121
1785551863751956700,1.0265833000012208,20.456206525057468,82.10450079881464,0,0.0,0,0,50.02047142857143,55.95512597550061,2.079272634590598,21,1030.440980952381,1019.976,1132.9973,1163.94594
1785551864773655800,1.0216997999959858,19.575221606266908,78.56851640796582,0,0.0,0,0,50.064350000000005,48.03966457511959,2.031640869761275,20,1011.4419599999999,996.9232,1093.591195,1122.708239
1785551865801723700,1.028066700004274,20.426690213692066,81.98603201003358,0,0.0,0,0,50.14684761904761,49.39243221163156,2.019134614206603,21,1025.9462904761906,1019.1309,1098.5191,1132.80462
1785551866822158100,1.0204301999983727,19.59957672757225,78.66626987336127,0,0.0,0,0,49.858795,44.95848198686937,2.0128085006037026,20,1008.0082500000001,988.2517,1095.143315,1124.433943
1785551867864044900,1.04189100000076,20.155659277203355,80.89820276299395,0,0.0,0,0,52.30613333333333,57.29506825506305,1.9961123125439844,21,1033.6176476190476,1018.248,1131.6876,1161.3873600000002
1785551868871437300,1.007390899998427,19.853266492710258,79.68449734867106,0,0.0,0,0,47.334845,41.00581450299682,1.9714476622446533,20,1009.9455599999999,989.2283,1096.6818799999999,1127.1849359999999
1785551869906524800,1.0350945999962278,20.288000729669086,81.42937792865229,0,0.0,0,0,52.18215238095238,50.92534313543326,1.9299715930231036,21,1026.7880142857143,1018.2022,1103.2137,1135.0213800000001
1785551870917842900,1.0113130000027013,19.77627104560762,79.37546288813215,0,0.0,0,0,48.047365,46.97473314056885,1.898393347085213,20,1020.10561,990.3077499999999,1133.109645,1163.422169
1785551871939214400,1.0213705999995,19.581530935010065,78.59383998329236,0,0.0,0,0,51.174615,68.92609052069183,1.9069422639545268,20,1060.5168449999999,1047.7645,1193.6010800000001,1219.620136
1785551872975533200,1.0363246999986586,20.263919213763003,81.33272262555269,0,0.0,0,0,51.6478619047619,47.10702035670986,1.9073371794557432,21,1022.8817476190476,1000.4797,1110.9642,1141.097
1785551873997557500,1.0220251999999164,19.56898910124881,78.54350117786389,0,0.0,0,0,51.1024,44.2625267051035,1.9288423316691294,20,1031.38228,1022.3613499999999,1093.8200199999999,1121.788324
1785551875015416900,1.0178534000006039,20.631654813932478,82.80869266138914,0,0.0,0,0,45.87593333333333,52.22852204390177,1.9525477552336108,21,1035.6658285714286,1014.9854,1179.162,1206.71784
1785551878294326300,1.0860362000021269,19.33637202881347,77.60985257658533,0,0.0,0,0,53.68415,34.63172980365199,0.0,21,1004.8031666666667,994.9845,1047.8113,1059.6598600000002
1785551879330245400,1.0359172000025865,20.271890456059197,81.36471657656573,0,0.0,0,0,49.32744761904761,45.94624737771975,2.655089796819386,21,1029.3287952380952,1022.3153,1123.7182,1154.08916
1785551880336066700,1.0058175000012852,19.884322951205803,79.80914778267173,0,0.0,0,0,48.11808,53.83769627720359,1.8866061828231968,20,1029.03446,1004.80765,1124.3783600000002,1154.405352
1785551881363124200,1.0270556999967084,20.44679757881418,82.06673637590457,0,0.0,0,0,49.29304761904762,45.22995073658183,1.9750326704047494,21,1027.604619047619,1022.022,1090.6843,1121.7003000000002
1785551882397802500,1.034682800003793,19.329595504947683,77.58265383333493,0,0.0,0,0,53.50193,44.23687224076052,2.0757897112951182,20,1010.42891,994.0446,1063.12392,1094.431664
1785551883415010900,1.0172068999963813,20.64476754933014,82.86132287865905,0,0.0,0,0,46.533542857142855,39.57061256002453,2.2642682164766397,21,1026.3182952380953,1017.3556,1114.45,1142.8984
1785551884435457400,1.020443699999305,19.599317434184385,78.66522915478303,0,0.0,0,0,49.994545,47.15069569779181,2.1484564881133865,20,1012.699945,997.27755,1090.459955,1119.6523909999999
1785551885472334000,1.0368806999977096,20.25305322015,81.28911009259424,0,0.0,0,0,52.258338095238095,48.614817806348675,2.0410886771278953,21,1029.0464857142858,1021.6887,1088.9317,1119.81746
1785551886497187300,1.0248498000000836,19.515054791441994,78.32702655549471,0,0.0,0,0,51.23893,40.373855048626126,2.004247826319694,20,1016.044295,998.5097000000001,1108.7523,1134.39926
1785551887515798700,1.018611300001794,20.61630378532323,82.74707866960787,0,0.0,0,0,48.50521428571429,48.717680933294496,2.086009901232952,21,1047.7438047619048,1022.5273,1177.1799,1205.96278
1785551888532071900,1.0162730000010924,19.67975140535909,78.98806472268151,0,0.0,0,0,48.041019999999996,40.29721884294773,2.014206804039867,20,1010.9527449999999,988.80105,1110.488805,1138.5982410000001
1785551889565009400,1.0329399000038393,20.33032125094785,81.5992386146442,0,0.0,0,0,51.83075714285714,52.17533073840137,1.967423933265439,21,1035.7068571428572,1023.0566,1120.6837,1150.8689
1785551890588779400,1.0237710999936098,19.535616897297487,78.4095561014577,0,0.0,0,0,51.189445,40.518846438202125,1.951060023174091,20,1018.004745,995.8743,1111.3110350000002,1134.949087
1785551891612266900,1.0234879000054207,19.54102241940923,78.43125209352729,0,0.0,0,0,51.174945,49.58516030318021,1.9269373900162479,20,1038.500285,1019.42605,1146.929455,1171.447891
1785551892635232800,1.0229652999987593,20.52855556295553,82.3948860974094,0,0.0,0,0,48.71210476190476,58.57388580048686,1.9585538441530832,21,1053.1269857142856,1026.9744,1242.7149,1272.27402
1785551893651472200,1.0162363999988884,19.680460176413558,78.99090949712863,0,0.0,0,0,47.321675,44.94122556725881,1.9139408792559323,20,1027.103995,1009.4554,1117.0474,1145.3300399999998
1785551894683686100,1.032217899999523,20.34454159340746,81.65631440322721,0,0.0,0,0,52.477847619047616,54.1126303426808,1.892630192781718,21,1023.501680952381,990.037,1150.178,1178.9703200000001
1785551895697304400,1.0136150999969686,19.731355620155828,79.19518710824264,0,0.0,0,0,47.095375000000004,47.40052438210801,1.8502748199652934,20,1030.91298,1013.2811,1135.869885,1165.2314969999998
1785551896732328900,1.0350276000026497,20.28931402403785,81.4346490613238,0,0.0,0,0,52.700809523809525,57.95506737701117,1.8236254404524501,21,1029.6613,1024.1421,1152.6565,1181.7439399999998
1785551897756772200,1.0244435999993584,19.52279266522093,78.35808384185354,0,0.0,0,0,51.222505,49.383605533314125,1.8211465338055988,20,1031.119355,1009.0301,1133.62128,1163.867456
1785551898781640400,1.0248215000028722,20.4913733756963,82.24564899815604,0,0.0,0,0,48.78852857142857,48.488073970339784,1.8363600253545507,21,1036.7313714285713,1020.6866,1187.0408,1217.52752
1785551899794600600,1.013003000000026,19.74327815416093,79.24304024765765,0,0.0,0,0,47.232105000000004,46.921671882297346,1.8034820070959885,20,1045.108705,1030.59285,1168.978865,1179.372093
1785551900828249400,1.0336538999981713,20.31627801146704,81.5428736593062,0,0.0,0,0,52.49000952380952,56.13472024801499,1.7858396348064345,21,1032.2628142857143,1025.3287,1131.3551,1162.71094
1785551901849525200,1.0212756999972044,19.583350509617283,78.6011431587178,0,0.0,0,0,51.06406,43.70410128000635,1.777163651293842,20,1024.00233,1008.4436000000001,1104.26527,1132.707054
1785551902865425200,1.0158947000018088,20.671433761749725,82.96835230546033,0,0.0,0,0,46.52432380952381,44.236142392289416,1.829259728471928,21,1027.063061904762,1018.6036,1131.9351,1162.0873399999998
1785551903889898100,1.024471700002323,19.522257178948575,78.35593457566274,0,0.0,0,0,50.44664,49.31453861552926,1.8305994768001759,20,1020.764615,1005.0255,1104.15012,1132.752264
1785551904912808100,1.022911699998076,20.529631247779744,82.3992035433347,0,0.0,0,0,49.57587619047619,64.16352704138002,1.8450588072267258,21,1038.821161904762,1020.8716,1184.135,1216.76172
1785551905937790200,1.0249844999998459,19.51249018887896,78.31673308231693,0,0.0,0,0,50.21431,52.15812307049341,1.8476010354984493,20,1021.1395399999999,1002.4087999999999,1109.506465,1139.604973
1785551906970897300,1.033108399999037,20.32700537525353,81.58592977762892,0,0.0,0,0,51.90671904761904,54.98490330926862,1.8326069643324048,21,1031.5603571428571,1024.3265,1126.6059,1156.51678
1785551907997212300,1.026314700000512,19.48720017358226,78.21522725920222,0,0.0,0,0,51.315374999999996,41.7928274440518,1.838387497431498,20,1015.18325,998.45325,1091.5305050000002,1119.393701
1785551909022641600,1.0254275999977835,20.479261529575947,82.19703602202846,0,0.0,0,0,48.814433333333334,48.41207629192672,1.8081812986149501,21,1032.2012523809524,1020.9003,1151.96,1178.77672
1785551910034695200,1.0120509000043967,19.761851898865082,79.31758916439011,0,0.0,0,0,47.58321,63.868213869077394,1.8063378690804315,20,1055.95821,1018.7977000000001,1242.35634,1252.422388
1785551911062937200,1.0282404000026872,20.423239545873823,81.97218216166154,0,0.0,0,0,50.37358095238095,54.12640015550285,1.830732652716684,21,1028.5605285714287,1020.9694,1114.2106,1143.5846000000001
1785551912094238400,1.0313076999955229,19.392854334440464,77.83655401811554,0,0.0,0,0,53.120979999999996,46.366063100148445,1.8552518991974782,20,1015.29275,995.2717,1091.32584,1119.6683679999999
1785551913117090400,1.0228505999984918,20.530857585683545,82.40412566128845,0,0.0,0,0,48.70730952380952,48.346456377907415,1.8301784086115687,21,1031.3515857142859,1017.6125,1140.4589,1171.5037800000002
1785551914139127600,1.0220373000047402,19.568757421972016,78.54257129326659,0,0.0,0,0,51.10168,46.160481585301376,1.795488786425565,20,1017.321055,997.23495,1104.4094800000003,1132.8590159999999
1785551915173733500,1.0346069999941392,20.297562262887222,81.4677547856118,0,0.0,0,0,49.2672380952381,43.08224040815979,1.7853463540145655,21,1029.471280952381,1019.3136,1106.8513,1136.09346
1785551916176918500,1.0031790000066394,19.936621480182133,80.0190569175279,0,0.0,0,0,47.607955,41.83073688666687,1.7761448445498482,20,1016.6553900000001,997.8824,1108.395475,1137.284215
1785551917212293500,1.0353818999938085,19.316543972924,77.53026926632582,0,0.0,0,0,54.321619999999996,56.38253901255899,1.8116286540685336,20,1030.86593,1012.5043000000001,1121.6394050000001,1151.0362810000001
1785551918226275600,1.0139775999996345,20.710516682032786,83.12521832339331,0,0.0,0,0,45.9147619047619,37.705914198404955,1.8309420578568565,21,1015.9121190476191,986.1638,1141.5105,1171.2636200000002
1785551919250574000,1.0242895000046701,19.52572978626532,78.36987248198288,0,0.0,0,0,51.966865,56.78695212020446,1.848964023237584,20,1029.4867399999998,1012.16475,1130.22895,1159.96699
1785551920275711900,1.02514230000088,20.484960965889297,82.2199116892627,0,0.0,0,0,48.145623809523805,49.27088417557477,1.8682524318140845,21,1022.3803619047619,985.9631,1149.8731,1179.69206
1785551921299788600,1.0240770999953384,19.52977954500793,78.38612688474862,0,0.0,0,0,50.203250000000004,53.74189418518951,1.86905083227194,20,1028.945095,1018.21185,1111.4089600000002,1139.081472
1785551922332864000,1.0330818000002182,20.327528759093003,81.58803046862523,0,0.0,0,0,52.46932857142857,51.3825588982404,1.8522549336647882,21,1022.0876285714285,991.3438,1140.4283,1172.79422
1785551923344155400,1.011285799999314,19.77680295719921,79.3775978067273,0,0.0,0,0,47.512095,44.410422788438616,1.8189728218430972,20,1025.53162,1009.4194,1111.22102,1140.256364
1785551924379546700,1.0353961000000709,20.2820930076891,81.4056662710959,0,0.0,0,0,52.21116190476191,47.65927826316169,1.81481475111464,21,1022.1844523809525,1019.6982,1113.4366,1143.1138
1785551925405178100,1.0256332000062685,19.50014878601606,78.26719874074804,0,0.0,0,0,51.27635,53.67573050115019,1.8347338147618237,20,1042.02496,1016.9747500000001,1168.8196050000001,1195.374081
1785551926428239900,1.0230597999980091,20.526659340969967,82.38727528455719,0,0.0,0,0,48.721671428571426,45.91614210424416,1.8657721041361746,21,1030.4161904761904,1018.4619,1163.7259,1197.56054
1785551927452586900,1.0243498999989242,19.524578466811978,78.36525146347387,0,0.0,0,0,51.219669999999994,45.9496479358725,1.8867337721726358,20,1024.6979450000001,1004.0238999999999,1119.8097400000001,1147.296508
1785551928465892400,1.0132988999976078,20.724388430747904,83.18089497106824,0,0.0,0,0,46.82934761904762,39.6010808310912,1.9276064438820313,21,1026.0938476190477,1018.9359,1131.2647,1157.7365399999999
1785551929500559100,1.0346716999993077,19.329802873716737,77.58348614353105,0,0.0,0,0,53.22620500000001,51.30909405767605,1.9597704052498854,20,1022.53352,1004.087,1113.38023,1142.5616459999999
1785551930513455700,1.0128936000037356,20.732681102854784,83.21417903587222,0,0.0,0,0,46.46637142857143,43.784870447029334,2.0241620658596875,21,1026.1028476190477,1017.951,1134.6372,1164.71736
1785551931538861700,1.0254039999999804,19.5045074916817,78.28469315508963,0,0.0,0,0,50.200435,50.68386991466423,2.045695672857672,20,1019.3401299999999,1002.9574,1100.1450899999998,1128.3378979999998
1785551932564176900,1.0253136999963317,20.48153652884491,82.20616712260994,0,0.0,0,0,49.76282380952381,51.30872705898973,2.0514040302064838,21,1028.0420047619048,1021.7002,1116.4757,1147.85962
1785551933587106800,1.0229312000010395,19.55165704201776,78.47393597919236,0,0.0,0,0,50.388185,53.51537749475944,2.0189347232185337,20,1022.5912099999999,999.7855,1127.4260199999999,1155.620804
1785551934617823000,1.0307233999992604,20.374040212936922,81.77471218278393,0,0.0,0,0,51.65365714285715,55.18787903430038,2.006546182789052,21,1031.3831857142857,1021.2955,1131.0504,1161.10904
1785551935634794900,1.0169645000059973,19.666369868252094,78.93435562355089,0,0.0,0,0,47.87101,46.855878611051345,1.9831452247291084,20,1019.9260449999999,998.6336,1129.4552749999998,1158.4276149999998
1785551936663225900,1.0284323999949265,20.41942669260867,81.9568786197477,0,0.0,0,0,50.41113333333334,51.09324862253655,1.9741252831108786,21,1028.7171476190476,1019.414,1110.5863,1140.85502
1785551937680206900,1.0169838000001619,19.6659966461578,78.9328576325279,0,0.0,0,0,49.66881,48.75121749544637,1.9757950597202862,20,1015.6945900000001,989.2824,1130.4092699999999,1159.652094
1785551938724099100,1.0438924000045517,20.117015891588476,80.74310089299671,0,0.0,0,0,52.22788095238095,49.78565600363843,1.9395420724867862,21,1029.065480952381,1018.7325,1109.1083,1139.98606
1785551939739100400,1.0150026999981492,19.70438108197788,79.08692016301669,0,0.0,0,0,50.75103,40.95404784795682,1.919626352651174,20,1016.083095,992.9811,1115.41792,1140.510384
1785551940763798700,1.0246974999972736,20.49385306400755,82.25560165338968,0,0.0,0,0,48.79488571428572,44.21015914980725,1.9461382693035372,21,1030.4843952380952,1016.6438,1131.9475,1162.42198
1785551941779149500,1.0153466000047047,19.697707167096763,79.0601332585622,0,0.0,0,0,48.125565,59.36456723957815,1.9339778198532303,20,1036.4506,996.1497,1201.01348,1229.6119760000001
1785551942802681400,1.023532699997304,19.540167109514606,78.42781916025882,0,0.0,0,0,50.232594999999996,55.9201158875058,1.9116005740880118,20,1030.828535,1017.5663,1114.84098,1143.2053959999998
1785551943838978000,1.0363025999977253,20.264351358421848,81.33445711241582,0,0.0,0,0,52.764300000000006,51.55641533456336,1.8797931510718213,21,1020.9937095238096,994.4685,1124.6521,1155.7997
1785551944859022900,1.0200422999987495,19.60703002221037,78.69618495242639,0,0.0,0,0,51.000565,47.706135158017425,1.8752793700985104,20,1031.830375,1014.62145,1127.18986,1156.967572
1785551945874115300,1.0150771000044188,20.68808369325698,83.03517966727166,0,0.0,0,0,46.34797619047619,39.895042026120294,1.93216109602023,21,1022.032880952381,987.3541,1149.9644,1181.55392
1785551946910692700,1.0365941999989445,19.293953217199522,77.43959738543948,0,0.0,0,0,53.91876499999999,49.7111318663322,2.000101077091564,20,1025.424825,1011.85555,1091.384955,1121.063791
1785551947923167900,1.0124694999976782,20.74136554241699,83.24903552669319,0,0.0,0,0,46.22479047619048,40.90430773488172,2.01054655293463,21,1027.7766952380953,1024.6644,1147.3674,1176.97564
1785551948956329300,1.033162200001243,19.358044651629665,77.69683937324015,0,0.0,0,0,53.74258999999999,56.29110075339945,1.9990849705657516,20,1032.86101,1015.8501,1135.1987350000002,1163.325347
1785551949984537600,1.0282101999982842,20.42383940563422,81.97458980191078,0,0.0,0,0,48.963161904761904,35.8435564951844,1.9937524869803724,21,1015.7681714285715,982.0031,1140.1089,1171.7665000000002
1785551951003559600,1.0190246000056504,19.626611565500088,78.77477884199743,0,0.0,0,0,50.952925,48.775929870009435,1.979591989477643,20,1031.02415,1009.8394000000001,1136.213695,1165.6848989999999
1785551952016920000,1.0133554999993066,20.72323088986478,83.17624898178148,0,0.0,0,0,46.46800952380953,32.67469405633211,2.020736943457693,21,1012.5476285714285,981.576,1125.0664,1157.01192
1785551953052999000,1.0360815999956685,19.303498875072787,77.47791052397378,0,0.0,0,0,53.6798,47.63766597919406,2.073445904080892,20,1020.706255,1006.626,1084.951805,1114.053801
1785551954065802500,1.01279870000144,20.73462377071588,83.22197626722878,0,0.0,0,0,46.61329047619048,40.3161453113502,2.1370400037583153,21,1026.1126,1016.13,1150.1559,1179.8851
1785551955090988700,1.0251857999974163,19.50865882072343,78.30135522770829,0,0.0,0,0,49.774330000000006,47.581583757629545,2.159397695394429,20,1017.67839,1002.5646999999999,1097.368205,1127.633001
1785551956113159100,1.0221731000056025,20.544465511648564,82.45874341101133,0,0.0,0,0,50.08734761904762,55.89039000646371,2.162251070595594,21,1029.5304857142858,1022.0165,1130.15,1160.35472
1785551957139188800,1.0260290000005625,19.49262642672774,78.23700645883888,0,0.0,0,0,49.943830000000005,51.020084403415915,2.1628374045913907,20,1020.18732,1001.7961,1104.00993,1133.013506
1785551958171589200,1.0324057999969227,20.340838844631243,81.64145278460391,0,0.0,0,0,52.07303333333333,79.70569433139222,2.146948077016721,21,1075.1417380952382,1022.821,1278.1353,1308.34618
1785551959194092800,1.022503100000904,19.55984289923651,78.50679132408403,0,0.0,0,0,51.125260000000004,44.96348189762795,2.104433548429626,20,1019.4104300000001,998.5103,1109.600665,1138.705093
1785551960219373400,1.0252809000012348,20.48219175835101,82.20879699885025,0,0.0,0,0,48.8228,46.410058057375885,2.0749588463121142,21,1036.1593428571427,1022.7958,1140.9289,1171.60466
1785551961235583800,1.016204799998377,19.68107216186338,78.9933658059165,0,0.0,0,0,47.85535,43.35854609214586,2.017002729408841,20,1015.8809349999999,997.3712499999999,1109.5714799999998,1139.013576
1785551962235786200,1.0002058000027318,20.995679089186087,84.26976665679182,0,0.0,0,0,50.444,50.9807649722128,2.112828045820385,21,1027.0197285714287,1021.072,1105.8008,1135.55568
1785551963293446900,1.0576623999950243,18.90962560462969,75.89703245608206,0,0.0,0,0,52.881730000000005,47.06412325911935,2.2389556806462756,20,1018.17181,997.3219,1110.5975,1139.38782
1785551964320514000,1.0270671000034781,20.44657062808154,82.06582547013195,0,0.0,0,0,48.90812380952381,44.77862279587107,2.239071945290885,21,1031.079519047619,1016.7782,1131.2959,1160.3979
1785551965339218900,1.0187050999957137,19.632767127684108,78.79948524881024,0,0.0,0,0,50.93506,40.2938483663959,2.2386576023918936,20,1018.3380450000001,1006.3872,1092.68652,1120.011864
1785551966364259700,1.0250398999996833,20.487007383816465,82.22812533934147,0,0.0,0,0,48.81108571428571,47.62440133931644,2.253719604228049,21,1032.6762476190477,1017.682,1131.4764,1160.7413600000002
1785551967379197600,1.0149335000023711,19.705724562203606,79.0923124518133,0,0.0,0,0,48.131515,42.97020281028624,2.243436825244654,20,1013.9838,990.83695,1110.916095,1140.197299
1785551968414309800,1.0351099000035902,19.32161985884845,77.55064220690149,0,0.0,0,0,54.3689,56.67752192176923,2.2850735302639036,20,1036.2693450000002,1016.50545,1131.7881200000002,1160.347704
1785551969438057500,1.0237561999965692,20.512696284594295,82.33123215789313,0,0.0,0,0,48.75278095238095,42.42809099550225,2.3163501589415003,21,1022.4847666666667,988.8267,1147.1603,1177.76854
1785551970463594400,1.0255357999994885,19.5020008077826,78.2746321484243,0,0.0,0,0,51.276120000000006,52.36114549643206,2.3350818410992606,20,1039.53946,1018.0361499999999,1153.91662,1183.4930839999997
1785551971484920000,1.021326300004148,20.561499297447558,82.52711143799752,0,0.0,0,0,48.634990476190474,45.73606066842557,2.343743310798416,21,1027.559142857143,997.5492,1160.4149,1190.81954
1785551972499165600,1.0142395999937435,19.719206388829004,79.14642408016329,0,0.0,0,0,49.083295,46.93488185475113,2.3423085450259014,20,1029.99947,1012.95915,1129.5459050000002,1158.926061
1785551973528819100,1.0296592000013334,20.39509771774273,81.85923009758069,0,0.0,0,0,50.5825380952381,47.37360111727286,2.3348122622932808,21,1023.3092809523808,1019.0798,1128.501,1159.5980399999999
1785551974546653800,1.0178310000046622,19.649627492096812,78.86715721925576,0,0.0,0,0,47.27467,70.92953487116706,2.3423409858166204,20,1067.367405,1031.68505,1254.8974050000002,1284.099721
1785551975570630400,1.0239778999966802,20.50825510986915,82.31340673980685,0,0.0,0,0,50.10184761904762,55.18409445305431,2.351794242320453,21,1023.7959666666667,991.9066,1153.4436,1184.38384
1785551976606664600,1.036036099998455,19.30434663428217,77.48131315126925,0,0.0,0,0,54.010484999999996,61.339003974008634,2.354755780773688,20,1038.0957,1010.8869500000001,1163.522345,1192.171989
1785551977618212800,1.0115435000043362,20.760352866594445,83.32524441572575,0,0.0,0,0,46.307161904761905,35.4976383377187,2.3618345005649446,21,1027.4446142857144,1020.4481,1134.8078,1168.31636
1785551978642403700,1.024191599994083,19.527596203791894,78.3773636695163,0,0.0,0,0,49.81966,57.91980650738616,2.326278730857325,20,1032.352565,1011.1232,1145.8465050000002,1173.8784210000001
1785551979667464200,1.0250609000067925,20.486587674801413,82.22644076507208,0,0.0,0,0,50.487004761904764,56.18443129663659,2.30267742775563,21,1032.8280476190475,1020.7486,1144.8137,1176.2376199999999
1785551980700379300,1.0329211999996915,19.362561248627653,77.71496751158169,0,0.0,0,0,53.23447,53.42871428452071,2.3325335996544783,20,1025.25393,1004.15245,1133.57751,1163.818062
1785551981713160600,1.0127737000002526,20.735135598401463,83.22403057561525,0,0.0,0,0,46.44351904761905,39.222562569783975,2.376864301669181,21,1024.3441714285714,1017.0685,1150.7234,1180.28684
1785551982748806700,1.0356500999987475,19.311541610457226,77.51019142478438,0,0.0,0,0,53.653035,49.98506500876854,2.3732056020732033,20,1019.769325,1001.8069,1097.30188,1129.3310159999999
1785551983763159100,1.0143494000003557,20.702925441660078,83.09474957541302,0,0.0,0,0,46.57783333333333,46.08879569998909,2.3722591065670726,21,1031.1104285714287,1016.8012,1158.9793,1187.9009
1785551984787879400,1.0247203999970225,19.51751912039432,78.33691756330141,0,0.0,0,0,50.06958,50.08682995331418,2.338695627964654,20,1016.934505,1001.0760499999999,1095.7529450000002,1125.817709
1785551985812977900,1.0250983000005363,20.485840235993965,82.22344079095235,0,0.0,0,0,49.88632857142858,50.98586859504448,2.336863241746466,21,1026.470523809524,1018.8703,1111.8002,1143.16636
1785551986836472500,1.023494799999753,19.54089068161834,78.43072334126111,0,0.0,0,0,49.939589999999995,58.131234437795996,2.327785732724841,20,1026.29766,999.6897,1148.662395,1176.8096790000002
1785551987864159200,1.0276845999978832,20.434284993706488,82.01651496497429,0,0.0,0,0,49.9183619047619,53.95523829760625,2.318731463153468,21,1033.332342857143,1021.2669,1125.6059,1152.14726
1785551988883137900,1.0189787000053911,19.627495648235026,78.77832726000582,0,0.0,0,0,50.17849,47.74014976424484,2.322711174522957,20,1017.94354,1002.3405,1092.8981099999999,1121.6262619999998
1785551989923741300,1.0406099999963772,20.180471069923517,80.99778915760318,0,0.0,0,0,52.24556666666666,56.2447557244614,2.3024702957724275,21,1037.1845952380952,1019.7189,1137.0761,1167.51874
1785551990931806700,1.0080606999981683,19.840075106624376,79.63155145334588,0,0.0,0,0,47.571635,75.67249636700228,2.278243215881368,20,1073.9697350000001,1023.8765999999999,1284.4571449999999,1313.0186290000001
1785551991965831600,1.0340299000017694,19.34180046434419,77.63164053560021,0,0.0,0,0,54.53299,55.926557697685325,2.3174300893556916,20,1037.6840399999999,1020.3542,1129.88139,1155.4597979999999
1785551992987030300,1.0211992000040482,20.56405841281187,82.53738288736015,0,0.0,0,0,48.62954285714286,48.61525347879584,2.232750946780761,21,1045.1146857142858,1031.7544,1159.4398,1189.91356
1785551994003385000,1.0163523999945028,19.67821397392103,78.98189397735882,0,0.0,0,0,47.152015,49.250937293066336,2.0970542709877384,20,1033.558425,1021.5648,1127.345765,1156.883393
1785551997600697000,1.0296551999999792,19.423978046243445,77.96147438482477,0,0.0,0,0,53.33512105263158,49.13520491273237,0.0,20,1019.6489750000001,1015.1276,1089.05743,1119.412286
1785551998636817400,1.0361215000011725,19.30275551658504,77.47492692691847,0,0.0,0,0,51.81128,61.620750347825634,0.3440410068546193,20,1049.362335,1030.0005,1166.122395,1195.972079
1785551999746582300,1.1097675999990315,17.12070166764337,68.7168787636858,0,0.0,0,0,58.41017368421053,71.2548426666009,5.202606466260927,19,1044.1789578947369,1006.463,1201.05202,1230.639124
1785552002637268900,1.0040077000012388,19.920165950893924,79.95300982243558,0,0.0,0,0,51.368831578947365,32.829487051007675,0.0,20,1004.7096349999999,994.09685,1038.44084,1043.379928
1785552003638706800,1.0014444000044023,19.97115366555755,80.1576577787515,0,0.0,0,0,50.657955,49.54332191080188,0.14470795766695807,20,1024.714595,1016.3208500000001,1098.31184,1127.092128
1785552004652772900,1.014063399998122,19.722632726944923,79.1601762770934,0,0.0,0,0,48.47891,42.78234586800224,0.5268515228528541,20,1016.63305,992.68355,1108.283135,1137.806627
1785552005676526200,1.023752199995215,19.535977554034538,78.41100365925972,0,0.0,0,0,49.632295,54.52683183280141,0.7987113785402461,20,1027.536295,1013.0274,1121.241145,1150.3559089999999
1785552006701126300,1.02459930000623,20.495817242772187,82.26348522245478,0,0.0,0,0,49.97522857142857,53.779484107344715,1.4474153653388762,21,1018.6065285714287,989.6913,1134.159,1165.4923600000002
1785552007724474300,1.023348700000497,19.54368046785058,78.44192062779872,0,0.0,0,0,50.140495,62.55883913617455,1.440469510373907,20,1044.2290150000001,1031.3168999999998,1155.37934,1184.5426679999998
1785552008750401700,1.0259248000002117,20.469336543960793,82.15720038640514,0,0.0,0,0,49.79740476190476,63.626067141632106,1.6030918235068932,21,1032.5430476190475,997.7489,1183.0857,1213.21794
1785552009773590100,1.0231887999980245,19.546734678916163,78.45417922885296,0,0.0,0,0,50.490525000000005,59.80898092059309,1.5913151511328754,20,1036.446895,1017.94625,1140.9257550000002,1169.5269110000002
1785552010796192000,1.022603400000662,20.535820631914977,82.42404570036187,0,0.0,0,0,49.663709523809516,48.99712595018105,1.7140024938130771,21,1019.4303238095239,996.6677,1129.4415,1159.7339
1785552011830431300,1.0342447000002721,19.33778340850549,77.61551739156012,0,0.0,0,0,53.936490000000006,54.09909863197839,1.804949292812535,20,1026.558315,1008.8187,1117.6568099999997,1146.8272819999997
1785552012853697500,1.0232663999995566,20.52251495799051,82.37064109115332,0,0.0,0,0,48.72705238095238,41.65748324024891,1.8668847051034574,21,1027.2411857142858,1022.6134,1141.1677,1171.67298
1785552013881226100,1.0275275999956648,19.464197360814815,78.12290151655165,0,0.0,0,0,51.376189999999994,46.65000191180568,1.8717577964562067,20,1027.14964,1008.53685,1121.68567,1151.402734
1785552014893730200,1.0124999000036041,20.740742789135336,83.24653599936156,0,0.0,0,0,46.09950476190476,39.71881484775793,2.0104469543812895,21,1023.3427047619047,1020.0249,1137.7343,1168.54134
1785552015916861600,1.0231316999997944,19.547825563418687,78.45855768129961,0,0.0,0,0,49.992284999999995,53.71699253820678,1.987717948785056,20,1023.1645050000001,1007.56575,1109.340665,1137.829493
1785552016939854500,1.0229924000013852,20.52801174277694,82.39270338165353,0,0.0,0,0,49.87516190476191,55.35358218707689,2.0056946905962545,21,1028.7237666666667,1020.1292,1138.7447,1169.5096600000002
1785552017963704900,1.0238524999949732,19.53406374462942,78.40332225627628,0,0.0,0,0,50.517250000000004,52.323544774659425,1.9914599308868208,20,1019.48454,1000.4111,1107.3865349999999,1138.235467
1785552018987066700,1.0233600999999908,20.52063589346525,82.36309914271698,0,0.0,0,0,49.793571428571425,54.54506879145119,2.0030364084615098,21,1031.205638095238,1020.0059,1143.7403,1174.74974
1785552020019781500,1.0327204999994137,19.366324189372975,77.73007072101848,0,0.0,0,0,53.362625,50.300385511454294,2.032568318928414,20,1019.7420399999999,1003.5126499999999,1099.3309949999998,1128.753559
1785552021037653200,1.0178556000028038,20.631610220489186,82.80851367794,0,0.0,0,0,46.956719047619046,50.84460072564853,2.0694869763694466,21,1046.3997857142856,1026.4496,1173.2282,1202.469
1785552022071784800,1.0341465000019525,19.339619676672733,77.62288756945794,0,0.0,0,0,53.294135,50.722659432148895,2.0988114270057565,20,1022.267355,1000.48905,1111.76436,1141.195512
1785552023087548600,1.0157601999962935,20.67417093136414,82.97933840615882,0,0.0,0,0,47.08664285714286,49.35497380019132,2.1382102152501683,21,1045.9249,1023.2172,1167.4298,1197.0626
1785552024118144000,1.0305972999994992,19.406222003501966,77.890207455462,0,0.0,0,0,52.87197,51.408941729677416,2.147158226901196,20,1021.7848550000001,998.34015,1133.366855,1159.852171
1785552025137010600,1.0188679000057164,20.6111116071889,82.72623897026014,0,0.0,0,0,46.489200000000004,42.69462810958775,2.1651798791969328,21,1032.2050619047618,1018.1547,1127.6882,1158.0944399999998
1785552026157065300,1.0200521999940975,19.60683972851167,78.69542117595992,0,0.0,0,0,50.070895,81.44070643893065,2.1417651704373375,20,1051.219825,996.9259500000001,1253.9513350000002,1285.140747
1785552027185564600,1.0285044000047492,20.41799723939249,81.95114126357728,0,0.0,0,0,51.89901428571429,53.90934435249872,2.125653443846615,21,1026.9934523809522,1015.0333,1107.6706,1144.15708
1785552028203727100,1.018152500000724,19.643422768186277,78.8422534934039,0,0.0,0,0,48.175885,37.657699628772015,2.1014965132863894,20,1003.4397000000001,983.40935,1089.33132,1115.4725839999999
1785552029235826500,1.032107699997141,20.34671381684118,81.66503299532934,0,0.0,0,0,51.748080952380946,50.906687633037166,2.07944451707855,21,1019.0139380952381,1011.0194,1080.4498,1116.32012
1785552030261173800,1.0253464999987045,19.505601277251415,78.28908325146809,0,0.0,0,0,51.266645000000004,48.1720932784191,2.074649714897887,20,1012.9669299999999,991.76985,1098.4438400000001,1132.677888
1785552031285215100,1.0240416000015102,19.530456575172828,78.38884426168,0,0.0,0,0,51.202890000000004,45.966514383371916,2.06483585770691,20,1027.62826,1020.18485,1099.068835,1134.363767
1785552032308184100,1.0229687000028207,20.52848733293804,82.39461224450717,0,0.0,0,0,48.71160952380952,44.208425706995094,2.0703525781475456,21,1022.1085047619048,1005.1438,1145.4424,1179.75936
1785552033325468000,1.017279799998505,19.66027439061445,78.90989037639199,0,0.0,0,0,48.794079999999994,44.64519998426895,2.0835806460701027,20,1023.137575,1009.9681499999999,1104.914455,1138.794571
1785552034356391400,1.0309285999974236,20.369984885522122,81.75843542919523,0,0.0,0,0,51.06349047619047,42.39750280424432,2.1034475993726383,21,1011.5918523809523,1012.787,1091.5495,1126.74694
1785552035379929100,1.0235362000021269,19.540100291478154,78.42755097458516,0,0.0,0,0,51.177659999999996,44.00073806404184,2.1204951482777132,20,1019.20875,1003.7891,1078.4821299999999,1113.0549859999999
1785552036401618000,1.0216911999959848,20.554155698005943,82.49763663945744,0,0.0,0,0,48.6536,42.27583500832361,2.1323831557519237,21,1025.2063809523809,1017.3943,1143.5775,1177.8251
1785552037430263700,1.0286441999996896,19.443068847329364,78.03809859621454,0,0.0,0,0,51.43066,43.70972179865951,2.140691270518322,20,1022.26169,1007.4281,1088.990465,1121.823453
1785552038445184400,1.0149175000042305,20.69133698050577,83.04823729480343,0,0.0,0,0,46.035833333333336,43.737381144855185,2.1750015747944365,21,1018.2986476190476,1011.1598,1142.9794,1179.9792400000001
1785552039472365400,1.0271855999963009,19.47067793792283,78.14891242662385,0,0.0,0,0,53.76866,60.75701648806455,2.183619314020158,20,1025.57709,1001.8206,1132.194265,1167.624933
1785552040497452600,1.025087000001804,20.486066060698306,82.22434717721683,0,0.0,0,0,48.81350952380952,35.698556590090654,2.1868495796066734,21,1011.6279761904761,1012.6991,1091.4953,1127.42074
1785552041525996200,1.0285421000007773,19.444998896967743,78.04584518216545,0,0.0,0,0,51.425325,45.10113771106556,2.1896015184421116,20,1019.2266149999999,1002.3488,1096.6942850000003,1129.846777
1785552042540110100,1.0141050000020186,20.707914860845968,83.11477546687199,0,0.0,0,0,46.379261904761904,45.31391396224206,2.195796202948163,21,1019.4213428571429,1006.3731,1143.2274,1178.09068
1785552043573948900,1.0338476999968407,19.345209163846008,77.645321936921,0,0.0,0,0,53.69938499999999,48.5536981398325,2.217831367596219,20,1016.2830799999999,1000.2298499999999,1082.425815,1115.454123
1785552044587606500,1.0136471000005258,20.71726935339637,83.15232133052645,0,0.0,0,0,46.29324285714286,41.53250953101163,2.2431886512314265,21,1016.589019047619,1012.4298,1113.5458,1148.69852
1785552045619978200,1.0323824000006425,19.372666562300513,77.7555269248585,0,0.0,0,0,53.69349999999999,47.969685001895236,2.2264775559802454,20,1010.839515,996.5790999999999,1069.0499,1103.78342
1785552046638090800,1.0181108999968274,20.626436668211134,82.78774873666774,0,0.0,0,0,46.5688619047619,42.12038435931558,2.2490740166650505,21,1021.2306523809524,1010.1258,1131.0927,1168.45614
1785552047669740800,1.031652400000894,19.38637471301639,77.81054694384508,0,0.0,0,0,53.59209,48.34237922347442,2.261585526741926,20,1010.9556650000001,995.12635,1076.844945,1111.307069
1785552048687323400,1.0175731999988784,20.637335967597366,82.83149494807145,0,0.0,0,0,46.671371428571426,44.534833698399986,2.2844101928845815,21,1026.5134142857144,1015.9936,1116.0532,1152.52632
1785552049708699500,1.0213793000002624,19.581364141602304,78.59317052928267,0,0.0,0,0,49.907835,48.87016886422825,2.273599763479795,20,1008.6659,989.4298,1088.166215,1123.305803
1785552050738307300,1.0296042000045418,20.39618719495061,81.8636029016084,0,0.0,0,0,49.94629047619048,53.10967436320717,2.2421722388040135,21,1022.0144619047619,1014.0168,1115.2428,1151.13472
1785552051757722900,1.0194200999976601,19.61899711418865,78.74421693292516,0,0.0,0,0,50.008125,49.124503490597874,2.2119321815443764,20,1007.1703100000001,986.1369500000001,1103.180085,1137.785697
1785552052780311000,1.0225826000023517,19.558322232310626,78.50068786601238,0,0.0,0,0,50.244915000000006,55.17936856256555,2.181883296221903,20,1024.6877049999998,1012.3616,1102.609655,1136.091531
1785552053804259600,1.0239521999974386,20.50876984301858,82.31547270977185,0,0.0,0,0,49.80109523809523,58.48298180402121,2.1565440609101234,21,1018.1270761904763,989.4031,1145.0716,1181.75464
1785552054828474900,1.0242197000043234,19.527060453841667,78.37521334500904,0,0.0,0,0,51.99892,60.02109399123647,2.1401134657327785,20,1031.40264,1015.54735,1132.468335,1167.994307
1785552055862135200,1.0336629999947036,20.316099154277172,81.54215578523356,0,0.0,0,0,51.16070476190477,54.21914206944329,2.1035023842185505,21,1021.4955476190477,992.3157,1141.0864,1178.0746399999998
1785552056875728100,1.0135890000019572,19.73186370408655,79.1972263904255,0,0.0,0,0,48.981025,50.39805639378812,2.0929964247211137,20,1029.241915,1013.43625,1133.824955,1168.927151
1785552057908421400,1.0326979000019492,20.335085410709524,81.61836038868765,0,0.0,0,0,50.79512380952381,54.57903849319723,2.084416831000106,21,1020.4290095238096,989.0439,1146.8915,1183.19886
1785552058926508000,1.018081499998516,19.644792681164674,78.8477518745965,0,0.0,0,0,46.76628,52.38218284680796,2.084291971122124,20,1027.729245,1007.3108500000001,1145.571235,1180.654887
1785552059955932100,1.0294282000031671,20.399674304565767,81.87759901539582,0,0.0,0,0,52.96001428571429,58.165643002328146,2.0897358974022215,21,1018.8792666666666,1000.0398,1136.2555,1172.68318
1785552060981787100,1.0258555999971577,19.495921258367567,78.2502308319245,0,0.0,0,0,51.294055,47.331257547434255,2.090988572005958,20,1028.2868,1009.92755,1115.979145,1148.8923889999999
1785552061998085700,1.0162913000021945,20.663366890924536,82.93597453291001,0,0.0,0,0,46.16822380952381,44.64582202325213,2.118041166169994,21,1019.354538095238,1014.5707,1141.5014,1175.1676400000001
1785552063025931200,1.0278536999976495,19.458022090153236,78.09811600637676,0,0.0,0,0,53.731775000000006,59.8243053030673,2.1220333476005755,20,1027.3539500000002,1009.5244,1134.4278250000002,1169.751485
1785552064069494300,1.0435617999974056,20.12338895506927,80.76868027864717,0,0.0,0,0,49.69149523809524,40.96917617131783,2.1092003688876217,21,1019.0839238095238,1017.8776,1119.7846,1155.6755600000001
1785552065073407500,1.0039149000003817,19.922007333482544,79.96040052794264,0,0.0,0,0,50.198115,46.61060776594547,2.0916207591295506,20,1024.559265,1004.0162,1126.00088,1159.686816
1785552066092051700,1.0186398000005283,20.615726972369533,82.7447635316785,0,0.0,0,0,46.41249047619048,39.51353396435081,2.1114763701167303,21,1019.3175571428573,1008.794,1144.5235,1179.4217400000002
1785552067118088300,1.0260325999988709,19.492558033752545,78.23673195187789,0,0.0,0,0,50.34272,51.76701354259853,2.107270285142938,20,1017.3731599999999,999.2512,1101.39462,1134.655564
1785552068140633700,1.0225430999998935,20.53703164199356,82.42890629745463,0,0.0,0,0,49.63884761904762,45.68555129541088,2.101841347899843,21,1012.5091,1010.9245,1108.7457,1145.83522
1785552069166097600,1.0254629000046407,19.50338720192558,78.28019667960365,0,0.0,0,0,50.160714999999996,52.90946968011318,2.0733672672024746,20,1015.810975,999.20405,1090.1555200000003,1124.507824
1785552070187423100,1.0213270999956876,20.561483191906557,82.52704679564059,0,0.0,0,0,49.93412380952381,50.620623586902845,2.0764087140272047,21,1022.0639,1017.1762,1111.8397,1147.8057000000001
1785552071220702700,1.0332879000052344,19.355689735550648,77.68738751280583,0,0.0,0,0,53.574365,50.35341915009896,2.1016960417398733,20,1014.2692450000001,998.4376,1089.53279,1123.3055180000001
1785552072238096800,1.017388199994457,20.641088622921334,82.84655687520184,0,0.0,0,0,46.55689523809524,48.64417805901829,2.1133426426248896,21,1028.845619047619,1016.0463,1153.4725,1189.68978
1785552073266289000,1.0281902000060654,19.451653983749328,78.07255651680639,0,0.0,0,0,49.983845,51.1743070470604,2.0885348004874507,20,1011.67359,994.0291,1088.827945,1122.1135889999998
1785552074287599000,1.0213089999961085,20.5618475897892,82.52850936917345,0,0.0,0,0,50.00490476190477,54.074081596893315,2.0719949175282664,21,1024.7542952380952,1016.5946,1118.2052,1153.79416
1785552075308541200,1.02094880000368,19.589620948599883,78.62631064330617,0,0.0,0,0,50.11954,53.497134516782644,2.0269045840672146,20,1014.5632149999999,991.688,1114.2930600000002,1135.7442119999998
1785552076337252200,1.028712399995129,20.413868832629444,81.93457119346388,0,0.0,0,0,49.6483,54.5656095188627,1.9949167939138157,21,1021.3736,1013.0921,1094.3427,1130.8419
1785552077360774900,1.0235175999987405,19.540455386428736,78.42897620920127,0,0.0,0,0,50.084815000000006,45.789178602628894,1.9706645395677018,20,1006.849365,995.94535,1061.5942499999999,1096.43645
1785552078384456100,1.0236890000014682,20.51404283915318,82.33663678605427,0,0.0,0,0,51.88708095238095,51.79911249716175,1.9533532288764102,21,1025.4608523809522,1013.9593,1095.9432,1130.25816
1785552079409435900,1.0249789000008604,19.512596795878636,78.3171609678332,0,0.0,0,0,51.247704999999996,44.840450418713814,1.9306753818406235,20,1008.4478750000001,986.2415,1104.816935,1138.670907
1785552080433131200,1.0236944999996922,20.51393262345975,82.33619441642536,0,0.0,0,0,48.74594285714286,50.615444004034686,1.943078488334677,21,1028.782742857143,1012.5762,1119.2245,1152.76898
1785552081452860200,1.0197152000037022,19.613319483643462,78.72142878688928,0,0.0,0,0,48.284055,46.34857107602047,1.9428584609174824,20,1011.1858249999999,991.929,1097.2606250000001,1130.6979649999998
1785552082477508100,1.0246601999970153,19.518665797752522,78.34151994996373,0,0.0,0,0,50.019785,56.16447792481121,1.9548759998079184,20,1023.69548,1007.4252,1104.755085,1138.7709369999998
1785552083501702400,1.0241892999983975,20.504022059235396,82.2964166635327,0,0.0,0,0,49.92877619047619,60.01662409772733,1.9623947375904345,21,1020.2719047619047,994.2431,1144.3522,1181.2824400000002
1785552084525188400,1.0234847000028822,19.541083515897874,78.4314973147854,0,0.0,0,0,51.87771,59.261093154596715,1.9563169443024346,20,1027.0872450000002,1010.12075,1130.4157850000001,1163.961957
1785552085557318600,1.0321378000007826,20.346120450180273,81.66265141625091,0,0.0,0,0,51.05012380952381,48.70770012118109,1.9414440601495768,21,1019.8809619047619,1020.8262,1125.2452,1160.65272
1785552086581576700,1.0242585000014515,19.52632074810378,78.37224440889311,0,0.0,0,0,51.21289,44.06426775459131,1.959343590577296,20,1021.662525,1009.9636,1079.017005,1114.241561
1785552087597472000,1.0158919999958016,20.67148870164032,82.96857281615402,0,0.0,0,0,45.7831380952381,38.16808668087092,2.0115011161350287,21,1017.2675761904762,1016.4565,1117.7881,1152.69186
1785552088621341300,1.02386149999802,19.533892035239802,78.4026330711285,0,0.0,0,0,50.109404999999995,56.015863132119,2.027171699671999,20,1019.047305,1002.9917,1098.0970900000002,1132.882138
1785552089645095200,1.0237519000002067,20.512782442695112,82.33157796823916,0,0.0,0,0,50.03828571428572,48.354824535999356,2.0442455662377426,21,1012.2523809523809,1008.5927,1100.9386,1137.42508
1785552090669087300,1.0239949000024353,19.531347275218298,78.39241923940158,0,0.0,0,0,50.08887,53.65784612064131,2.0539407176800806,20,1018.233835,1003.89335,1093.29637,1125.925754
1785552091692771700,1.023687200002314,20.51407890999568,82.33678156258031,0,0.0,0,0,49.94806666666667,51.77199044308934,2.05278559529464,21,1019.6291523809525,1017.1894,1119.6431,1150.5762200000001
1785552092718187800,1.025417799995921,19.504245001480914,78.28363960555328,0,0.0,0,0,50.075685,52.92674159950043,2.0285015059348814,20,1016.6511399999999,999.64445,1093.565735,1127.7845069999998
1785552093740787800,1.0225974999993923,20.535939115842236,82.42452125596834,0,0.0,0,0,50.003280952380955,48.5954864026755,2.025987821084939,21,1017.3858047619049,1016.4963,1096.1542,1130.91108
1785552094767807000,1.027029400000174,19.473639216167143,78.1607980258271,0,0.0,0,0,53.47877,50.46561546516598,2.0637803630853377,20,1018.56914,999.9032,1097.190035,1127.1740869999999
1785552095787100000,1.0192893000057666,20.602590451877788,82.69203784884542,0,0.0,0,0,46.88698095238095,43.44998089610189,2.1089299136733506,21,1025.1681095238096,1016.3006,1141.5153,1172.4020200000002
1785552096820968300,1.033870899998874,19.34477505849307,77.64357958047512,0,0.0,0,0,53.4258,59.853603966634594,2.116632552456929,20,1023.993015,998.84275,1142.977475,1178.356615
1785552097838156800,1.0171830999970553,20.64525059456925,82.86326166374964,0,0.0,0,0,46.50371904761904,43.69796706671398,2.136977202729667,21,1030.3694809523809,1018.4064,1140.4321,1176.35426
1785552098861777600,1.02362130000256,19.53847580150001,78.42103080484867,0,0.0,0,0,50.06004,50.63202603983289,2.128171421521165,20,1011.1089900000001,996.626,1083.24382,1116.013804
1785552099888171500,1.0263928999993368,20.46000123345901,82.11973151319974,0,0.0,0,0,49.80018571428571,58.37845020546782,2.12279457324641,21,1024.8197952380954,1016.9163,1128.4294,1165.1692400000002
1785552100909596500,1.021421500001452,19.580555138081166,78.58992345460311,0,0.0,0,0,50.19645,49.872918019549815,2.10520906912918,20,1012.3283450000001,994.0742499999999,1080.34998,1114.964636
1785552101937353400,1.0277606999952695,20.432771947883058,82.0104420955072,0,0.0,0,0,49.81146666666667,55.971796787331506,2.0736621740486707,21,1027.3714714285713,1017.7271,1108.8244,1146.04472
1785552102957548400,1.0201951999988523,19.604091452324514,78.6843904971228,0,0.0,0,0,50.077794999999995,52.0376113933847,2.040753332685102,20,1009.2454100000001,988.9552,1078.166595,1112.585399
1785552103994584000,1.0370395999998436,20.249949953698167,81.27665459931589,0,0.0,0,0,52.308352380952385,48.96745413025492,2.0078307788113836,21,1024.370361904762,1016.0899,1090.4733,1126.81514
1785552105012434000,1.0178490000034799,19.649280001190377,78.86576250477778,0,0.0,0,0,50.89179,38.093169899698076,1.9807898505270807,20,1013.3609549999999,999.2336,1090.609335,1124.680667
1785552106012687300,1.0002502999996068,19.99499525269611,80.25335008650491,0,0.0,0,0,50.010155,45.509285507262724,1.9581023426455697,20,1033.011085,1024.6052,1126.0340749999998,1155.5171349999998
1785552107053043900,1.040356299999985,20.185392254557698,81.01754117796108,0,0.0,0,0,47.587666666666664,38.8553106355918,1.9381698228423114,21,1019.5444857142857,996.9141,1118.7717,1146.51906
1785552108079379100,1.0263370000029681,19.486776760403416,78.2135278176348,0,0.0,0,0,49.777395,51.06164681473887,1.945469443001265,20,1038.7173,1026.3011,1130.6725199999998,1153.4181039999999
1785552109117503800,1.038125699997181,20.22876420462091,81.19162195409369,0,0.0,0,0,52.85566666666667,50.54231215801602,1.9135965766821375,21,1021.4648,995.9966,1134.3002,1163.2602
1785552110128915700,1.0113977000000887,19.774614872070845,79.36881555098748,0,0.0,0,0,46.733085,45.66497606328387,1.8876098773733585,20,1033.246685,1017.4441999999999,1131.394835,1160.564167
1785552111164127100,1.035221799997089,20.28550789797805,81.41937252020486,0,0.0,0,0,52.922000000000004,52.88276616782636,1.8594197741366263,21,1057.0026666666668,1022.5463,1197.8583,1209.69798
1785552112183878700,1.0197066000037012,19.613484898428045,78.72209270755788,0,0.0,0,0,51.003435,46.942631359422165,1.8594016727457985,20,1034.0956350000001,1017.92415,1129.751075,1157.627495
1785552113197207000,1.0133027999982005,20.724308666705838,83.18057482437598,0,0.0,0,0,46.028442857142856,44.19662288876347,1.9027306198964973,21,1036.432961904762,1020.396,1182.5283,1211.1479
1785552114220608200,1.0234706000046572,19.54135272660396,78.43257783822489,0,0.0,0,0,52.240525000000005,53.9513267171719,1.8974262477314665,20,1036.587015,1018.9889000000001,1141.6327600000002,1158.3202319999998
1785552115257630000,1.0370242999997572,20.25024871645237,81.27785373497973,0,0.0,0,0,50.60026666666666,40.4415747388666,1.8757202081605433,21,1021.7882476190475,1019.7675,1128.6406,1158.26908
1785552116299003600,1.0413725999969756,19.2054217674424,77.08426119549634,0,0.0,0,0,52.066280000000006,56.075367079940776,1.9475353442377152,20,1052.44823,1029.7371,1187.605355,1207.5409909999998
1785552117310420000,1.0114169000007678,21.751663433726783,87.30403975841512,0,0.0,0,0,45.97548181818182,33.993329245094074,2.3123050659158535,22,1031.936868181818,999.22775,1163.8888000000002,1187.343446
1785552118317287500,1.0067034999956377,18.873481616069014,75.75196234574575,0,0.0,0,0,49.535326315789476,46.16935265384799,2.4158725073042144,19,1025.5728368421053,1017.0821,1092.04338,1115.859396
1785552119340809900,1.0236836000040057,20.51415105206123,82.33707111715981,0,0.0,0,0,50.238728571428574,51.90803920441556,2.4203825804602235,21,1039.124780952381,1025.8599,1142.3814,1173.04268
1785552120370640200,1.0298381999964477,19.42052644781383,77.94762080128402,0,0.0,0,0,53.20456,54.10457892531541,2.429258695084922,20,1019.75246,997.35905,1116.1367050000001,1151.1150209999998
1785552121387417100,1.0167686999993748,20.65366488957903,82.89703388297833,0,0.0,0,0,46.501152380952384,38.94232277879196,2.4522166984884213,21,1017.8901666666667,1012.6783,1116.8102,1151.73292
1785552122414267100,1.0268485000051442,19.477069888985383,78.17456762083,0,0.0,0,0,50.135925,51.45157789949974,2.454206889953006,20,1012.8169,994.35375,1099.27591,1133.628062
1785552123437751900,1.0234864000012749,20.518103611317006,82.352935393079,0,0.0,0,0,49.90403333333333,48.821339171875785,2.455929781473055,21,1013.9965809523809,1011.286,1087.3521,1123.72234
1785552124461331200,1.0235830999954487,19.539204975237407,78.42395746897046,0,0.0,0,0,50.23268,51.656279142939276,2.4483378400782234,20,1013.61307,994.91595,1090.15369,1124.511618
1785552125487338100,1.0260081000014907,20.46767467037491,82.15053017113368,0,0.0,0,0,49.87830952380953,55.98728211305586,2.440827813017932,21,1028.841680952381,1014.2182,1137.9769,1173.5278600000001
1785552126512803700,1.0254606000016793,19.503430946022938,78.2803722540569,0,0.0,0,0,49.96805,49.95552386800525,2.4280720080171228,20,1011.01111,991.3841500000001,1098.089605,1131.911201
1785552127540480900,1.0276849000001675,20.434279028519907,82.01649102267267,0,0.0,0,0,51.95934761904763,55.919741675070526,2.3998753906896995,21,1026.5811380952382,1016.6526,1107.8195,1143.0479
1785552128562260400,1.0217807000008179,19.573671728174148,78.56229570585522,0,0.0,0,0,51.090865,45.451670241758464,2.373143855058604,20,1011.87673,988.7979,1115.40532,1148.912504
1785552129587404500,1.0251406999959727,20.48499293812303,82.22004001531802,0,0.0,0,0,46.91842857142857,44.09258453064577,2.3756967417902866,21,1026.5158666666666,1017.2354,1120.951,1156.21668
1785552130614194100,1.0267911000046297,19.478158702300615,78.17893776021047,0,0.0,0,0,53.330025,48.310515035721885,2.3826971733129665,20,1009.2396150000001,991.3581,1089.384835,1121.9620069999999
1785552131639442200,1.0252496999964933,20.482815064536794,82.21129874535764,0,0.0,0,0,48.823076190476186,43.52208315576019,2.389711462948422,21,1025.5346523809524,1014.9233,1112.5355,1148.03118
1785552132654168600,1.014720799998031,19.709855164138556,79.10889133262644,0,0.0,0,0,47.83875,41.68825526219332,2.3779134248196425,20,1010.6892799999999,989.20775,1097.637115,1132.373903
1785552133678442200,1.0242718000008608,19.526067202068038,78.37122675830042,0,0.0,0,0,52.05150999999999,58.46803096021026,2.3856083594943587,20,1026.291565,1012.27385,1126.3613950000001,1156.6959590000001
1785552134712413100,1.0339772000006633,20.30992559602526,81.51737714810919,0,0.0,0,0,51.196819047619044,48.42549043680011,2.3896871452346864,21,1013.586,987.2713,1126.5049,1161.07458
1785552135725351200,1.0129331999996793,19.744638639553262,79.24850078961319,0,0.0,0,0,48.859795000000005,45.326890633177996,2.3831776290159103,20,1023.55752,1009.962,1110.636735,1143.153107
1785552136750583800,1.0252345999979298,20.48311674229723,82.21250958090002,0,0.0,0,0,48.04557142857143,53.1560151537918,2.4102297691747974,21,1017.2757476190477,980.7597,1155.9095,1191.6383
1785552137773764400,1.0231805000003078,19.546893241215976,78.45481564589616,0,0.0,0,0,49.900335,57.52824313116284,2.429474130289516,20,1027.56232,1008.7643499999999,1124.04448,1151.530336
1785552138797246800,1.0234764000051655,20.518304085852897,82.35374003208535,0,0.0,0,0,50.14860952380952,54.503854289104225,2.4291327614799334,21,1013.929819047619,982.7704,1134.4627,1171.1867
1785552139820577100,1.0233363999941503,19.54391537339464,78.44286346157419,0,0.0,0,0,50.055155,60.71206204274035,2.448386610010054,20,1029.1017100000001,1007.02635,1136.2012650000001,1169.031213
1785552140850785000,1.0302130000054603,20.384134154673543,81.81522595284011,0,0.0,0,0,52.3829,52.37188358952731,2.4581669641057537,21,1012.5277047619047,979.2624,1140.1967,1176.8551
1785552141876944900,1.026158699998632,19.49016268149036,78.22711779387244,0,0.0,0,0,51.30668000000001,47.0832471965359,2.479209607865217,20,1020.0664300000001,999.15065,1111.3320300000003,1143.919766
1785552142902935100,1.0259892999965814,20.468049715596422,82.1520354795911,0,0.0,0,0,48.85572380952381,40.98973701757435,2.4857814530353517,21,1014.2241,978.9246,1127.4385,1163.45562
1785552143924791700,1.0218568000054802,19.57221403223303,78.55644499265405,0,0.0,0,0,51.093815,47.47047569835021,2.4476891717357248,20,1022.260785,1002.3399,1115.035085,1148.997737
1785552144946266700,1.0214769999947748,20.558465829487517,82.5149360929626,0,0.0,0,0,48.642785714285715,50.61187947497391,2.4593686625687172,21,1031.3733952380953,1013.6365,1182.656,1218.2454400000001
1785552145974379200,1.0281105000030948,19.453161892559017,78.0786087679859,0,0.0,0,0,51.403315,48.30480898050884,2.486433305743809,20,1020.87943,1000.3951999999999,1119.429065,1152.1054929999998
1785552146987474600,1.013090899999952,20.728643402088593,83.19797302986731,0,0.0,0,0,46.368904761904766,45.07124384302564,2.4700690843284354,21,1028.1174666666666,1019.2345,1157.0632,1187.0148
1785552148013424200,1.0259483999980148,19.494157795887883,78.24315287216719,0,0.0,0,0,50.1368,54.42276845399215,2.132076266629451,20,1018.4318800000001,998.783,1107.6295200000002,1140.594064
1785552149041110100,1.0276921000040602,20.43413586609942,82.01591641569202,0,0.0,0,0,51.90589523809523,54.1871179740672,1.990202790696342,21,1026.682423809524,1015.5824,1127.9019,1164.48334
1785552150063905400,1.0227971999993315,19.554218568464083,78.48421710584705,0,0.0,0,0,51.153665000000004,48.40644339536536,1.9813239433014707,20,1016.7790500000001,994.5185,1104.94449,1138.936098
1785552151087399200,1.023487099999329,20.518089578279753,82.35287906907205,0,0.0,0,0,46.622814285714284,49.65646479357231,1.9708006576350725,21,1029.1056047619047,1012.4932,1144.9406,1181.47804
1785552152119945900,1.0325505000000703,19.369512677586847,77.74286826648627,0,0.0,0,0,53.844865000000006,51.57771296712599,1.9667120260991537,20,1011.48395,994.6713500000001,1077.66139,1110.070678
1785552153137858200,1.017907199995534,20.630564358020195,82.8043159291631,0,0.0,0,0,46.41144285714286,48.14341571194935,1.9847733168238169,21,1025.372980952381,1012.1237,1146.2714,1181.4165200000002
1785552154162911000,1.0250602000014624,19.511049204692043,78.31094944461357,0,0.0,0,0,53.419225,51.346121197530074,1.980820939414763,20,1010.355765,990.8771999999999,1092.0138599999998,1127.248372
1785552155187549500,1.0246329000001424,20.495145139295335,82.26078761963264,0,0.0,0,0,46.6889761904762,42.358565269020914,1.985495974149696,21,1019.5413809523809,1011.6857,1093.2163,1130.54126
1785552156209586800,1.0220430999979726,19.56864637121436,78.54212557196388,0,0.0,0,0,53.310415,58.93891448943491,1.9810902660361356,20,1015.78768,988.23075,1130.892655,1165.9279709999998
1785552157239187700,1.0296013000042876,20.396244643351313,81.86383348063858,0,0.0,0,0,49.02877619047619,50.5289649005984,1.9683509683709524,21,1028.8308142857143,1013.6632,1137.3566,1174.17652
1785552158258196100,1.0190030000012484,19.6270275945954,78.77644864627646,0,0.0,0,0,48.086574999999996,53.94292294194783,1.9618092884326348,20,1019.4289000000001,991.65545,1144.1439599999999,1178.273432
1785552159282613600,1.0244179000001168,19.52328244166538,78.36004964379366,0,0.0,0,0,52.04839499999999,52.173783603861864,1.9680660990038117,20,1022.3066849999999,1012.8103000000001,1087.82513,1120.9023059999997
1785552160302389400,1.019767400001001,20.592931289997487,82.65326914247039,0,0.0,0,0,47.6696619047619,41.237186425051796,1.984761283088606,21,1002.8565380952381,978.765,1103.9001,1140.93658
1785552161335113100,1.0327318999989075,19.366110410670146,77.72921268345145,0,0.0,0,0,54.600615000000005,68.1897186724947,2.002446598349685,20,1039.705925,1015.29205,1173.0000400000001,1205.966408
1785552162350559900,1.0154473000002326,20.680541471719103,83.00490766481006,0,0.0,0,0,45.88074761904762,41.48415765018761,2.034641671009604,21,1019.6712904761904,1017.879,1133.6157,1168.12642
1785552163374784600,1.0242145999945933,19.527157687564284,78.3756036092668,0,0.0,0,0,49.94052,53.08727159369501,2.053101261007829,20,1020.0881649999999,1007.3828,1090.696825,1124.074885
1785552164404181900,1.0294098000013037,20.400038934905616,81.87906252193564,0,0.0,0,0,52.70795238095238,54.012834450115825,2.043922317252283,21,1019.2394190476191,1017.6705,1117.9272,1152.72512
1785552165422218100,1.0180314000026556,19.645759452947942,78.85163217931255,0,0.0,0,0,47.41975,45.753649656134705,2.0488690116645656,20,1025.84002,1007.634,1126.851635,1149.641527
1785552166453612900,1.0314004000028945,20.360666914557203,81.72103615120128,0,0.0,0,0,52.431347619047614,53.218493426210586,2.056899563752397,21,1020.9980428571429,1017.1843,1136.7367,1173.0655
1785552167478174900,1.024556999997003,19.52063184386862,78.34941101396488,0,0.0,0,0,51.227275,47.979294457569765,2.0560751439079814,20,1025.821335,1004.673,1120.85228,1153.904376
1785552168502241900,1.0240709999998217,20.506390670181712,82.30592349067075,0,0.0,0,0,48.76481428571428,39.81054980674451,2.063317919943431,21,1020.4659952380952,1020.1045,1109.8964,1146.18048
1785552169526148300,1.023906900001748,19.5330259030053,78.39915670053885,0,0.0,0,0,51.19565,51.180039984378986,2.05602587993619,20,1033.21351,1006.7195,1144.609095,1176.854299
1785552170541381400,1.0152285000003758,20.684998500329954,83.0227967151915,0,0.0,0,0,46.2599380952381,50.62146672466609,2.0907665355558147,21,1024.801080952381,1019.2057,1145.9929,1180.67066
1785552171565006800,1.0236231999951997,19.538439535264335,78.42088524407853,0,0.0,0,0,50.15136,59.07863460536394,2.1007320321205682,20,1023.54445,1003.0797,1126.881435,1159.744367
1785552172587562500,1.0225602999998955,20.536686198361256,82.42751980006325,0,0.0,0,0,49.8847380952381,58.14898298011305,2.101930939807198,21,1030.7962952380954,1019.108,1144.3104,1179.44152
1785552173615056400,1.02748380000412,19.465027088426897,78.12623177093218,0,0.0,0,0,50.16101,49.82027832924112,2.1133718269022586,20,1012.97979,994.19145,1092.6626999999999,1127.8461399999999
1785552174638065500,1.0230130999989342,20.527596371954452,82.39103621946563,0,0.0,0,0,49.824795238095234,53.39932384122926,2.1236137640155572,21,1019.3606095238094,1013.6461,1120.3029,1154.95658
1785552175668877700,1.0308199999999488,19.402029452281674,77.8733799305446,0,0.0,0,0,53.555499999999995,48.945526147039494,2.1312905651643814,20,1013.08074,998.4102499999999,1079.6805800000002,1113.518516
1785552176689722000,1.0208457999979146,20.571177351214942,82.56595597020842,0,0.0,0,0,48.61325714285714,49.40447508633779,2.1333698586285434,21,1032.154819047619,1019.0039,1141.1154,1175.40276
1785552177719053000,1.029329900004086,19.430116622397353,77.98611261528626,0,0.0,0,0,51.465535,47.07010514269646,2.1070512863438733,20,1016.7729299999999,995.3143,1109.55951,1142.111982
1785552178743615100,1.0245632000005571,20.496539403317023,82.26638373792282,0,0.0,0,0,48.78961428571428,44.10156053709761,2.1065920032418326,21,1028.1089428571427,1017.3221,1115.6387,1150.18838
1785552179757668500,1.0140419999952428,19.7230489467831,79.16184684695169,0,0.0,0,0,47.770805,45.494342948644956,2.0921696610608924,20,1011.5795949999999,993.51625,1093.2431250000002,1127.9192649999998
1785552180787776200,1.030105800004094,20.38625546998817,81.82374021645643,0,0.0,0,0,49.87328095238095,55.3641637083919,2.084706972673609,21,1024.558280952381,1012.9342,1114.2889,1149.10234
1785552181805811600,1.0180443999997806,19.64550858489503,78.85062527726423,0,0.0,0,0,50.08397,53.081067292903874,2.066369970356195,20,1015.599755,993.04385,1113.17325,1145.9558499999998
1785552182834642400,1.0288345999942976,20.4114441719946,81.92483940126738,0,0.0,0,0,51.74232857142857,59.75394406559406,2.0337251409565704,21,1033.4721952380953,1015.9401,1140.2236,1175.6067200000002
1785552183861164200,1.0265205000032438,19.483293319458113,78.19954642868441,0,0.0,0,0,51.324104999999996,48.1204423939772,2.0171805764305963,20,1022.36327,1021.1713,1128.7766000000001,1160.2436400000001
1785552184881013000,1.01985109999805,19.61070591583246,78.71093878327287,0,0.0,0,0,50.994344999999996,52.40692760078752,2.0054550648123945,20,1031.841245,1010.5491999999999,1139.43105,1173.07245
1785552185906667800,1.025653800003056,20.47474498699018,82.17890810207973,0,0.0,0,0,48.84108571428572,48.586450729985266,2.002646165210355,21,1021.8428619047618,990.2337,1157.0272,1193.07024
1785552186927360600,1.0206898999967962,19.594589894602443,78.64625436212503,0,0.0,0,0,46.81582,51.16013129353961,1.9997174013488435,20,1028.713775,1009.6123500000001,1144.5047699999998,1172.6592739999999
1785552187953406300,1.0260490000000573,20.46685879524158,82.14725551605751,0,0.0,0,0,52.87788571428572,65.63704445137125,2.0083619170045313,21,1030.5004047619047,1021.1885,1174.2517,1208.04146
1785552188973623900,1.0201645999986795,19.604679480179854,78.6867506479875,0,0.0,0,0,47.185559999999995,43.38927011037345,2.0106777389409807,20,1019.224575,1007.9393500000001,1085.6049500000001,1120.93659
1785552189997583600,1.0240050000065821,20.5077123645539,82.31122833819973,0,0.0,0,0,50.25897142857143,66.50718381236076,2.0130554748538034,21,1032.1951,1003.6509,1192.9669,1227.13642
1785552191020789000,1.023201699994388,19.546488243822985,78.45319011925046,0,0.0,0,0,49.74472,54.17709901280002,1.9944907201191917,20,1021.9280650000001,1006.9391,1100.5803600000002,1135.371032
1785552192045139700,1.0243522000018856,20.500761359190076,82.28332928346798,0,0.0,0,0,50.369504761904764,54.2617068826394,1.9710462421978228,21,1019.7747047619047,1015.0687,1126.607,1161.6218800000001
1785552193074648300,1.0295190000033472,19.42654773727826,77.97178828145864,0,0.0,0,0,53.4717,52.725927315116486,1.9538848862541567,20,1023.38141,1005.5172,1107.168225,1140.663325
1785552194094187700,1.0195357999982662,20.59760922572382,82.67204484152822,0,0.0,0,0,46.32125714285714,42.886294064299506,1.972134468529944,21,1018.5918761904762,981.2654,1161.1146,1195.5718
1785552195117835600,1.0236412000012933,19.53809596563203,78.41950626830825,0,0.0,0,0,49.986605000000004,54.43118188383407,1.9809875202373455,20,1019.6427,1000.6397,1114.4044000000001,1148.37792
1785552196142193200,1.0243604999996023,20.50059524943431,82.28266257341309,0,0.0,0,0,50.32785238095238,48.99259891362796,1.997145796562237,21,1017.5393476190477,1013.6136,1121.5723,1157.6923800000002
1785552197166100900,1.0239083999986178,19.532997287674362,78.39904184798988,0,0.0,0,0,49.59733,50.623044106353284,2.0107090163389834,20,1015.557625,996.9575,1098.14761,1132.7885619999997
1785552198187671300,1.021567199997662,20.556650605117373,82.50765037796133,0,0.0,0,0,50.0227380952381,68.16650265250871,2.019055421507578,21,1041.9882095238095,1018.348,1195.4783,1230.8959
1785552199211922700,1.0242556000011973,19.526376033459442,78.37246630617022,0,0.0,0,0,50.13145,54.675782073558516,2.017428951969234,20,1016.63833,994.50755,1118.355255,1151.454091
1785552200238130100,1.0262074999991455,20.46369764401204,82.13456769227489,0,0.0,0,0,49.96688095238095,53.372719624576185,2.014564620897597,21,1018.7399857142858,1010.5874,1113.9691,1151.14814
1785552201262540700,1.0244116000030772,19.523402507292893,78.36053154782596,0,0.0,0,0,49.866789999999995,50.169763933604266,1.982758008992106,20,1010.0977650000001,991.76705,1079.57713,1114.461586
1785552202288540300,1.0259975000008126,20.467886130310617,82.15137890193031,0,0.0,0,0,50.33795714285714,61.9788210526755,1.9831093948193599,21,1031.9046761904763,1017.865,1162.1712,1198.7852
1785552203317357400,1.0288225999975111,19.43969737839,78.02456662615518,0,0.0,0,0,53.225835,51.77574872154027,1.9864342406558149,20,1013.837665,995.5200500000001,1105.62444,1134.837928
1785552204337603800,1.0202419999986887,20.583351793032428,82.61482018492508,0,0.0,0,0,46.81798095238095,46.10960358656989,1.9941790609850387,21,1027.7781857142857,1014.9795,1143.1802,1176.22908
1785552205363939400,1.0263401999982307,19.486716003167835,78.21328395802716,0,0.0,0,0,53.171465,54.0886678014251,1.9922967141149737,20,1019.2411050000001,993.5070499999999,1122.832355,1157.711111
1785552206388811800,1.0248713000037242,20.49037766978516,82.24165256134475,0,0.0,0,0,48.80210952380952,57.31509366141614,1.9754579928134248,21,1043.6317380952382,1018.2554,1182.1367,1218.14358
1785552207405397600,1.0165813999992679,19.67378116500499,78.96410213688526,0,0.0,0,0,47.791430000000005,40.79405248436281,1.9454943272881615,20,1005.752115,985.00875,1097.4326500000002,1129.54189
1785552208431447100,1.0260558000009041,20.46672315480454,82.14671109985025,0,0.0,0,0,51.754547619047614,57.48646603288133,1.9280891476542659,21,1029.6821714285713,1013.8983,1123.9953,1160.00794
1785552209461955000,1.0305059000020265,19.407943224741043,77.89711587273993,0,0.0,0,0,51.523649999999996,50.94768005453706,1.9449061227779783,20,1015.472,984.2124,1146.97792,1180.431904
1785552210477925600,1.0159672999943723,19.685672954346842,79.01183187731009,0,0.0,0,0,49.05001,48.10166256760012,1.9479245412161075,20,1027.7854499999999,1013.2040999999999,1122.93584,1157.4313280000001
1785552211506775800,1.0288518000015756,20.411102940158962,81.92346980864583,0,0.0,0,0,50.65600952380952,53.37890337884345,1.9508386367845332,21,1023.5527857142856,988.971,1165.3623,1193.11598
1785552212541961400,1.035185900000215,19.320201328085947,77.54494868987621,0,0.0,0,0,51.759725,51.81797299884801,1.9965499549620833,20,1039.778595,1031.2599,1134.171945,1166.402709
1785552213565793400,1.0238337999981013,20.511141554458295,82.32499198127304,0,0.0,0,0,48.75565714285714,37.35393102285985,2.0099015683812342,21,1066.4471142857142,1045.2442,1180.9561,1182.6181
1785552214595103300,1.0293048000021372,19.43059043342504,77.98801433728214,0,0.0,0,0,51.461315,50.382938058635375,2.0174935831616754,20,1047.70775,1030.18455,1150.69531,1180.159142
1785552215623687700,1.0285644000032335,20.416806181444723,81.94636074779083,0,0.0,0,0,48.975780952380944,38.72431509313779,2.022384933908903,21,1033.1583285714285,998.9415,1171.0947,1194.27022
1785552216638111000,1.0144462999960524,20.70094789648473,83.08681235796118,0,0.0,0,0,48.29400952380953,42.30676664785321,2.058042290913049,21,1035.9146142857144,1017.1391,1134.4596,1156.0612
1785552217666183900,1.0280695000037667,19.45393769577516,78.08172258753507,0,0.0,0,0,51.421195,39.96060113883852,2.0764132860534192,20,1026.627645,1025.2886,1105.4774400000001,1129.162688
1785552218692686900,1.02650839999842,19.4835229794815,78.20046820866109,0,0.0,0,0,51.328869999999995,46.12367856069842,2.0807227959927648,20,1043.9793,1025.47995,1137.1586650000002,1162.748853
1785552219694636800,1.00194460000057,20.959242656717798,84.1235227725685,0,0.0,0,0,45.8196380952381,70.61795329454455,2.1810740269813924,21,1151.428061904762,1121.1818,1369.7291,1377.82462
1785552220717623400,1.0229879999969853,19.550571463261484,78.46957882227021,0,0.0,0,0,50.02443,54.620750253506166,2.175034232149927,20,1052.978335,1050.60815,1149.442315,1171.205903
1785552221741820000,1.0241948000038974,20.5039119510469,82.29597472539331,0,0.0,0,0,49.866861904761905,53.23754254003913,2.180113243366922,21,1032.5524333333333,1024.0595,1144.5179,1169.97414
1785552222765432500,1.02355869999883,19.53967075852402,78.42582697024778,0,0.0,0,0,50.06195,54.50949527618777,2.176222822121888,20,1045.72186,1028.47705,1160.45676,1163.962792
1785552223787638400,1.0222615000020596,20.542688930335036,82.45161279655957,0,0.0,0,0,50.09643333333334,46.15107292701149,2.1698573545483684,21,1032.3146761904761,1022.8692,1128.6998,1152.63348
1785552224819080900,1.031446799999685,19.390239031238554,77.82605704920944,0,0.0,0,0,53.161855,79.09518306012184,2.1734039403707657,20,1081.2685299999998,1055.48695,1206.86265,1211.25013
1785552225837666500,1.0185826999950223,20.616882654793397,82.74940206171959,0,0.0,0,0,46.54351428571429,43.62368132675515,2.1937743467721074,21,1024.4410666666668,1013.8035,1153.3331,1180.88726
1785552226860017900,1.0223523000022396,19.562728034119147,78.51837130881805,0,0.0,0,0,50.080239999999996,54.93550304989144,2.187579482273101,20,1017.25857,993.85565,1124.204565,1153.663153
1785552227888218500,1.0281979999999749,20.424081743011087,81.97556246462457,0,0.0,0,0,49.993542857142856,58.147094916414964,2.1816216611709125,21,1026.3164095238094,1016.1613,1130.2313,1166.55386
1785552228909750200,1.021528600002057,19.57850225628507,78.58168386067543,0,0.0,0,0,49.961124999999996,50.716210746984046,2.16557420232096,20,1009.4004499999999,994.53735,1094.781285,1130.0237769999999
1785552229937622200,1.0278725999960443,20.430547521240296,82.00151397685313,0,0.0,0,0,50.10087619047619,59.59408129640816,2.1600732633946866,21,1028.7526380952381,1016.0028,1129.8161,1164.72002
1785552230962703500,1.0250898000012967,19.510485813023113,78.30868817531739,0,0.0,0,0,53.17087,58.014724269756684,2.1635612611194897,20,1018.877795,993.83385,1139.8263200000001,1175.231984
1785552231990074400,1.0273700000034296,20.4405423556556,82.04162996264114,0,0.0,0,0,48.92217142857143,45.43124630858307,2.1591395281332892,21,1027.150361904762,1015.5978,1121.2674,1157.66356
1785552233010041100,1.019966599997133,19.608485219080915,78.70202563517829,0,0.0,0,0,50.996355,39.37090327999353,2.151055678386145,20,1005.5181500000001,985.8634999999999,1077.92064,1112.662368
1785552234041631300,1.0315867000026628,20.35698986807972,81.70627769317153,0,0.0,0,0,49.121095238095236,48.132884221740504,2.126201321809595,21,1026.438557142857,1013.2256,1131.1057,1165.86418
1785552235053610200,1.0119741999951657,19.763349698140072,79.32360083921455,0,0.0,0,0,47.70727,46.97704964675612,2.0896659601723298,20,1018.65438,1006.87495,1119.9311300000002,1154.763906
1785552236078355200,1.0247480000034557,19.516993446127785,78.33480767928242,0,0.0,0,0,49.903525,53.41204582020678,2.0857242926357533,20,1021.366555,1009.71585,1096.3157400000002,1130.6531479999999
1785552237108994600,1.0306456999969669,20.375576204375374,81.7808771484207,0,0.0,0,0,53.107076190476185,52.47297295852317,2.0721267377740724,21,1011.108880952381,984.1348,1111.397,1145.87196
1785552238125299300,1.0162991000033799,19.679246001431554,78.98603619715203,0,0.0,0,0,49.008455,48.52685788821078,2.0716705168879237,20,1029.85578,1010.6064,1134.7705950000002,1162.901159
1785552239151084800,1.0257818999962183,20.47218809386032,82.16864557203704,0,0.0,0,0,48.01245238095238,43.81243268683696,2.0723758119066074,21,1012.515680952381,981.0678,1132.9848,1167.4979199999998
1785552240174949300,1.02386590000242,19.53380808947024,78.4022961403542,0,0.0,0,0,49.849869999999996,55.02615411106651,2.0547780963699824,20,1021.990365,1007.10655,1096.615755,1131.637391
1785552241202820200,1.0278772000019671,20.43045608946264,82.00114699969869,0,0.0,0,0,52.77937142857143,56.35570401224834,2.0654814006673154,21,1017.8209142857143,983.5372,1146.59,1183.17856
1785552242230274700,1.0274549999958253,19.465572701559935,78.12842168301887,0,0.0,0,0,51.373180000000005,47.558079621067435,2.0814617652526644,20,1028.04938,1009.9357,1116.9900300000002,1151.190486
1785552243246387400,1.0161066000000574,20.66712291800763,82.95104999317516,0,0.0,0,0,46.27690476190476,36.50929107741584,2.0762608935878353,21,1015.6456190476191,983.303,1120.376,1156.82816
1785552244270523500,1.0241329000054975,19.528715462507495,78.38185600674394,0,0.0,0,0,49.696974999999995,56.725748531192416,2.074751267185891,20,1022.2003000000001,1004.80535,1115.00985,1147.75749
1785552245294629600,1.0241123999949195,20.505561694306383,82.30259625351488,0,0.0,0,0,50.24488571428571,51.56998449362076,2.060990112332178,21,1021.3121761904762,1017.8902,1124.7805,1157.5965
1785552246325331700,1.0307035000005271,19.404222455817578,77.88218192715844,0,0.0,0,0,53.70666,48.653115193251395,2.089788424019606,20,1018.5893550000001,1002.9947500000001,1084.8168100000003,1114.5709619999998
1785552247341541300,1.0162064000032842,20.665093232961464,82.94290350339026,0,0.0,0,0,46.21751428571429,45.953472736576565,2.0832617896493866,21,1022.1407238095238,1011.9426,1154.0737,1189.8680200000001
1785552248365175100,1.0236282999976538,19.538342189294532,78.42049452929739,0,0.0,0,0,50.035855,49.88663713555148,2.0718882747573577,20,1014.598,1000.7717,1086.8189100000002,1121.911302
1785552249389881800,1.024711700003536,20.493569069161147,82.25446179126202,0,0.0,0,0,49.878366666666665,50.09458639742755,2.0638025815277268,21,1018.7686333333334,1020.2553,1101.7313,1137.27154
1785552250411825100,1.0219421000001603,19.570580368493346,78.54988800244888,0,0.0,0,0,50.26004,55.94428062277115,1.9670132391416073,20,1017.658375,996.5716500000001,1106.2905799999999,1141.4372359999998
1785552251438912500,1.0270867999934126,20.446178453597774,82.06425141043638,0,0.0,0,0,49.81059523809524,48.06698276140782,1.9656361569517828,21,1019.033161904762,1014.3823,1104.6705,1132.71746
1785552252462627800,1.0237162000048556,19.536664555963007,78.41376105957808,0,0.0,0,0,50.22747,49.36642196425356,1.9608015718641147,20,1009.4995000000001,993.4321,1084.94076,1119.5323119999998
1785552253487933500,1.0253068999954849,20.48167236570092,82.20671232717851,0,0.0,0,0,50.0483761904762,53.42535486415513,1.9630603348472424,21,1030.3104190476192,1017.5165,1120.8824,1155.33872
1785552254517045600,1.029116100005922,19.434153250430064,78.00231431569098,0,0.0,0,0,53.30969,48.869735443953445,1.9665098472427012,20,1010.6986800000001,992.40265,1100.70286,1132.6176919999998
1785552255537990600,1.0209362999958103,20.56935383734145,82.5586369838607,0,0.0,0,0,46.66370952380952,41.61958101724361,1.9595671840373232,21,1024.5115428571428,1012.9636,1108.2184,1144.32664
1785552256566767900,1.0287868000013987,19.440373846138783,78.02728174573281,0,0.0,0,0,53.490570000000005,58.53309231162452,1.9502125867908762,20,1019.8666649999999,990.0237,1144.200325,1177.710625
1785552257587758400,1.0209800000011455,20.568473427468156,82.55510330751379,0,0.0,0,0,46.64444761904762,41.75351570252042,1.969539976205187,21,1026.2560571428571,1017.2635,1107.8028,1145.05136
1785552258607091600,1.019341599996551,19.620507982866265,78.75028106404332,0,0.0,0,0,49.886855,51.270827974923364,1.964746408262545,20,1012.18731,990.1873499999999,1113.74377,1146.981154
1785552259631722000,1.024632600005134,20.49515113992545,82.26081170419297,0,0.0,0,0,51.79496666666666,54.131052219427005,1.9734795350319694,21,1021.7887857142857,1011.202,1099.7558,1136.267
1785552260655239500,1.0235067999965395,19.540661576520666,78.42980378857415,0,0.0,0,0,48.90636,39.756231397677574,1.9779573432361353,20,1003.3615,985.13355,1089.1177350000003,1118.115307
1785552261682394200,1.0271655999968061,19.471057052594233,78.15043406851787,0,0.0,0,0,53.62728499999999,57.151616128406296,1.9834558625633427,20,1028.728515,1010.8216,1121.4444199999998,1155.567204
1785552262705090000,1.0226970000003348,20.533941137984296,82.41650202843306,0,0.0,0,0,48.70036666666666,36.99870321377944,1.9964486115248739,21,1016.8473761904762,992.9267,1125.4387,1162.1619
1785552263725405400,1.0203123000028427,19.60184151454832,78.67535998515,0,0.0,0,0,49.082565,48.92613170718395,1.9971605470917528,20,1027.09314,1008.8144,1130.733705,1161.562421
1785552264749532800,1.0241204999983893,20.50539951112494,82.30194530344092,0,0.0,0,0,48.073233333333334,44.36901484053182,2.0151792666692483,21,1009.0015952380953,979.3776,1138.9288,1170.47056
1785552265774733700,1.0252028000031714,19.508335326374578,78.30005682753858,0,0.0,0,0,50.07356,53.10780865756789,2.039989108337024,20,1019.6146350000001,1005.5726500000001,1088.2124800000001,1120.332816
1785552266806996800,1.0322685999999521,20.343542368721643,81.65230384320894,0,0.0,0,0,52.818738095238096,54.20932408517446,2.0241268260190863,21,1025.1507095238096,1023.9724,1123.9517,1158.4709
1785552267822542700,1.0155420000010054,19.69391713979353,79.04492133256973,0,0.0,0,0,47.002120000000005,43.745858432561185,2.018157398788088,20,1020.57311,1003.3140000000001,1105.53142,1137.514044
1785552268846397500,1.0238525999957346,20.51076492855269,82.32348032846832,0,0.0,0,0,50.38944285714286,51.17569745748045,2.038566962613361,21,1011.6159761904762,983.8717,1131.5641,1166.16298
1785552269870552800,1.024155899998732,19.528276896149077,78.38009574528584,0,0.0,0,0,49.642810000000004,52.85209758203498,2.0394095134496606,20,1020.6633850000001,1006.3045,1097.20593,1129.220626
1785552270892340200,1.0217923000018345,20.55212199187868,82.48947401037243,0,0.0,0,0,49.96995238095238,55.62819589292483,2.0499821989410423,21,1020.5607000000001,1014.6807,1128.2562,1163.35996
1785552271925133600,1.0327959999995073,19.364908462086937,77.72438845622784,0,0.0,0,0,53.88635000000001,50.20739172431109,2.0804431156463257,20,1017.70293,1003.05215,1084.2142999999999,1119.1226199999999
1785552272942242300,1.0170994000000064,20.64694955085006,82.87008071679078,0,0.0,0,0,46.24035714285714,44.81522916256896,2.0962713436313143,21,1018.884980952381,1008.5341,1148.1925,1185.5301800000002
1785552273970416400,1.0281840000025113,19.45177127824509,78.07302729842512,0,0.0,0,0,53.712509999999995,51.793147097924674,2.0787678683401674,20,1016.85551,999.7955999999999,1096.16397,1129.667354
1785552274989829700,1.0194078999993508,20.600193504497437,82.68241728855905,0,0.0,0,0,46.56608571428571,46.27799225701441,2.096310558932894,21,1024.4603333333334,1012.6908,1149.2513,1185.53322
1785552276014781100,1.0249493000010261,19.513160309470894,78.31942272648962,0,0.0,0,0,50.099775,50.531472323950595,2.0949649950419404,20,1012.71353,998.0255500000001,1082.4966900000002,1117.2270179999998
1785552277038777400,1.0239930999960052,20.507950688419605,82.31218489199665,0,0.0,0,0,49.89754761904762,52.210947602917706,2.080275889023557,21,1022.6543238095238,1016.6319,1109.6426,1144.8225200000002
1785552278061921800,1.0231440999996266,19.54758865345292,78.4576068024331,0,0.0,0,0,50.07156,56.325025158986136,2.0500756328046674,20,1017.714775,998.6161999999999,1115.497505,1149.275021
1785552279088129300,1.0262134000004153,20.463579992223355,82.1340954765996,0,0.0,0,0,49.98764761904762,58.9154418269236,2.0496478078011786,21,1024.9038428571428,1013.8838,1141.5447,1176.20174
1785552280109453500,1.0213208999994094,19.58248382071841,78.59766455386003,0,0.0,0,0,49.84689,48.734413786897306,2.040956577571894,20,1012.594795,996.0107499999999,1080.101055,1113.2652509999998
